pathway,week,file,verdict,surface,location,current_text,issue,science_reason,severity,fix_type,proposed_text,lead_ref
BUILD,W3,SCI_B_W3B_Backbone_Detectives_Do.html,WRONG,teacher-doc,"printpack · pp #2 · Assessor Witness Statement · ""Lesson"" table row","<td style=""padding:7px 8px;border:1px solid #999"">Backbones and No Backbones — BUILD Science · Week 3 (40-min route · Do)</td>","The Assessor Witness Statement names this lesson ""Backbones and No Backbones"", which is W3A's title. This file's lesson is ""Backbone Detectives"" (<h1>Backbone Detectives</h1> on the title slide, and 'BUILD Science W3B · Backbone Detectives' as the print-pack heading two lines above the same table). The witness statement is an external-accreditation record (Pearson Entry Level Science 8939 / AQA UAS) — printing both W3A and W3B evidence under the identical lesson name makes the two sessions indistinguishable in a pupil's portfolio.","Not a science error but a records-integrity contradiction between a teacher/assessor document and the lesson it is bound into. W3A's objective is 'sort animals into those with a backbone and those without'; W3B's is 'classify unfamiliar animals using evidence about their body structure'. These are different assessed outcomes, so they must not be witnessed under one title. BUILD_DAILY_REFLECTION_EVIDENCE_WINDOW.html already stores the correct pair (""W3A"": topic ""Backbones and No Backbones"", ""W3B"": topic ""Backbone Detectives""), so the witness row is the only place that disagrees.",medium,MECHANICAL-FIX,"<td style=""padding:7px 8px;border:1px solid #999"">Backbone Detectives — BUILD Science · Week 3 (40-min route · Do)</td>",cross-pathway check 8 (teacher docs must contradict no lesson)
BUILD,W3,SCI_B_W3B_Backbone_Detectives_Do.html,AMBIGUOUS,screen,"slide data-type=""arrival"" · tier Standard · question 1","<b>1 · Last lesson:</b> Classify robin, snail and spider from the Explore lesson.","The stem asserts that robin, snail and spider came ""from the Explore lesson"". Grepping W3A: 'robin' occurs 0 times and 'spider' occurs 0 times; only 'snail' occurs (once, in I Do 2, 'Show a snail shell and a worm diagram'). W3A's named creatures are fish, crab, frog, earthworm, beetle, mouse and snail. A pupil told to recall three animals, two of which were never shown, will read the failure as their own memory failing; a TA following the retrieval script has nothing to point back to.","The classifications themselves are correct (robin = vertebrate; snail and spider = invertebrates), so this is not a science error — it is a false provenance claim inside a retrieval question. The reword keeps the transfer demand (three animals not seen in W3A is good Standard-tier stretch) while dropping the untrue 'from the Explore lesson'. Note the same stem's siblings are sound: Q2 'the fish or the worm' and Stretch Q2 'snail' / Q3 'crab' all name creatures W3A actually used.",low,ONE-LINE-REWORD,"<b>1 · Last lesson:</b> Classify robin, snail and spider using last lesson's backbone rule.",BUILD W3B Arrival retrieval lead (retrieval framing itself is CORRECT; this is a residue defect found while re-deriving it)
BUILD,W3,SCI_B_W3B_Backbone_Detectives_Do.html,AMBIGUOUS,print,"printpack · pp #1 · entry-route line (class=""pentry"")","<p class=""pentry"" style=""margin:0 0 8px;font-size:.92rem""><b>New to this class, or not sure?</b> Everything you need is in the box above — read it, then answer.</p>","Screen/print parity break in the mid-year-joiner route. On screen the sentence sits directly under the retrieval box ('Retrieve the actual previous lesson: W3A — vertebrate = internal backbone; ...'), so ""the box above"" is correct. In the print pack the same sentence is emitted before the Learning objective, the Model caveat and the 'Previous lesson retrieval:' line — so on paper the box it points at is below it, and the top of the sheet has only Name/Date.","Not a science claim, but the wording is the access route for a pupil with no prior lesson, and on the printed surface it directs them to blank space. Same wording, different referent on the two surfaces, which is exactly what the parity rule forbids.",low,MECHANICAL-FIX,"<p class=""pentry"" style=""margin:0 0 8px;font-size:.92rem""><b>New to this class, or not sure?</b> Everything you need is in the retrieval box below — read it, then answer.</p>",cross-pathway check: screen vs print parity
BUILD,W3,SCI_B_W3A_Backbones_Explore.html,AMBIGUOUS,print,"printpack · pp #1 · entry-route line (class=""pentry"")","<p class=""pentry"" style=""margin:0 0 8px;font-size:.92rem""><b>New to this class, or not sure?</b> Everything you need is in the box above — read it, then answer.</p>","Identical parity break to W3B. On screen the line follows the baseline box ('Weeks 1 and 2 were baseline. There is no previous lesson to recall — this is where the teaching starts.'); in the print pack it is emitted before the Learning objective and before that baseline text, so ""the box above"" points at the Name/Date rule.","Not a science claim; it is the joiner-access instruction, and its referent is wrong on the printed surface only. Reported for completeness because the fix should be applied to both W3 files in one pass.",low,MECHANICAL-FIX,"<p class=""pentry"" style=""margin:0 0 8px;font-size:.92rem""><b>New to this class, or not sure?</b> Everything you need is in the box below — read it, then answer.</p>",cross-pathway check: screen vs print parity
BUILD,W3,SCI_B_W3B_Backbone_Detectives_Do.html,AMBIGUOUS,teacher-doc,"printpack · pp #2 · Assessor Witness Statement · ""Observed in this lesson"" · first checkbox","<p style=""margin:0 0 5px"">☐ Located the backbone on a diagram unaided.</p>","The three observation checkboxes in W3B are byte-identical to W3A's. Checkbox 1 ('Located the backbone on a diagram unaided') is W3A success criterion 1; W3B never asks a pupil to locate a backbone on a diagram — its criteria are 'Use the backbone test rather than appearance', 'Classify a range of familiar and unfamiliar animals', 'Explain or demonstrate the evidence behind one decision'. Checkbox 3 ('Gave a reason using the word because') is likewise W3A's Standard stem; W3B says 'Justify each choice' / 'two reasons' and never uses 'because'.","Science is fine either way. The defect is that the assessor is asked to witness an outcome the lesson does not generate, so the W3B evidence record cannot capture what W3B actually assesses (transfer to unfamiliar creatures, and rejection of appearance as a valid test). Flagged PROPOSED rather than MECHANICAL because the owner may deliberately reuse one checkbox set across the week; if so, checkbox 1 should still be the one that changes.",low,PROPOSED,"<p style=""margin:0 0 5px"">☐ Classified an unfamiliar animal using structural evidence, not appearance.</p>",cross-pathway check 8 (teacher docs must contradict no lesson)
BUILD,W3,BUILD_SCIENCE_PRACTICALS_MATRIX.html,AMBIGUOUS,teacher-doc,"Practicals matrix · rows W3A and W3B · ""Digital alternative"" cell","<td data-l=""Digital"">On-screen Creature scanner in the lesson’s We Do 2 slide.</td>","The matrix names the digital alternative a ""Creature scanner"". Neither lesson contains anything called a scanner on any teaching surface — the We Do 2 widget in both files is '<h3>🔎 Creature Evidence Lab</h3>', a four-card evidence sort with two group buttons ('Every control is a button — no dragging'). A scan() function does survive in the shared script block of both files, but it is orphaned: no element with id 'animal-…'/'spine-…'/'shell-…' exists in either file, so the function can never be reached from the UI. A teacher preparing the no-equipment route from the matrix is looking for a control that is not on screen.","No science claim is affected — the Evidence Lab is scientifically clean (snake→vertebrate, snail→invertebrate, mouse→vertebrate, beetle→invertebrate in W3B; fish/frog→vertebrate, crab/earthworm→invertebrate in W3A). This is a doc-to-lesson naming contradiction that costs setup time on the access route, which is the route the matrix exists to protect.",low,PROPOSED,"<td data-l=""Digital"">On-screen Creature Evidence Lab in the lesson’s We Do 2 slide.</td>",cross-pathway check 8; analogue of the GROW W7B matrix-vs-lesson lead
BUILD,W4,SCI_B_W4A_Muscles_Explore.html,WRONG,both,"independent slide (data-type=""independent"") → .practical → .pr-cell ""Equipment""; the matching safety sentence is repeated in the aside id=""media""",Cardboard arm models; split pins; elastic bands/string; biceps/triceps labels; pre-assembled models; projector model.,"The lesson issues ELASTIC BANDS as equipment and its safety cell says ""Elastic bands stay controlled and away from faces."" The governing teacher safety document forbids elastic outright for this same practical: BUILD_SCIENCE_PRACTICALS_MATRIX.html row W4A lists equipment as ""two lengths of string or yarn"" and its Safety column reads ""Blunt pre-cut card and pre-secured fasteners only. Keep strings short and away from neck and face. No stretched elastic."" (identical row in BUILD_SCIENCE_PRACTICALS_MATRIX_PROGRESS_SCHOOLS.html). A band that drives a model arm is necessarily stretched, so the two live documents give opposite instructions to staff. Cross-pathway check 8 (teacher docs must contradict no lesson) fails here.","Not a science error in itself — a direct safety-instruction contradiction between the lesson and the practicals matrix for the same practical. The model works identically with inextensible string (the science point is that a flexible tie can only pull), so nothing scientific is lost by removing elastic; the owner must rule which document is authoritative.",high,PROPOSED,Cardboard arm models; split pins; string or yarn; biceps/triceps labels; pre-assembled models; projector model.,none — surfaced by cross-pathway check 8
BUILD,W4,SCI_B_W4B_Muscle_Model_Do.html,WRONG,both,"independent slide (data-type=""independent"") → .practical → .pr-cell ""Equipment""; the matching safety sentence is repeated in the aside id=""media""",Cardboard arm kit; split pins; string/elastic; labels; scissors if locally approved; pre-assembled spares; tablet/camera if authorised.,"Same contradiction as W4A. This lesson issues ""string/elastic"" and its safety cell says ""Elastic/string remains low tension."", while BUILD_SCIENCE_PRACTICALS_MATRIX.html row W4B lists equipment as ""two strings"" and its Safety column reads ""As W4A: short strings, no elastic snap risk, damaged parts replaced by an adult."" — i.e. elastic is excluded. The same matrix row also states ""Adult pre-punches and secures every fastener"" and imports W4A's ""Blunt pre-cut card and pre-secured fasteners only"", which sits awkwardly against the lesson's ""scissors if locally approved"" (the lesson does hedge this with ""Adult manages sharp tools if used"", so the scissors clash is weaker than the elastic one).","Safety-instruction contradiction between the lesson and the practicals matrix, not a science error. Removing elastic costs nothing scientifically: the pull-only/antagonistic-pair point is carried by any inextensible tie.",high,PROPOSED,Cardboard arm kit; split pins; string or yarn; labels; scissors if locally approved; pre-assembled spares; tablet/camera if authorised.,none — surfaced by cross-pathway check 8
BUILD,W4,SCI_B_W4A_Muscles_Explore.html,WRONG,print,".printpack → first .pp → p.pentry (the ""new to this class"" entry route). Byte-identical line in SCI_B_W4B_Muscle_Model_Do.html.","<p class=""pentry"" style=""margin:0 0 8px;font-size:.92rem""><b>New to this class, or not sure?</b> Everything you need is in the box above — read it, then answer.</p>","Screen/print parity break in the entry route for pupils new to the class. On screen the sentence sits INSIDE div.entry-route, which is placed directly BELOW the retrieval box (div.box.scaf), so ""the box above"" is accurate. In the print pack the same sentence is emitted as the third element on the page — after the h1 and the Name/Date line, but BEFORE ""Learning objective"", ""Model"" and ""Previous lesson retrieval"". On paper there is nothing above it, and the retrieval content it points to is three paragraphs below. A pupil handed the printed sheet is directed to a box that does not exist there.","Not a science error — a surface-parity/instruction defect. It disables the one scaffold the pack provides for pupils with no prior lesson, which is the access route this design depends on.",medium,MECHANICAL-FIX,"<p class=""pentry"" style=""margin:0 0 8px;font-size:.92rem""><b>New to this class, or not sure?</b> Everything you need is in the <b>Previous lesson retrieval</b> box below — read it, then answer.</p>",none — surfaced by the screen-vs-print parity check
BUILD,W4,SCI_B_W4B_Muscle_Model_Do.html,AMBIGUOUS,both,"arrival slide (data-type=""arrival"") → div.box.scaf; repeated verbatim in .printpack as ""Previous lesson retrieval""","W4A — muscles can only pull; biceps/triceps take turns contracting and relaxing. When the arm bends, the biceps (the top band) contracts and the triceps relaxes.","The retrieval box is scientifically correct and correctly retrieves W4A (question 1 at all three tiers), but the adjacent entry route promises ""Everything you need is in the box above — read it, then answer."" and arrival questions 2 and 3 at Standard and Stretch reach back to Week 3, which this box says nothing about: ""2 · Last week: Name one vertebrate and one invertebrate."", ""3 · Week 3 again: Say one way an animal with no backbone is supported."", ""2 · Last week: Give the rule that separates vertebrates from invertebrates."", ""3 · Week 3 again: Explain why size is not the test for a vertebrate."" A pupil who is genuinely ""new to this class, or not sure"" cannot answer those from the box, so the promise is false for four of the twelve arrival prompts.","No false science. The defect is that the stated access route does not cover the week-3 half of the retrieval, and W4's own arrival note (""W4 has one prior taught week, so question 3 retrieves week 3 a second time"") makes the week-3 questions a permanent feature, not an accident.",low,PROPOSED,"W4A — muscles can only pull; biceps/triceps take turns contracting and relaxing. When the arm bends, the biceps (the top band) contracts and the triceps relaxes. From W3: a vertebrate has a backbone inside; an invertebrate has none and is held up by a hard outer case or by fluid.","extension of the BUILD W3B arrival-framing lead (retrieval, not baseline) — the framing here is correct; only the box's coverage is short"
BUILD,W4,SCI_B_W4A_Muscles_Explore.html,AMBIGUOUS,both,"arrival slide (data-type=""arrival"") → div.box.scaf; repeated verbatim in .printpack as ""Previous lesson retrieval""",Aut1·W3 — vertebrates have an internal skeleton/backbone that provides structure.,"Same gap as W4B, one tier deep. The box states only the vertebrate half, but the arrival asks the invertebrate half at Standard and Stretch: ""3 · Week 3 again: Say how a crab is supported with no backbone."" and ""3 · Week 3 again: Explain one way an invertebrate is held up without a backbone."" The entry route claims ""Everything you need is in the box above"". For comparison, W3B's own box does carry both halves: ""W3A — vertebrate = internal backbone; invertebrates can use shells, hard outer cases or fluid support.""","The statement present is scientifically correct; it is simply incomplete relative to the questions the same slide asks, so the declared support route does not hold.",low,PROPOSED,Aut1·W3 — vertebrates have an internal skeleton/backbone that provides structure; invertebrates have no backbone and use a hard outer case or fluid support instead.,extension of the BUILD W3B arrival-framing lead
BUILD,W4,SCI_B_W4A_Muscles_Explore.html,AMBIGUOUS,screen,"We Do 2 slide (data-type=""wedo"", Muscle Pair Lab) → mDraw() default/no-direction branch, which is what runs on load (mDraw(0,null)) and after ↺ RESET. Byte-identical line in SCI_B_W4B_Muscle_Model_Do.html.",else{bi.textContent='Biceps: look after a movement';tri.textContent='Triceps: look after a movement'},"The intended reading is ""look, after a movement"", but ""look after"" is a fixed English phrase meaning ""take care of"". For the SEND cohort this file is written for — and for the text-to-speech route the same file provides — the readout is most naturally parsed as ""the biceps looks after a movement"", which asserts something false about what a muscle does. It is also inconsistent with the static HTML it overwrites on load (""Biceps: press a control first"").","Read the natural way, the string attributes a controlling/caretaking role to the biceps rather than the pull it actually exerts, which cuts against the lesson's one science rule (""A muscle can only PULL"").",low,ONE-LINE-REWORD,"else{bi.textContent='Biceps: move the model, then look';tri.textContent='Triceps: move the model, then look'}",none
BUILD,W4,SCI_B_W4B_Muscle_Model_Do.html,AMBIGUOUS,print,".printpack → second .pp → div#print-witness → Assessor Witness Statement, ""Lesson"" table row",Muscles Work in Pairs — BUILD Science · Week 4 (40-min route · Do),"The row is labelled ""Lesson"" but names W4A's title. This file's lesson is ""Build a Working Muscle Model"" (its own <title>, print h1 and LO all say so). The three ""Observed in this lesson"" ticks are likewise W4A's (""Named biceps and triceps as a working pair. / Stated that muscles pull and never push. / Demonstrated contract / relax on a model."") and do not cover W4B's own success criterion ""Explain one strength and one limitation of the model"". This is a suite-wide convention, not a one-off: every B lesson (W3B, W5B, W6B, W7B) carries its A partner's title and tick list, so it looks like a deliberate week-level witness sheet — but the field label says ""Lesson"" and the route suffix says ""· Do"", so as printed it misidentifies the session on an awarding-body evidence record (Pearson Entry Level Science 8939).","No science error. An assessment-record accuracy issue: the witness statement names a different lesson from the one it is bound to, and omits the limitation criterion W4B actually assesses.",low,PROPOSED,Build a Working Muscle Model — BUILD Science · Week 4 (40-min route · Do),none — surfaced by cross-pathway check 8
BUILD,W5,SCI_B_W5B_Nutrition_Mission_Do.html,WRONG,print,"printpack · pp 2 · Assessor Witness Statement · ""Lesson"" table row","<td style=""padding:7px 8px;border:1px solid #999"">What a Body Needs — BUILD Science · Week 5 (40-min route · Do)</td>","The printed assessor witness statement in W5B names the lesson as ""What a Body Needs"", which is the W5A lesson. Every other surface of this file (browser title, title slide h1, printpack h1, evidence capture sheet, index.html, the daily-reflection window) names it ""Nutrition Mission"". The witness statement is the awarding-body evidence record (Pearson Entry Level Science 8939 / AQA UAS), so the wrong lesson name is carried into the assessment file.","Not a science error in itself, but a self-contradiction across surfaces of the same lesson: the assessor record attributes the observed work to a different lesson (W5A, LO 'name different jobs food helps a body to do'), whose objective is not what W5B assesses ('use food-job information to make and explain a sensible scientific choice').",medium,MECHANICAL-FIX,"<td style=""padding:7px 8px;border:1px solid #999"">Nutrition Mission — BUILD Science · Week 5 (40-min route · Do)</td>",none — found in the bytes during the parity sweep
BUILD,W5,SCI_B_W5B_Nutrition_Mission_Do.html,AMBIGUOUS,print,"printpack · pp 2 · Assessor Witness Statement · ""Observed in this lesson"" checkboxes","<p style=""margin:0 0 5px"">☐ Named at least two jobs that food does.</p>
<p style=""margin:0 0 5px"">☐ Matched foods to jobs on the sort.</p>
<p style=""margin:0 0 5px"">☐ Explained why variety matters using 'because'.</p>","W5B's witness checkboxes are byte-identical to W5A's and describe W5A's outcomes (naming jobs, matching foods to jobs, explaining variety with 'because'). They do not match W5B's stated success criteria on the same file's title slide — ""Choose examples that cover different jobs or species needs"", ""Explain choices without personal diet judgement"", ""Change a choice when new evidence shows a better match"" — nor its Exit tiers (point to a card and give its job / explain one choice using a body job / explain how feedback changed or strengthened one decision). Nothing on the W5B tick-list captures the revision-after-feedback outcome the whole lesson is built to evidence.","The assessor record must record what the lesson actually elicits. W5B's Science is claim → evidence → revise; 'explained why variety matters using because' is W5A's Stretch outcome and is not taught or asked anywhere in W5B, so a tick against it is unevidenced.",medium,PROPOSED,"<p style=""margin:0 0 5px"">☐ Chose examples that cover more than one body job.</p>
<p style=""margin:0 0 5px"">☐ Explained a choice using a body job, not a judgement.</p>
<p style=""margin:0 0 5px"">☐ Changed or strengthened a choice after adult feedback.</p>",none — found in the bytes during the teacher-doc consistency check
BUILD,W5,SCI_B_W5A_Body_Needs_Explore.html,AMBIGUOUS,screen,"independent slide · .practical .pr-cell ""Safety / sensory"" (and the identical copy in the Media aside, .box.scaf ""BUILD protection rule"")","No tasting. Check allergy/sensory context before real packaging enters the room. Zero calorie, weight, restriction or ‘good/bad food’ language.","This line contemplates real food packaging entering the room (conditional on an allergy/sensory check). BUILD_SCIENCE_PRACTICALS_MATRIX.html (and the PROGRESS_SCHOOLS copy) states for the W5A row: ""Printed fictional resources only: no tasting, no real food, no allergy exposure, no personal-meal questions."" — and the W6 row makes the intent explicit with ""no real food or packaging"". The lesson's own Equipment cell lists only ""Food picture cards/clean unopened packaging images"", i.e. images, not physical packaging. So the teacher doc and the lesson give staff two different answers on whether real packaging may be brought in.","Safeguarding/allergy contradiction between a teacher doc and the live lesson on the same practical, in a SEND setting where the matrix is the authority staff prepare from. The three surfaces should state one rule.",medium,PROPOSED,"No tasting. Printed cards and images only — no real food or packaging in the room. Zero calorie, weight, restriction or ‘good/bad food’ language.",none — surfaced by cross-pathway check 8 (teacher docs must contradict no lesson)
BUILD,W5,SCI_B_W5A_Body_Needs_Explore.html,DISTRACTOR-BY-DESIGN,both,"exit slide · data-tier=""Supported"" (screen) and printpack pp 2 ""Supported:"" (print) — identical bytes",Which job can bread/rice help with: energy / backbone?,"The stem asks for a job, but one of the two offered answers (""backbone"") is a body structure from W3, not a job. The intended answer, energy, is unambiguous and is exactly what the We Do 2 carbohydrate evidence card supports.","Not scientifically false: at Supported tier a two-way forced choice where the lure is a category-mismatch retrieval item from W3 is a legitimate maximum-access design, and it cannot be answered wrongly by a pupil who has the Science. Screen and print wording match byte for byte.",low,NO-ACTION,,none
BUILD,W6,SCI_B_W6A_Balanced_Plate_Explore.html,WRONG,screen,"slide data-type=""wedo"" (We Do · everyone commits), the .soft wrapper's data-h retry feedback","Balance is a pattern, not five identical sections or a ban list.","The retry feedback names FIVE sections, but this lesson's plate model has FOUR groups throughout: the hero SVG paints four sectors labelled FRUIT & VEG / STARCHY / PROTEIN / DAIRY / ALT., the Food Pattern Lab offers exactly four targets (fruitveg, starchy, protein, dairy), and the success criterion is 'Name the groups shown on the lesson plate.' A pupil who answers wrongly is corrected with a number that contradicts the model in front of them. (The Eatwell Guide's five segments include oils & spreads, which this lesson deliberately does not teach.)","Self-contradictory within the lesson: the taught model has four groups, so 'five identical sections' is factually wrong about the model being described. The pedagogical point (balance is not equal portions) is correct and is preserved by correcting the number.",medium,MECHANICAL-FIX,"Balance is a pattern, not four identical sections or a ban list.",
BUILD,W6,SCI_B_W6A_Balanced_Plate_Explore.html,AMBIGUOUS,both,"slide data-type=""arrival"", Supported tier, question 3 (Older learning); repeated verbatim in the printpack 'Arrival (Supported forms)' line as item 3",Point to the muscle that contracts in the model.,"In the W4 model arm both muscles contract — the biceps contracts to bend, the triceps contracts to straighten — so as written the question has two defensible answers and no way to mark it. The same retrieval prompt in the sibling lesson SCI_B_W5A_Body_Needs_Explore.html is written correctly as 'Point to the muscle that contracts to bend the arm.' and the in-file arm() model confirms both states ('Bend: biceps pulls…' / 'Straighten: triceps pulls. The jobs swap.'). This is the Supported tier, where a pupil pointing at the triceps would be told they were wrong on a question that permits it.",Antagonistic muscle pairs alternate: neither muscle is 'the' one that contracts. Naming the movement fixes the referent without raising demand.,medium,MECHANICAL-FIX,Point to the muscle that contracts to bend the arm.,
BUILD,W6,SCI_B_W6A_Balanced_Plate_Explore.html,WRONG,screen,"slide data-type=""independent"", .practical > .pr-cell 'Safety / sensory'; identical sentence repeated in the <aside class=""media""> 'BUILD protection rule' box",Check allergies before real packaging is handled.,"Cross-check 8 (teacher docs must contradict no lesson) fails here. BUILD_SCIENCE_PRACTICALS_MATRIX.html and BUILD_SCIENCE_PRACTICALS_MATRIX_PROGRESS_SCHOOLS.html both state for W6A: 'Printed fictional resources only — no tasting, no real food or packaging, no allergy exposure.' The lesson instead permits real packaging to be handled. The lesson also contradicts itself: its own Equipment cell lists 'optional unopened packaging images.' (images), not real packs. Two occurrences of this sentence in the file.","Not a science error but a safety/safeguarding contradiction between the practicals matrix (authority for equipment and hazard) and the live lesson, in a SEND setting where allergen exposure is the controlled risk. The matrix and the lesson's own equipment list agree on images; the safety line is the outlier.",medium,ONE-LINE-REWORD,Use printed packaging images only — no real food or packaging in the room.,
BUILD,W6,SCI_B_W6B_Balanced_Plate_Do.html,WRONG,screen,"slide data-type=""wedo"" (We Do · everyone commits), commit-before-reveal stem",What is the best improvement to an unlabeled plate model?,"US spelling in a file declared lang=""en-GB"" that uses the UK form 'labelled' four times elsewhere (success criteria 'Build a labelled model…', Supported route 'The plate sections are labelled for you.'). The stem is displayed on screen and is read aloud by the speech route.",Not a science error; an internal spelling inconsistency in live UK teaching material where the same root word is spelled both ways within one lesson.,low,MECHANICAL-FIX,What is the best improvement to an unlabelled plate model?,
BUILD,W6,SCI_B_W6A_Balanced_Plate_Explore.html,AMBIGUOUS,print,"printpack, second .pp page, Assessor Witness Statement, 'Observed in this lesson' checklist, item 2",☐ Sorted eight foods into correct groups.,"The Supported route in the same pack is explicitly six cards ('◆ Use a plate mat. It has group names and icons. Sort a set of six cards.'); only Standard uses eight ('▲ Place all eight cards.'). A pupil who works the Supported route and sorts all six correctly can never have this observable ticked, so the witness statement under-records them on the tier the pack itself directed them to. The identical byte is present in SCI_B_W6B_Balanced_Plate_Do.html (whose routes never specify a card count at all) — apply any fix to both files.",The assessment record fixes a quantity the differentiated routes deliberately vary; removing the number keeps the observable true at every tier while the 'Ring the tier the pupil actually worked at' table already records the level.,low,PROPOSED,☐ Sorted foods into correct groups.,
BUILD,W6,SCI_B_W6A_Balanced_Plate_Explore.html,AMBIGUOUS,print,"printpack, first .pp page, <p class=""pentry""> immediately under the Name/Date line","<p class=""pentry"" style=""margin:0 0 8px;font-size:.92rem""><b>New to this class, or not sure?</b> Everything you need is in the box above — read it, then answer.</p>","Screen/print parity break in the deixis. On screen the same sentence sits in the .entry-route div directly BELOW the 'Retrieve the actual previous lesson' box, so 'the box above' is correct. On the printed pack the sentence is placed second on the sheet — above the objective, the model note and the retrieval paragraph — so 'the box above' points at the Name/Date rule and the retrieval content it means is three paragraphs BELOW. The identical byte is present in SCI_B_W6B_Balanced_Plate_Do.html, and the pattern is template-wide across the BUILD v3 pack (W3A, W5B, W7B all carry it), so the owner may prefer a single template fix.","Not a science error; a printed instruction that directs a new or uncertain pupil to the wrong place on the page, which is exactly the pupil the entry route exists for.",low,ONE-LINE-REWORD,"<p class=""pentry"" style=""margin:0 0 8px;font-size:.92rem""><b>New to this class, or not sure?</b> Everything you need is in the previous-lesson box further down this sheet — read it, then answer.</p>",
BUILD,W7,SCI_B_W7A_Food_Sources_Explore.html,OVER-PITCHED,both,"data-type=""independent"" · Stretch route (class=""route h"") AND printpack proute stretch — identical bytes on both surfaces",Build two paths. Then take one food source away. What would change? Say what might happen next.,"The first clause still uses over-certain prediction language. ""What would change?"" asserts that a determinate change follows from removing a food source, and it sits oddly against the second clause, which has already been softened to ""might"". The sister lesson W7B states the correct epistemic stance explicitly (""the chain evidence suggests could happen next. A model suggests — it cannot prove""), so W7A is out of step with its own pair. Screen and print carry the same bytes, so both occurrences need the same edit to preserve parity.","A three-link teaching chain is a simplified model of a food web. Removing one food source in a real habitat may produce several outcomes (the consumer switches food source, moves, its population falls) or, where alternative routes exist, little measurable change. The lesson's own model caveat on the I Do 2 slide already says ""A three-link chain is a simple model. Real feeding is a bigger web, and it can change"" — so asserting a definite consequence contradicts the caveat the same lesson supplies.",medium,ONE-LINE-REWORD,Build two paths. Then take one food source away. What might change? Say what could happen next.,BUILD W7A: 'What would change? Say what would happen next.' should be 'What might change? Say what could happen next.'
BUILD,W7,SCI_B_W7B_Food_Chain_Do.html,OVER-PITCHED,screen,"data-type=""ido"" · ""I Do 2 · connect the second idea"" · third model-step in div id=""W7B-2""",Model a stretch question: what happens if one food source becomes unavailable?,"The teacher-modelled stretch question uses certain language (""what happens if""), which undercuts the hedged wording this lesson uses everywhere else. The Independent Stretch route and the Exit Stretch stem in the same file both say ""the chain evidence suggests could happen"", and the model caveat directly below on the same slide says the chain ""cannot prove what a real habitat would do"". The modelled question therefore teaches a stronger claim than the task it is modelling for. Screen only — this step is not carried into the print pack.","A single three-link chain supports inference, not prediction of a determinate outcome. If a food source becomes unavailable the consumer may switch prey, relocate, or decline — the model constrains none of these. The correct modelled command is tentative, matching the caveat already on the same slide.",medium,ONE-LINE-REWORD,Model a stretch question: what might happen if one food source becomes unavailable?,BUILD W7B I Do 2: 'what happens if...' should be 'what might happen if...'
BUILD,W7,SCI_B_W7A_Food_Sources_Explore.html,AMBIGUOUS,teacher-doc,"printpack · div id=""print-witness"" · Assessor Witness Statement · ""Observed in this lesson"" checklist, item 1",☐ Identified producer and consumer correctly.,"The assessor is asked to witness a pupil identifying a ""producer"" and a ""consumer"", but neither word appears anywhere else in W7A or in W7B — ""producer"" and ""consumer"" occur exactly once per file, only in this checkbox. The taught vocabulary is FOOD SOURCE, FOOD CHAIN and the lab's slot labels ""1 · FOOD SOURCE"" / ""2 · ANIMAL THAT EATS IT"". Every other week in this pack ties its witness checklist to vocabulary the lesson actually teaches (W3 vertebrate/invertebrate, W4 biceps/triceps, W5 food jobs, W6 food groups), so W7 is the single break in the convention. A teacher completing the record either ticks a term never introduced or leaves the box unticked for a pupil who met the objective.","""Producer"" and ""consumer"" are correct ecology terms but sit a level above the taught model: W7 stops at ""plants can make their own food; animals must obtain food by eating"", which is the precursor to producer/consumer, not the same statement. Assessing against an unintroduced term misrecords what was observed.",medium,MECHANICAL-FIX,☐ Identified the food source and the animal that eats it.,cross-pathway check 8 — teacher docs / assessor records must contradict no lesson
BUILD,W7,SCI_B_W7B_Food_Chain_Do.html,AMBIGUOUS,teacher-doc,"printpack · div id=""print-witness"" · Assessor Witness Statement · ""Observed in this lesson"" checklist, item 1",☐ Identified producer and consumer correctly.,"Same defect as W7A. ""producer"" and ""consumer"" appear exactly once in this file — in this checkbox — and are taught nowhere in W7A or W7B. W7B's own key words are RELATIONSHIP, REVISE and FOOD CHAIN, and its lab labels the slots ""1 · FOOD SOURCE"" and ""2 · ANIMAL THAT EATS IT"". The two neighbouring checkboxes (""Read the arrow as 'is eaten by'"" and ""Built a correctly ordered food chain"") do match the lesson, so only this line is out of range.","The terms are ecologically correct but pitched above the model W7 teaches. W7 establishes only the plant/animal food-getting contrast; naming trophic roles is the next step, not this one. Witnessing against it records something the lesson never gave the pupil a route to demonstrate.",medium,MECHANICAL-FIX,☐ Identified the food source and the animal that eats it.,cross-pathway check 8 — teacher docs / assessor records must contradict no lesson
BUILD,W7,SCI_B_W7A_Food_Sources_Explore.html,AMBIGUOUS,screen,"data-type=""wedo"" · ""We Do 2 · interactive lab"" · Habitat Link Lab · chData caterpillar scenario (the default chain in W7A), middle card","[""caterpillar"", ""🐛 Caterpillar"", ""Supplied evidence: bird eats the caterpillar."", ""slot2""]","The lab instruction states ""Choose one card. The supplied evidence on the card tells you its place."" but the middle card's evidence string is identical to the third card's evidence string — the bird card also reads ""Supplied evidence: bird eats the caterpillar."" Read literally, that evidence describes the bird doing the eating, which is the justification for slot3, so a pupil following the stated rule can reasonably press ""3 · NEXT ANIMAL / LINK"" for the caterpillar. The widget then returns ""Check the supplied evidence on the card. Which place does it support?"", which is unanswerable, because the supplied evidence does not on its own support slot2. The same pattern occurs in this file's rabbit scenario, where the rabbit card reads ""Supplied evidence: fox eats rabbit in this simplified supplied example."" — again describing the third card's relationship. The code enforces one unique target per card (data-correct is distinct for every card and slabPlace accepts only an exact match), so the sorting logic is sound; it is the supplied reasoning that is under-determined.","To sit at position 2 (""ANIMAL THAT EATS IT"", i.e. the animal that eats the position-1 food source) the caterpillar needs evidence that it eats the leaf. The evidence currently on the card only establishes that something eats the caterpillar. Requiring the pupil to infer the middle position from being prey alone is an inference the lesson never models, and at BUILD pitch an identical string on two cards removes the discriminating cue the lesson promises.",medium,ONE-LINE-REWORD,"[""caterpillar"", ""🐛 Caterpillar"", ""Supplied evidence: the caterpillar eats the leaf, and a bird eats the caterpillar."", ""slot2""]",cross-pathway check 2 — every sort/match card has exactly ONE correct target
BUILD,W7,SCI_B_W7B_Food_Chain_Do.html,AMBIGUOUS,screen,"data-type=""wedo"" · ""We Do 2 · interactive lab"" · Habitat Link Lab · chData rabbit scenario (the default chain in W7B), middle card","[""rabbit"", ""🐇 Rabbit"", ""Supplied evidence: fox eats rabbit in this simplified supplied example."", ""slot2""]","Same defect as W7A, and more exposed here because W7B boots into the rabbit chain (the lab script ends with chScenario('rabbit')). The instruction is ""Choose one card. The supplied evidence on the card tells you its place."", but the rabbit card's evidence describes the fox eating the rabbit — which is the fox card's own justification for slot3 (the fox card reads ""Supplied evidence: fox eats rabbit in this example.""). Nothing on the rabbit card states that the rabbit eats grass, which is what places it at slot2. This file's caterpillar scenario has the same shape (""Supplied evidence: bird eats caterpillar."" appears on both the caterpillar and bird cards). Card-to-target mapping in code is unique, so the sort itself is sound.","Position 2 is ""ANIMAL THAT EATS IT"" — the animal that eats the position-1 food source. Justifying that position requires evidence of the rabbit feeding on grass. Evidence that the rabbit is itself eaten supports only the claim that the rabbit is not the top link, an inference the lesson does not model, and it is stated in near-identical terms on the card that belongs at slot3.",medium,ONE-LINE-REWORD,"[""rabbit"", ""🐇 Rabbit"", ""Supplied evidence: the rabbit eats grass, and a fox eats the rabbit in this simplified supplied example."", ""slot2""]",cross-pathway check 2 — every sort/match card has exactly ONE correct target
GROW,W3,SCI_G_W3A_Friction_Explore.html,WRONG,both,"data-type=""independent"" · PRACTICAL READY practical-cell ""Equipment""; identical bytes repeated in the Media & Practical Ready drawer (aside#v3MediaDrawer)","Trainer sole or rubber, smooth plastic/laminate, fabric/carpet, rough card/sandpaper, everyday friction picture cards.","The W3A equipment list offers sandpaper, but the pathway's own safety authority document forbids it. GROW_SCIENCE_PRACTICALS_MATRIX.html (and the PROGRESS_SCHOOLS copy), W3A row, Safety column, states verbatim: ""Light block only, worked inside the tray. Keep the floor clear. Do not use sandpaper — its cut edge abrades skin."" The lesson names sandpaper as core equipment in two places; TEACHER_IMPLEMENTATION_GUIDE.html and index.html carry the same string a third and fourth time. A staff member reading the lesson issues sandpaper; a staff member reading the matrix bans it. Cross-pathway check 8 fails.","Not a science error but a safety-instruction contradiction inside live SEND material. The matrix is the declared safety authority (""No CLEAPSS approval is claimed... local risk assessment""), so the lesson must not advertise an item the matrix prohibits. Rough card alone delivers the identical friction comparison, so nothing scientific is lost by removing it.",high,MECHANICAL-FIX,"Trainer sole or rubber, smooth plastic/laminate, fabric/carpet, rough card, everyday friction picture cards.",cross-pathway check 8 (teacher docs must contradict no lesson)
GROW,W3,SCI_G_W3A_Friction_Explore.html,WRONG,both,"data-type=""independent"" · WORD HELP bridge for the term ""friction""; repeated in the print pack WORD HELP box as ""<b>friction</b> — the rub that slows things down""","<span class=""wh-bridge"" hidden>the rub that slows things down</span>","The WORD HELP bridge defines friction as the thing that slows movement — which is precisely the misconception this lesson exists to repair. The same file's SCIENCE GLITCH repair states: ""Repaired. Friction is not good or bad on its own. The same force that slows a slide is what lets you walk, brake and hold a pencil."" The TA overlay ONE SCIENCE RULE says ""Friction acts against relative motion between touching surfaces"", and the I Do models ""friction is a contact force that acts against sliding or attempted sliding"". The bridge contradicts all three, and the pupil-facing bridge is the version a struggling pupil will actually take away.","Friction does not only slow things down: it is what accelerates a walker forward, holds a pencil and lets a tyre grip. ""Rub"" also excludes static friction, which the I Do explicitly teaches as ""attempted sliding"". Cross-pathway check 3 requires bridges to be scientifically faithful; this one is narrower than, and opposed to, the lesson's own core claim.",medium,ONE-LINE-REWORD,"<span class=""wh-bridge"" hidden>when two touching surfaces push against sliding</span>",cross-pathway check 3 (WORD HELP bridges scientifically faithful)
GROW,W3,SCI_G_W3A_Friction_Explore.html,WRONG,screen,"data-type=""arrival"" · scaffold-box below all three tier panels","<b>Rule:</b> Arrival retrieves three times and then leads in. R1 is last lesson, R2 is the previous week, R3 is older material, and the lead-in opens today without teaching today’s concept.","Self-contradiction on the same slide. Six lines above, the retr-declare states: ""Weeks 1 and 2 were baseline. No science has been taught yet, so all three retrieval prompts ask what you already know from outside school. Nothing before this lesson is being recalled."" Every R1/R2/R3 badge on all three tiers is headed ""What you already know"". The Rule box tells staff R1 recalls last lesson and R2 the previous week — neither exists. This is boilerplate that was not localised for the first taught week.","Not a science claim, but a factual statement about the lesson sequence that is false as written and contradicts the declared framing in the box directly above it. TEACHER_IMPLEMENTATION_GUIDE.html confirms the declared framing: ""Autumn 1 W1–W2 were baseline weeks. No science was taught in them, so the W3 lesson opens from what pupils already know rather than from a previous lesson.""",medium,ONE-LINE-REWORD,"<b>Rule:</b> Arrival retrieves three times and then leads in. Weeks 1 and 2 were baseline, so R1, R2 and R3 all ask what you already know, and the lead-in opens today without teaching today’s concept.",retrieval-framing check applied to GROW W3A
GROW,W3,SCI_G_W3B_Friction_Do.html,WRONG,screen,"data-type=""arrival"" · scaffold-box below all three tier panels","<b>Rule:</b> Arrival retrieves three times and then leads in. R1 is last lesson, R2 is the previous week, R3 is older material, and the lead-in opens today without teaching today’s concept.","Same unlocalised boilerplate as W3A. W3B's own retr-declare states: ""Week 3 is the first taught week. R1 recalls last lesson. R2 and R3 have no earlier taught science to reach, so they ask what you already know. This is declared, not hidden."" R1 is correctly badged ""Last lesson"" on all three tiers, but R2 and R3 are badged ""What you already know"". The Rule box claims R2 is the previous week and R3 is older material — there is no previous week of taught science to reach.","A false statement about the lesson sequence that contradicts the declaration on the same slide. The R1 half of the Rule is correct here (unlike in W3A), so only the R2/R3 clause needs repair.",medium,ONE-LINE-REWORD,"<b>Rule:</b> Arrival retrieves three times and then leads in. R1 is last lesson; R2 and R3 reach back to what you already know because no earlier science has been taught, and the lead-in opens today without teaching today’s concept.",retrieval-framing check applied to GROW W3B
GROW,W3,SCI_G_W3B_Friction_Do.html,WRONG,print,"print pack · second print-page · #print-witness Assessor Witness Statement · ""Lesson"" table row",Friction: Friend and Enemy — GROW Science · Week 3 (40-min route · Do),"The witness statement in W3B names the W3A lesson. W3B's own <h1> is ""Friction: Test the Surfaces"" and its <title> is ""GROW Science W3B · Do · Friction: Test the Surfaces"". The assessor record that goes into a Pearson Entry Level 8939 / AQA UAS evidence file therefore records the wrong lesson title against the observed work.","An awarding-body evidence record must identify the session it witnesses. W3A's copy of this row is correct (""…· Week 3 (40-min route · Explore)"" against h1 ""Friction: Friend and Enemy""), which shows the W3B row was left unedited when the title was changed.",medium,MECHANICAL-FIX,Friction: Test the Surfaces — GROW Science · Week 3 (40-min route · Do),cross-pathway check 8 (assessment doc must not contradict its lesson)
GROW,W3,SCI_G_W3A_Friction_Explore.html,AMBIGUOUS,print,"print pack · second print-page · #print-witness · first ""Observed in this lesson"" checkbox. Identical bytes appear at the same anchor in SCI_G_W3B_Friction_Do.html and need the same edit.",☐ Defined friction as a force between rubbing surfaces.,"The assessed criterion says ""rubbing surfaces""; the lesson taught ""touching surfaces"". W3A's success criterion is ""I can state that friction acts between touching surfaces"", the I Do models ""a contact force that acts against sliding or attempted sliding"", and the TA ONE SCIENCE RULE says ""between touching surfaces"". A pupil who gives the taught answer has not met the criterion as worded, and a pupil who says ""rubbing"" has stated something narrower than what was taught.","""Rubbing"" implies relative motion and so excludes static friction — the ""attempted sliding"" case the I Do explicitly teaches. Friction acts between surfaces that touch, whether or not they are moving. The witness record should mirror the success criterion it evidences.",medium,ONE-LINE-REWORD,☐ Defined friction as a force between touching surfaces.,cross-pathway check 8 (assessment doc must not contradict its lesson)
GROW,W3,SCI_G_W3B_Friction_Do.html,MODEL-CAVEAT-OK,both,"data-type=""ido"" (I Do 1) · model-limit .ml-yes row; repeated verbatim in the print pack model box","It lets you compare surfaces side by side when every surface gets the same release, so the surface is the only thing you changed.","Mild internal tension with its own paired ✘ row, which reads ""It leaves out how evenly each surface was laid, the friction inside the wheels, and the air pushing back on the car."" How evenly each surface was laid IS a difference between the surfaces, so the ✔ row's flat claim that the surface is the only thing that changed is contradicted two lines later. Secondary: the caveat describes the practical procedure, while the diagram it sits under is the static grip/motion/brake SVG, which shows no side-by-side surface comparison.","The ✘ row is correct and the ✔ row is correct about intent but overstated about fact — controlling the release controls what you meant to change, not everything that varied. One word restores the honesty the ✘ row is aiming for and matches the lesson's own Stretch prompt ""You try to keep the method the same. What might still vary?""",low,ONE-LINE-REWORD,"It lets you compare surfaces side by side when every surface gets the same release, so the surface is the only thing you meant to change.",cross-pathway check 4 (model-limitation caveats are themselves true)
GROW,W3,SCI_G_W3A_Friction_Explore.html,OVER-PITCHED,print,print pack · first print-page · the four arrival prompts (R1/R2/R3/Lead-in). Same structure in SCI_G_W3B_Friction_Do.html.,<b>R1 · What you already know:</b> Name one thing that is hard to push along the floor. Say why you think it is hard.,"printTier() only filters .print-route blocks (CSS: body[data-print-tier] .print-route{display:none} plus the three per-tier overrides). The arrival prompts carry no tier class, so all three printed packs — including ""🖨 ◆ Supported pack"" — print the Standard-tier retrieval wording. A Supported pupil's printed sheet asks ""Name one thing that is hard to push along the floor. Say why you think it is hard."" where the screen would give them ""Point to something here that would be hard to slide along the floor."" The independent route on the same sheet is correctly Supported, so the sheet is internally mismatched in pitch.","No science is wrong; the Science goal is identical across tiers by design. But the printed Supported pack silently raises the response demand from point/show to name-and-justify, which is the access difference the tiering exists to remove. This is a suite-wide design decision (all ten v3 files behave this way), so the owner should rule rather than a mechanical patch being applied to W3 alone.",low,PROPOSED,,screen vs print parity check
GROW,W5,SCI_G_W5B_Fair_Test_Do.html,WRONG,print,print-pack · print-page 1 · div.print-route.supported (Supported independent route),"<div class=""print-box"">◆ Prepared table + marked release point + adult reads sequence aloud when needed.</div>
<h3>Scaffold</h3><div class=""print-box"">Sequence card: set → release → measure → record → reset. Keep the next step visible, not the whole method. Conclusion: ‘As ___ changed, ___. My evidence is ___.’</div>","SCREEN/PRINT PARITY BREAK. The screen Supported route card reads '◆ Prepared table + marked release point. An adult reads each step aloud.' with scaffold 'Sequence card: set → release → measure → record → reset. Show only the next step. Cover the rest of the method. Conclusion stem: ‘As ___ changed, ___ changed. My evidence for this is ___.’'. The print pack carries different wording AND a different conclusion sentence frame. The printed frame ‘As ___ changed, ___.’ drops the second verb, so a pupil filling the printed sheet is asked to write a different sentence from the one modelled on the board.","The conclusion stem is the pupil's scientific product. 'As ___ changed, ___ changed' forces the pupil to state a dependent-variable response, which is the whole learning objective ('decide what the data shows'). The truncated printed frame ‘As ___ changed, ___.’ can be completed without naming any change in the measured variable, so the printed route no longer evidences the objective the screen route evidences. Two surfaces of the same lesson must ask for the same sentence.",medium,MECHANICAL-FIX,"<div class=""print-box"">◆ Prepared table + marked release point. An adult reads each step aloud.</div>
<h3>Scaffold</h3><div class=""print-box"">Sequence card: set → release → measure → record → reset. Show only the next step. Cover the rest of the method. Conclusion stem: ‘As ___ changed, ___ changed. My evidence for this is ___.’</div>",
GROW,W5,SCI_G_W5B_Fair_Test_Do.html,WRONG,print,print-pack · print-page 1 · div.print-route.standard (Standard independent route),"<div class=""print-box"">▲ Three repeats with units + evidence-based conclusion.</div>
<h3>Scaffold</h3><div class=""print-box"">Conclusion: ‘As ___ changed, ___. My evidence is ___.’</div>","SCREEN/PRINT PARITY BREAK. Screen Standard route card is '▲ Three repeats with units + a clear conclusion. Base it on your results.' with scaffold 'Conclusion stem: ‘As ___ changed, ___ changed. My evidence for this is ___.’'. The print pack carries older, unsimplified wording and the same truncated conclusion frame as the Supported print route.","Same defect as the Supported route: the printed sentence frame no longer requires the pupil to state what happened to the measured (dependent) variable, which is the assessed conclusion skill for W5B. The task instruction also differs in meaning — the screen explicitly requires the conclusion to be based on the pupil's own results, the print does not.",medium,MECHANICAL-FIX,"<div class=""print-box"">▲ Three repeats with units + a clear conclusion. Base it on your results.</div>
<h3>Scaffold</h3><div class=""print-box"">Conclusion stem: ‘As ___ changed, ___ changed. My evidence for this is ___.’</div>",
GROW,W5,SCI_G_W5B_Fair_Test_Do.html,WRONG,print,print-pack · print-page 1 · div.print-route.stretch (Stretch independent route),"<div class=""print-box"">★ Calculate means, identify unusual variation and evaluate one specific improvement.</div>
<h3>Scaffold</h3><div class=""print-box"">Evaluation: ‘The result I trust least is ___ because ___. I would improve ___ by ___.’</div>",SCREEN/PRINT PARITY BREAK. Screen Stretch route card is '★ Work out the mean for each surface. Look for unusual variation. Then evaluate one improvement.' with scaffold 'Evaluation stem: ‘I trust ___ least. I say this because ___. I would improve ___ by ___.’'. The print pack carries different task wording and a different evaluation frame.,"The screen frame 'I trust ___ least' can take a surface, a set of repeats or a single reading; the printed frame 'The result I trust least is ___' narrows it to a single result, so the printed sheet asks a narrower evaluation question than the one modelled and than the Stretch exit ticket ('Explain whether the repeats were consistent...'), which is about the repeat set. Both surfaces must ask the same thing.",medium,MECHANICAL-FIX,"<div class=""print-box"">★ Work out the mean for each surface. Look for unusual variation. Then evaluate one improvement.</div>
<h3>Scaffold</h3><div class=""print-box"">Evaluation stem: ‘I trust ___ least. I say this because ___. I would improve ___ by ___.’</div>",
GROW,W5,SCI_G_W5A_Fair_Test_Explore.html,AMBIGUOUS,screen,"data-type=""starter"" · div.commit-box · prediction prompt",Before we repair it: this test changes surface AND ramp height. Can it answer the question?,"Self-contradiction inside one slide. The bridge text immediately above it defines the demonstration as 'Watch a deliberately bad test: I change the surface AND push the trolley harder. The trolley goes further. What caused the change?' The commit prompt then says 'this test changes surface AND ramp height'. The referent 'this test' has no ramp-height change in it — the starter slide carries no hero SVG, so nothing on the slide mentions ramp height.","Pupils are being asked to commit to a judgement about a specific broken method. If the two named confounders differ between the demonstration and the question, the pupil cannot identify which second variable is the confound, and the whole point of the starter (only one deliberate change) is blurred. The identified confound must match the demonstration actually run.",medium,MECHANICAL-FIX,Before we repair it: this test changes surface AND push. Can it answer the question?,
GROW,W5,SCI_G_W5B_Fair_Test_Do.html,OVER-PITCHED,screen,"data-type=""wedo"" (We Do 2) · gsglab-W5B · gsgLab_W5B.data Set C reveal text","40, 66, 88 cm. The repeats spread widely. A mean of 64.7 cm hides how little the readings agree. Something in the method is not controlled.","The final clause states a cause as established fact from three readings. Every other data judgement in this lesson is correctly hedged ('suggesting the most friction here', 'Investigate the odd one', 'does your mean describe your repeats, or hide them?'), so this line is the one place the lesson asserts a conclusion the data cannot establish.","A wide spread across three repeats is consistent with an uncontrolled variable, but it is equally consistent with ordinary random measurement variation on a low-precision method (release timing, reading a tape to the nearest cm). Three readings cannot separate those. Telling pupils the spread proves a control failure teaches the opposite of the evaluation skill the same slide is assessing — that a spread is a prompt to investigate, not a verdict. The arithmetic itself is correct: (40+66+88)/3 = 64.666... = 64.7 cm.",low,ONE-LINE-REWORD,"40, 66, 88 cm. The repeats spread widely. A mean of 64.7 cm hides how little the readings agree. That suggests something in the method may not be controlled - check it before you trust this mean.",
GROW,W5,SCI_G_W5A_Fair_Test_Explore.html,AMBIGUOUS,screen,"data-type=""wedo"" (We Do 2) · gsglab-W5A · gsgLab_W5A.data 'Time of day' reveal text","Measured in minutes. Nothing in our question depends on it, so measuring it tells us nothing about surface.","'Time of day' is stated to be 'Measured in minutes'. A time of day is a clock reading (hh:mm), not a duration; minutes are the unit of an elapsed interval. The two sibling cards in the same lab correctly give 'Measured in centimetres (cm)' for distance and ramp height.","This lab is the lesson's unit-teaching surface — the same slide's SCIENCE GLITCH is 'A number on its own is enough to record', repaired with 'A number with no unit means nothing'. Attaching the wrong kind of quantity to its unit on the one card that is meant to model unit choice undercuts that. Low severity because the card is a designed non-answer distractor and no pupil records it.",low,ONE-LINE-REWORD,"Read from a clock in hours and minutes. Nothing in our question depends on it, so measuring it tells us nothing about surface.",
GROW,W5,SCI_G_W5A_Fair_Test_Explore.html,AMBIGUOUS,print,print-pack · print-page 1 · div.print-route.standard scaffold,"<h3>Scaffold</h3><div class=""print-box"">Sentence: ‘I will change __, measure __ in __, and keep __ and __ the same.’</div></div><div class=""print-route stretch"">","SCREEN/PRINT PARITY. The screen Standard scaffold reads 'Sentence: ‘I will change __, measure __ in __, and keep __ and __ the same.’ Fill each gap from your plan. Check the unit is there.' The print pack drops the two instruction sentences, including the unit check. The sentence frame itself is identical, so this is a trim rather than a contradiction.",'Check the unit is there' is the only place in the Standard print route that enforces the third success criterion ('I can explain why units and repeats improve evidence') on the printed sheet. A pupil working from paper can complete every gap in the frame with a bare number and lose the unit that the whole I Do 2 sequence and the We Do 2 glitch repair were built to secure.,low,MECHANICAL-FIX,"<h3>Scaffold</h3><div class=""print-box"">Sentence: ‘I will change __, measure __ in __, and keep __ and __ the same.’ Fill each gap from your plan. Check the unit is there.</div></div><div class=""print-route stretch"">",
GROW,W4,SCI_G_W4B_Mechanisms_Do.html,WRONG,screen,"data-type=""arrival"", data-tier=""Stretch"" — Lead-in (retr-ask); also appears as the Standard tier's ""Next step up: Stretch —"" pointer and inside the Stretch panel's data-speak-text (3 occurrences of the identical sentence on one source line)",Moving the pivot makes lifting easier. Predict what gets harder at the same time.,"Stated as an unconditional fact. Moving the pivot does not make lifting easier — it depends which way it moves. This lesson's own We Do lab teaches the opposite half: ""Near your hands — Most effort needed."" The sentence also asserts the answer to the Starter's own open prediction (""where should the pivot go to lift most easily?"") before pupils test it.","For a class-1/class-2 lever the effort needed falls only when the pivot moves TOWARDS the load (shorter load arm, longer effort arm). Moving the pivot towards the effort raises the effort required. As written the claim is false for half the possible moves, and the lesson's frozen lab results contradict it.",medium,ONE-LINE-REWORD,Moving the pivot can make lifting easier. Predict what gets harder at the same time.,Prediction-language check applied to GROW (over-certain prediction language)
GROW,W4,SCI_G_W4B_Mechanisms_Do.html,AMBIGUOUS,both,"data-type=""independent"" — Stretch route card (route-card stretch) and the matching print-route stretch print-box; identical string appears twice (screen @ offset 55580, print @ offset 67881)",★ Measure the effort. Then measure the movement distance. Explain the trade-off. Use both pieces of evidence.,"This is the only route that instructs pupils to MEASURE a force, and it names no unit on either surface. Newtons appear exactly once in the whole file — in the screen-only task box (""Use a spring balance if you have one and record the force in newtons (N)."") — and that sentence is not carried into the print pack at all. A pupil or TA working from the printed Stretch pack measures a force with no unit anywhere on the page.","Force is measured in newtons (N). GROW cross-check 7 requires newtons to be named on every practical route that measures force; the printed practical surface currently names no force unit at all, and the distance readout (cm) is the only quantity with a unit in view, which invites the classic distance-for-force substitution.",medium,MECHANICAL-FIX,"★ Measure the effort — in newtons (N) with a spring balance, or on your agreed scale. Then measure the movement distance in cm. Explain the trade-off. Use both pieces of evidence.","GROW W3B / W4B: practical route may never name NEWTONS — partially CONFIRMED for W4B (screen names it, routes and print pack do not)"
GROW,W4,SCI_G_W4A_Mechanisms_Explore.html,AMBIGUOUS,screen,"data-type=""wedo"" (We Do 2) — Mechanism Hunt, gsgMhData.gears.change string in the GSG-1 A6 specimen script; surfaces in the mh-stage panel and in the frozen mh-list","Meshed gears pass turning from one wheel to another. They can change speed, direction or turning force.","The Mechanism Hunt asks pupils to find exactly one target twice — Step 1 ""Which one changes the direction of a pull?"" and, once all three are frozen, ""which one changed the DIRECTION of a force, and which one changed how BIG it needed to be?"". The gears result line claims gears change ""speed, direction or turning force"", so the frozen evidence supports GEARS as an answer to BOTH comparison questions as well as PULLEY and LEVER. The activity is explicitly built so the frozen list is the evidence, so the clash is load-bearing, not decorative.","Meshed external gears do reverse the direction of rotation and do change torque, so the sentence is not false — but ""direction"" and ""force"" here mean rotational direction and torque, not the direction or size of a linear pull, which is what the two hunt questions are about. Naming turning explicitly keeps the statement true, removes the collision with the pulley (direction of a pull) and the lever (size of effort), and matches the hero SVG caption already in the file, ""trade speed for turning effect"".",medium,ONE-LINE-REWORD,Meshed gears pass turning from one wheel to another. Changing the gear sizes trades turning speed for turning force.,Cross-pathway check 2 (one correct target per card)
GROW,W4,GROW_SCIENCE_PRACTICALS_MATRIX.html,WRONG,teacher-doc,"W4A row, column ""Digital alternative""",It covers the lever station only — pulleys and gears have no installed digital route in this lesson.,"False against the live W4A file. SCI_G_W4A_Mechanisms_Explore.html ships a Mechanism Hunt in We Do 2 with ""Test LEVER / Test PULLEY / Test GEARS"" buttons; gsgMhTest() writes a result for the pulley (""A fixed pulley changes the direction of your pull..."") and for the gears and freezes both into the mh-list. The matrix's own preamble states the digital column ""names only routes that are installed in the live lesson files — where a route does not exist, this page says so rather than advertising one"", so this row breaks the page's declared rule in the opposite direction: it denies a route that exists, and a teacher planning for a pupil who cannot handle equipment would wrongly conclude no digital pulley/gear route is available.","Not a science error but a teacher-doc contradiction (cross-check 8): the safety/access matrix misdescribes the access provision actually installed in the lesson, which is the exact thing the matrix exists to guarantee. The byte-identical sentence is also present in GROW_SCIENCE_PRACTICALS_MATRIX_PROGRESS_SCHOOLS.html and needs the same edit.",medium,MECHANICAL-FIX,The Mechanism Hunt adds a button route for the pulley and gear stations: each is tested by button and its written result stays frozen on the page.,"Same failure mode as the GROW W7B lead (matrix route count vs actual buttons) — that lead is not applicable to W4, but this W4A instance is confirmed"
GROW,W4,SCI_G_W4B_Mechanisms_Do.html,WRONG,print,"print-pack → second print-page → #print-witness ""Assessor Witness Statement"" → ""Observed in this lesson"" checkbox block","☐ Named lever, pulley and gear with one example each.</p><p style=""margin:0 0 5px"">☐ Identified the pivot correctly.</p><p style=""margin:0 0 5px"">☐ Stated both the gain and the cost of a mechanism.","W4B's witness statement carries W4A's criteria verbatim. W4B's own success criteria are ""I can set up a lever safely / I can compare at least two pivot positions / I can explain the force–distance trade-off"". The first printed checkbox asks an assessor to record that the pupil ""Named lever, pulley and gear with one example each"" — pulleys and gears are not taught, tested or mentioned in any W4B task; the lesson is a lever-only investigation. Nothing on the sheet records the two outcomes W4B actually generates (comparing pivot positions; the force–distance trade-off).","An Entry Level / UAS witness statement is an assessment record. Ticking an outcome the lesson never delivered creates evidence that cannot be substantiated from the pupil's work, and the outcomes that CAN be substantiated have no box.",medium,MECHANICAL-FIX,"☐ Set up a lever safely.</p><p style=""margin:0 0 5px"">☐ Compared at least two pivot positions.</p><p style=""margin:0 0 5px"">☐ Explained the force–distance trade-off.",Cross-pathway check 8 (teacher docs must contradict no lesson)
GROW,W4,SCI_G_W4B_Mechanisms_Do.html,WRONG,print,"print-pack → #print-witness → identification table, ""Lesson"" row","Levers, Pulleys and Gears — GROW Science · Week 4 (40-min route · Do)","The witness statement names W4A's lesson title. W4B's own title, on the title slide and at the head of the same print pack, is ""Mechanisms: Lever Investigation"".","Teacher-doc/lesson contradiction on an assessment record: the sheet identifies the wrong lesson, so the recorded evidence is filed against a session the pupil did not do.",low,MECHANICAL-FIX,Mechanisms: Lever Investigation — GROW Science · Week 4 (40-min route · Do),Cross-pathway check 8
GROW,W4,SCI_G_W4B_Mechanisms_Do.html,AMBIGUOUS,screen,"data-type=""arrival"" — the scaffold-box ""Rule"" line vs the R2/R3 badges in all three tier panels","<b>Rule:</b> Arrival retrieves three times and then leads in. R1 is last lesson, R2 is the previous week, R3 is older material, and the lead-in opens today without teaching today’s concept.","W4B's R2 and R3 are both labelled and sourced from Week 3 (""R2 · Week 3"" / ""R3 · Week 3""), but the Rule box on the same slide states R3 is ""older material"". W4A, which has the same constraint, resolves this with an explicit retr-declare box; W4B omits it, so the slide contradicts its own stated rule with nothing explaining why. Fix by inserting W4A's declaration (proposed_text) immediately after the arrival li-box ""Retrieve the previous lesson: W4A — ..."" div and before the entry-route div, matching W4A's element order.",Not a science error; a self-contradiction on the teaching surface. The declaration matters because it is the honest reason (Week 4 has only one taught week behind it) rather than a repeat that looks like an authoring slip.,low,MECHANICAL-FIX,"<div class=""retr-declare""><b>Week 4 has one taught week behind it.</b> R3 is a second Week 3 retrieval. That is declared here rather than reaching for science that has not been taught.</div>",Retrieval-structure check applied to GROW
GROW,W4,SCI_G_W4A_Mechanisms_Explore.html,AMBIGUOUS,teacher-doc,"data-type=""independent"" — practical-ready ""Equipment"" cell (also repeated in the #v3MediaDrawer Equipment block, and mirrored in TEACHER_IMPLEMENTATION_GUIDE.html and index.html)",scissors (adult-controlled as needed),"GROW_SCIENCE_PRACTICALS_MATRIX.html — the page that declares itself the safety authority for these practicals — specifies ""scissors (adult-held only)"" and ""Adult sets out four labelled stations and keeps every sharp tool"" for W4A. The lesson's own equipment line says ""adult-controlled as needed"", which permits a pupil to hold them; the same independent task also invites pupils to ""Handle them, or just inspect them"".","Not a science error; a safety-doc/lesson divergence. ""Adult-held only"" is an absolute control; ""adult-controlled as needed"" is a discretionary one, so the two documents license different handling of the only sharp tool in the lesson. Owner should rule which wording stands and align all four files.",low,PROPOSED,scissors (adult-held only),Cross-pathway check 8
GROW,W4,SCI_G_W4A_Mechanisms_Explore.html,AMBIGUOUS,print,print-pack → first print-page → p.pentry (byte-identical paragraph exists at the same position in SCI_G_W4B_Mechanisms_Do.html),"<b>Not here last lesson?</b> Everything you need is in the box above — read it, then answer.","On screen this line sits directly under the ""Retrieve the previous lesson"" li-box, so ""above"" is correct. In the print pack the same wording is printed between the Name/Date line and the Learning objective, two paragraphs ABOVE the ""Arrival retrieval:"" box it points at. A pupil who missed the previous lesson is directed to blank space.","Print-surface referent error, not a science error. Wording differs from screen only in the direction word, so the mid-year-arrival entry route stays intact on both surfaces.",low,MECHANICAL-FIX,"<b>Not here last lesson?</b> Everything you need is in the retrieval box below — read it, then answer.",Screen vs print parity check
GROW,W6,SCI_G_W6B_Earth_And_Planets_Do.html,WRONG,screen,"data-type=""wedo"" (We Do 2) · Honest Model Lab · gsgLab_W6B.data[0] ""True to size"" frozen result text","Planets in the right proportions. But if Earth is a 1 cm bead, Neptune sits about 1.2 km away - the distances will not fit on any page.","The scale figure is wrong by roughly a factor of three. Pupils are told to use the frozen results as evidence, so the wrong number is the evidence base for the whole model-honesty conclusion.","Scale factor with Earth (diameter 12 742 km) as a 1 cm bead is 0.01 m / 1.2742e7 m = 7.85e-10. Neptune's orbital radius is 4.495e9 km = 4.495e12 m; 4.495e12 x 7.85e-10 = 3 528 m, i.e. about 3.5 km, not 1.2 km. (Cross-check: 1 AU maps to 117 m, and Neptune is 30.07 AU, so 30.07 x 117 m = 3.5 km. 1.2 km corresponds to roughly 10 AU, i.e. Saturn, not Neptune.) The claim is quantitatively false as written; the qualitative point it is making is sound.",high,MECHANICAL-FIX,"Planets in the right proportions. But if Earth is a 1 cm bead, Neptune sits about 3.5 km away - the distances will not fit on any page.",none — new finding (this is the only arithmetic claim in either W6 file)
GROW,W6,SCI_G_W6A_Earth_And_Planets_Explore.html,AMBIGUOUS,both,"data-type=""ido"" (I Do) .model-limit .ml-yes row, and the matching print-pack .print-box (identical bytes, 2 occurrences in the file)",It shows the order of the planets and that each orbit is a closed path around the Sun.,"The 'what this model helps us see' caveat claims something the model does not actually show. The hero SVG is a linear line-up of the eight planets with one MOTION arc and one GRAVITY INWARD arrow — no orbital path, closed or otherwise, is drawn. The paired 'does not show' row then talks about a real orbit being 'a stretched circle rather than a perfect one', which implies the model draws a circular orbit; it draws no orbit at all. In a lesson pair whose whole point is that a model must be honest about what it represents, an over-claiming strength statement is a live defect.","The statement about reality is true (orbits are closed elliptical paths), but the claim that this particular representation shows it is false. What the diagram genuinely shows is planet order out from the Sun plus the two-arrow orbit mechanism (forward motion + inward gravity), which is exactly what the I Do narrates.",medium,ONE-LINE-REWORD,"It shows the order of the planets out from the Sun, and the two arrows that make an orbit: motion forward and gravity inward.",none — surfaced by cross-pathway check 4 (model-limitation caveats must themselves be true)
GROW,W6,SCI_G_W6B_Earth_And_Planets_Do.html,WRONG,print,"print-pack · div id=""print-witness"" · 'Observed in this lesson' checklist, second tick box","<p style=""margin:0 0 5px"">☐ Classified planets as rocky or giant.</p>","The W6B Assessor Witness Statement is a verbatim copy of W6A's. It records a criterion W6B neither teaches nor assesses (rocky/giant classification appears nowhere in W6B), and it omits W6B's distinguishing outcome — evaluating the model. The lesson's own success criteria are: place the planets in the correct order; model orbiting; explain one strength and one limitation of the model. An assessor ticking this sheet would be recording evidence against the wrong lesson.","Not a science error but a teacher-document contradiction (cross-pathway check 8): the witness record contradicts the lesson's stated success criteria and its exit ticket (Stretch: 'Evaluate one strength and one limitation of your model.'). The other two tick boxes ('Named the eight planets in order', 'Explained gravity's role in maintaining an orbit') do map onto W6B.",medium,ONE-LINE-REWORD,"<p style=""margin:0 0 5px"">☐ Explained one strength and one limitation of the model.</p>",none — surfaced by cross-pathway check 8
GROW,W6,SCI_G_W6A_Earth_And_Planets_Explore.html,AMBIGUOUS,screen,"data-type=""ido"" (I Do 2) · #steps-W6A-2 · third .model-step","If the inward pull vanished, the planet would continue along a much straighter path rather than staying in orbit.","The taught model step hedges to 'a much straighter path' while the We Do 2 Gravity and Motion Lab in the same lesson states the definitive answer — 'Fly off in a straight line ... This is what would happen. A moving planet keeps moving in a straight line unless a force bends its path.' — and the Stretch exit ticket presupposes it ('Explain why a planet does not simply fly away in a straight line.'). Three surfaces, two different levels of certainty for the same idea.","Newton's first law gives a straight line once the net force is removed, which is what the lab and the exit stem assert. The hedge is defensible only if other bodies' gravity is being left in play, which the lesson never says. Not false, but internally inconsistent at the point where the pupil is being taught the sentence they will later be asked to produce.",low,PROPOSED,"If the inward pull vanished, the planet would carry straight on instead of staying in orbit.",none — internal consistency check
GROW,W6,SCI_G_W6B_Earth_And_Planets_Do.html,AMBIGUOUS,screen,"data-type=""starter"" · .task-box 'Bridge into today'","If the Sun’s gravity disappeared in our model, what would you predict happens to Earth’s path? Choose a direction before the model runs.","'Choose a direction before the model runs' cannot be carried out on this slide. There is no direction control anywhere in the starter, and the adjacent Commit box asks a completely different question ('Before we build: should our model be true to size or true to distance?' — options True to size / True to distance / It cannot be both). Nothing in this lesson 'runs' a gravity-off model either; that demonstration lives in W6A's lab.",Not a science error — an unexecutable instruction on a slide read by pupils who take instructions literally. The prediction itself is legitimate W6A retrieval.,low,ONE-LINE-REWORD,"If the Sun’s gravity disappeared in our model, what would you predict happens to Earth’s path? Say it or point to it before we build.",none
GROW,W6,SCI_G_W6A_Earth_And_Planets_Explore.html,AMBIGUOUS,print,"print-pack · first .print-page · p class=""pentry"" (identical line present in SCI_G_W6B_Earth_And_Planets_Do.html)","<p class=""pentry"" style=""margin:0 0 8px;font-size:.92rem""><b>Not here last lesson?</b> Everything you need is in the box above — read it, then answer.</p>","On screen this sentence sits directly under the retrieval li-box, so 'the box above' is correct. On the printed sheet the same bytes are placed ABOVE the 'Arrival retrieval:' content, so the missing-pupil catch-up route points in the wrong direction. Present in both W6 files and, from the identical markup, likely template-wide across the GROW v3 pack — worth one ruling rather than six edits.",No science content affected; it is a print-surface wayfinding defect for the exact cohort the entry route exists to serve.,low,PROPOSED,"<p class=""pentry"" style=""margin:0 0 8px;font-size:.92rem""><b>Not here last lesson?</b> Everything you need is in the retrieval box on this sheet — read it, then answer.</p>",none — surfaced by the screen/print parity check
GROW,W7,SCI_G_W7B_The_Moon_Do.html,AMBIGUOUS,screen,"data-type=""wedo"" (We Do 2) · Phase or Eclipse Lab · Step 2 · Test each one","<div class=""gl-row""><button class=""gl-btn i0"" data-i=""0"" type=""button"" onclick=""gsgLabTest_W7B(this)""><span class=""gl-glyph"">▲</span>Test Phase</button><button class=""gl-btn i1"" data-i=""1"" type=""button"" onclick=""gsgLabTest_W7B(this)""><span class=""gl-glyph"">◎</span>Test Lunar eclipse</button><button class=""gl-btn i2"" data-i=""2"" type=""button"" onclick=""gsgLabTest_W7B(this)""><span class=""gl-glyph"">✳</span>Test Solar eclipse</button></div>","The shape cue is inverted between Step 1 and Step 2 of the same lab panel. In Step 1 the predict buttons are ▲ = ""Earth's shadow on the Moon"" and ◎ = ""Which lit part we can see"". In Step 2 ▲ = ""Test Phase"" and ◎ = ""Test Lunar eclipse"" — exactly the opposite pairing. The lab's own footer tells pupils the shapes are a deliberate non-colour cue (""each option carries a shape and a word as well as its colour""), so a pupil who commits to the CORRECT prediction ◎ and then presses ◎ reads ""Earth's shadow really does fall on the Moon"" and can take that as confirmation of their own prediction — reinforcing the precise misconception (phases = Earth's shadow) the lab exists to kill. Swapping the two glyphs makes the cue teach the right link (▲ shadow → lunar eclipse, ◎ lit part we see → phase). data-i indices are unchanged, so the gsgLab_W7B.data mapping is untouched.","Phases are caused by the changing fraction of the sunlit half we can see; a lunar eclipse is Earth's shadow falling on the Moon. Pairing the ""lit part we can see"" glyph with the lunar-eclipse test asserts the opposite association non-verbally.",medium,MECHANICAL-FIX,"<div class=""gl-row""><button class=""gl-btn i0"" data-i=""0"" type=""button"" onclick=""gsgLabTest_W7B(this)""><span class=""gl-glyph"">◎</span>Test Phase</button><button class=""gl-btn i1"" data-i=""1"" type=""button"" onclick=""gsgLabTest_W7B(this)""><span class=""gl-glyph"">▲</span>Test Lunar eclipse</button><button class=""gl-btn i2"" data-i=""2"" type=""button"" onclick=""gsgLabTest_W7B(this)""><span class=""gl-glyph"">✳</span>Test Solar eclipse</button></div>",
GROW,W7,SCI_G_W7B_The_Moon_Do.html,WRONG,teacher-doc,"print pack · second print-page · id=""print-witness"" Assessor Witness Statement · ""Observed in this lesson""","<p style=""margin:0 0 5px"">☐ Stated that the Moon orbits Earth in about a month.</p><p style=""margin:0 0 5px"">☐ Explained that moonlight is reflected sunlight.</p><p style=""margin:0 0 5px"">☐ Modelled or described the cause of the phases.</p>","The W7B assessor witness statement records W7A's success criteria, not W7B's. W7B's own success criteria are ""I can use the model safely"", ""I can identify new, quarter and full positions"", ""I can explain what the model shows and how an eclipse is different"". Two of the three witnessed statements (orbital period; moonlight is reflected sunlight) are never taught or assessed in W7B — they are W7A's, where the identical checklist is correct. An assessor completing the W7B sheet is asked to tick evidence the W7B lesson does not generate, which is a live problem for a Pearson Entry Level / AQA UAS record. The same three lines in SCI_G_W7A_The_Moon_Explore.html match W7A's success criteria exactly and are CORRECT there — do not change W7A.",Not a science error in itself; each statement is true. The defect is that the assessment record contradicts the lesson it sits in — cross-check 8 (teacher docs must contradict no lesson).,medium,MECHANICAL-FIX,"<p style=""margin:0 0 5px"">☐ Used the torch-and-ball model safely.</p><p style=""margin:0 0 5px"">☐ Identified the new, quarter and full positions.</p><p style=""margin:0 0 5px"">☐ Explained what the model shows and how an eclipse is different.</p>",
GROW,W7,SCI_G_W7B_The_Moon_Do.html,WRONG,teacher-doc,"print pack · id=""print-witness"" · ""Lesson"" table row",The Moon's Journey — GROW Science · Week 7 (40-min route · Do),"The W7B witness statement names the lesson ""The Moon's Journey"", which is the <h1> title of SCI_G_W7A_The_Moon_Explore.html. W7B's own <h1> is ""Moon Phases: Model and Explain"". The assessor record therefore identifies the wrong lesson of the pair; only the parenthetical ""· Do"" distinguishes it.",No science content at issue; an assessment record must name the session it evidences (cross-check 8).,low,MECHANICAL-FIX,Moon Phases: Model and Explain — GROW Science · Week 7 (40-min route · Do),
GROW,W7,SCI_G_W7B_The_Moon_Do.html,UNDER-PITCHED,both,"data-type=""exit"" · data-tier=""Supported"" exit ticket, and the matching ""Supported:"" line on print-page 2 (2 occurrences, identical wording — parity is intact)","How long does the Moon take to orbit Earth, roughly?","The Supported exit ticket asks a W7A recall question (orbital period ≈ one month) rather than anything from W7B. W7B's learning objective is ""I can use a physical model to demonstrate Moon phases and distinguish phases from eclipses"" and its success criteria are model safety, identifying new/quarter/full positions, and explaining the model plus the eclipse difference. As written, a pupil on the Supported route produces no exit evidence of today's objective at all, and the tiers do not ladder (Standard and Stretch both assess W7B). The answer does match the stem, so cross-check 1 passes; this is an alignment defect, not a factual one. Owner ruling wanted on the replacement wording.","""Roughly a month"" is scientifically correct (27.3 d sidereal / 29.5 d synodic) — nothing here is false. The mismatch is that the question assesses W7A's success criterion, not W7B's.",low,PROPOSED,Show or name the position where we see a Full Moon.,
GROW,W7,SCI_G_W7B_The_Moon_Do.html,AMBIGUOUS,both,"data-type=""ido"" (I Do) · model-limit box ""✘ What this model does not show"", and the matching print-box on print-page 1 (2 identical occurrences)","It leaves out the tilt of the Moon's orbit and the real distances, which is why eclipses are rare rather than monthly.","The relative clause ""which is why eclipses are rare rather than monthly"" is attached to a two-item list, so it reads as though the real distances are also a cause of eclipse rarity. They are not: rarity is caused by the ~5° inclination of the Moon's orbit alone. The lesson's own glitch-repair text gets this right (""The Moon's orbit is tilted by about five degrees, so at most Full Moons it passes above or below Earth's shadow instead of through it. That tilt is why eclipses are rare rather than monthly.""), and W7A's equivalent caveat is unambiguous (""It leaves out the tilt of the Moon's orbit, which is why we do not get an eclipse every month.""). Cross-check 4: a model-limitation caveat must itself be true.","Eclipse frequency is set by orbital inclination (~5.14°) and the resulting node geometry. Earth–Moon distance affects whether a solar eclipse is total or annular and the apparent size of the umbra, but it does not make eclipses rare rather than monthly.",low,ONE-LINE-REWORD,"It leaves out the real distances, and the tilt of the Moon's orbit — which is why eclipses are rare rather than monthly.",
GROW,W7,SCI_G_W7B_The_Moon_Do.html,AMBIGUOUS,screen,"data-type=""wedo"" (We Do · hinge question) · soft-check option data-index=""2""",It must happen every month,"The stem is a closed yes/no question — ""During a normal full Moon, is Earth's shadow causing the phase?"" — and options 0 and 1 are ""No"" and ""Yes"". Option 2 is not an answer to that stem, so a pupil scanning for the longest or most specific option has no way to judge it against the question. The science behind the distractor is right and its paired hint is right (""If Earth's shadow caused normal phases, there would be a lunar eclipse every month""), so this is a wording problem only; exactly one option is keyed correct (data-correct=""0""), so cross-check 2 still passes. Rewording it as a completed ""Yes"" keeps the intended misconception target and makes it answerable against the stem.","Earth's shadow does not cause the ordinary monthly phase cycle; if it did, a lunar eclipse would occur at every full Moon. The distractor's content is scientifically the right misconception to surface — only its grammar relative to the stem is at fault.",low,ONE-LINE-REWORD,Yes — and that is why we see a lunar eclipse every month,
GROW,W7,SCI_G_W7A_The_Moon_Explore.html,AMBIGUOUS,both,"data-type=""independent"" · WORD HELP · wh-term ""phase"" + wh-bridge, and the WORD HELP print-box. 2 occurrences in W7A and 2 identical occurrences in SCI_G_W7B_The_Moon_Do.html — any fix must be applied to all four.",the shape of the Moon we can see,"The bridge for the formal term ""phase"" says it is ""the shape of the Moon we can see"". The whole lesson exists to establish that the Moon does not change shape — only the fraction of its sunlit half visible from Earth changes (LO: ""why the Moon appears to change shape""; TA rule: ""Half the Moon is lit by the Sun; what changes through the phases is the part we can see""). Read on its own — and the print CSS reveals every bridge on the printed pack, where no adult narration is attached — ""the shape of the Moon"" invites exactly the misconception being taught against. The formal term stays dominant (it is the wh-term span; the bridge is hidden until requested), so cross-check 3 passes on dominance; this is the faithfulness half. Owner ruling wanted, since the replacement must stay readable at Supported level.",A phase is the illuminated fraction of the lunar disc visible from Earth. The Moon's physical shape is constant; only the viewing geometry of the permanently half-lit sphere changes.,low,PROPOSED,how much of the Moon's lit half we can see,
GROW,W7,SCI_G_W7A_The_Moon_Explore.html,AMBIGUOUS,screen,hero-visual SVG (title slide and I Do slide — 2 identical occurrences per file),"<ellipse cx=""450"" cy=""115"" fill=""none"" rx=""145"" ry=""95"" stroke=""#94a3b8"" stroke-dasharray=""8 8"" stroke-width=""3""></ellipse>","The dashed ellipse drawn as the Moon's orbit does not pass through the four Moon positions. The Moon circles sit at (450±95, 115) and (450, 115±83), while the ellipse has rx=145, ry=95 — so the NEW and FULL Moons float about 50 units inside the orbit they are supposed to be on, while the two QUARTER Moons sit almost on it. On a diagram whose whole job is ""position on the orbit determines the phase"", the four positions should lie on the path. Setting rx=""95"" ry=""83"" makes the dashed path pass exactly through all four Moon centres and moves nothing else — the NEW label (text-anchor=""end"" x=""300"") and the FULL label (x=""578"") stay clear, and the ellipse still clears the Earth circle (r=38). Everything the diagram asserts is scientifically correct: with sunlight arriving from the left, the sunward Moon (cx=355) is labelled NEW and the anti-sunward Moon (cx=545) is labelled FULL.","The Moon's positions are points on its orbital path; drawing them off the path weakens the position→phase link the diagram is teaching. No false statement is made, hence AMBIGUOUS rather than WRONG.",low,MECHANICAL-FIX,"<ellipse cx=""450"" cy=""115"" fill=""none"" rx=""95"" ry=""83"" stroke=""#94a3b8"" stroke-dasharray=""8 8"" stroke-width=""3""></ellipse>",
GROW,W7,SCI_G_W7B_The_Moon_Do.html,AMBIGUOUS,screen,hero-visual SVG (title slide and I Do slide — 2 identical occurrences),"<ellipse cx=""450"" cy=""115"" fill=""none"" rx=""145"" ry=""95"" stroke=""#94a3b8"" stroke-dasharray=""8 8"" stroke-width=""3""></ellipse>","Same SVG as W7A: the dashed orbit ellipse (rx=145, ry=95) does not pass through the four Moon circles at (450±95, 115) and (450, 115±83). Fix both files together so the shared hero visual stays identical.","Positions on an orbit diagram should lie on the orbit; the labelled geometry itself (NEW sunward at cx=355, FULL anti-sunward at cx=545, sunlight arriving from the left) is correct.",low,MECHANICAL-FIX,"<ellipse cx=""450"" cy=""115"" fill=""none"" rx=""95"" ry=""83"" stroke=""#94a3b8"" stroke-dasharray=""8 8"" stroke-width=""3""></ellipse>",
LAUNCH,W3,SCI_L_W3L1_Microscopy_Introduce.html,WRONG,screen,"slide data-type=""arrival"" — <div class=""note""> immediately below the three tier panels (all tiers)","Arrival retrieves three times, then leads in. R1 is last lesson, R2 is the previous week, R3 is older material, and the lead-in opens today without teaching today’s concept.","This staff-facing note flatly contradicts the two declarations directly above it on the same slide. The box.scaf says ""Weeks 1 and 2 were baseline. There is no previous lesson to recall — this is where the teaching starts."" and the lq-declare says ""No Biology has been taught yet, so all three retrieval prompts ask what you already know from outside this room. Nothing before this lesson is being recalled."" Every R-badge on the slide reads ""What you already know"". The note nevertheless tells the adult that R1 is last lesson, R2 the previous week and R3 older material — none of which exists. A TA following the note will prompt a SEND pupil to recall Biology that was never taught, and read their blank as a gap.","Not a science-content error but a hard internal self-contradiction on a live teaching surface: the same slide asserts both ""nothing before this lesson is being recalled"" and ""R1 is last lesson, R2 is the previous week, R3 is older material"". It also contradicts TEACHER_IMPLEMENTATION_GUIDE.html (""Autumn 1 W1–W2 were baseline weeks. No science was taught in them, so the W3 lesson opens from what pupils already know rather than from a previous lesson."") and index.html (""Weeks 1 and 2 were baseline — no previous lesson to recall""). Only the in-lesson note is wrong; the external docs are right.",medium,MECHANICAL-FIX,"Arrival retrieves three times, then leads in. Weeks 1 and 2 were baseline, so R1, R2 and R3 all ask what you already know, and the lead-in opens today without teaching today’s concept.","BUILD W3B Arrival / retrieval-framing ruling, applied to LAUNCH per the task instruction"
LAUNCH,W3,SCI_L_W3L2_Calculating_Magnification_Explore.html,WRONG,screen,"slide data-type=""arrival"" — <div class=""note""> immediately below the three tier panels (all tiers)","Arrival retrieves three times, then leads in. R1 is last lesson, R2 is the previous week, R3 is older material, and the lead-in opens today without teaching today’s concept.","Same boilerplate note, same contradiction. The lq-declare above it states ""Week 3 is the first taught week. R1 recalls last lesson. R2 and R3 have no earlier taught Biology to reach, so they ask what you already know. Declared, not hidden."" and the R2/R3 badges on screen and in the print pack both read ""What you already know"". The note asserts R2 = previous week and R3 = older material, which do not exist in this scheme.","Internal self-contradiction against the slide's own declaration and against its own R-badges (screen and print agree with the declaration; only the note disagrees). The retrieval design itself is correct — R1 genuinely retrieves W3L1 (""Last lesson you separated magnification from resolution. Say what each one means.""), which is exactly what the task owner's ruling requires of a B lesson.",medium,MECHANICAL-FIX,"Arrival retrieves three times, then leads in. R1 is last lesson (W3L1); Week 3 is the first taught week, so R2 and R3 ask what you already know, and the lead-in opens today without teaching today’s concept.","BUILD W3B Arrival / retrieval-framing ruling, applied to LAUNCH"
LAUNCH,W3,SCI_L_W3L3_Magnification_Lab_Do.html,WRONG,screen,"slide data-type=""arrival"" — <div class=""note""> immediately below the three tier panels (all tiers)","Arrival retrieves three times, then leads in. R1 is last lesson, R2 is the previous week, R3 is older material, and the lead-in opens today without teaching today’s concept.","Third instance of the same boilerplate. Here it contradicts both the lq-declare (""Week 3 has no taught week behind it. R3 is a second Week 3 retrieval, declared here rather than reaching for Biology that has not been taught."") and the visible badges, which read ""R2 · Week 3 · lesson 1"" and ""R3 · Week 3 again — declared"" on screen and in the print pack.","Internal self-contradiction. The actual retrieval chain is correct and matches the owner's ruling — R1 retrieves W3L2 (""Last lesson you calculated magnification. Say what you divide by what."") and R2 retrieves W3L1 (""What is the difference between magnification and resolution?""). Only the note misdescribes it.",medium,MECHANICAL-FIX,"Arrival retrieves three times, then leads in. R1 is last lesson (W3L2), R2 is Week 3 lesson 1, R3 is a second Week 3 retrieval — declared, and the lead-in opens today without teaching today’s concept.","BUILD W3B Arrival / retrieval-framing ruling, applied to LAUNCH"
LAUNCH,W3,SCI_L_W3L2_Calculating_Magnification_Explore.html,AMBIGUOUS,both,"slide data-type=""ido"" (I Do · model the reasoning) — <div class=""lm-row lm-no"">; and the identical line in the print pack <div class=""box scaf""> under ""What this model does not show"". Two occurrences, byte-identical.",It leaves out that the units must match before you divide — the triangle looks the same whether your numbers are in millimetres or micrometres.,"The caveat names ""the triangle"", but no formula triangle appears anywhere in this lesson on either surface. The model actually presented is a three-step reveal (""Identify the required quantity…"", ""Check units first…"", ""Model 40 mm ÷ 0.10 mm = ×400"") plus a two-input Value A / Value B calculator. ""triangle"" is the only word in either file naming an object the pupil cannot see, so a pupil asked what the model leaves out is pointed at something that is not on the page.","The statement is scientifically TRUE of a formula triangle (a triangle carries no unit information, so it cannot warn you about mm vs µm), so this is not a false caveat — it is a dangling referent. Substituting ""the equation"" keeps the claim true (magnification = image size ÷ actual size looks identical whichever length unit is used) and makes it refer to what is actually shown. Flagged rather than asserted wrong because the owner may intend to add a triangle graphic.",low,ONE-LINE-REWORD,It leaves out that the units must match before you divide — the equation looks the same whether your numbers are in millimetres or micrometres.,cross-pathway check 4 (model-limitation caveats)
LAUNCH,W4,SCI_L_W4L1_Diffusion_Introduce.html,WRONG,both,"slide data-type=""ido"" (I Do · model the reasoning), .lmodel .lm-row.lm-no — and the identical sentence in the printpack .pp ""What this model does not show"" box","It leaves out that individual particles keep moving both ways the whole time — net movement is a balance, not a one-way march.","The model-limitation caveat contradicts the ✔ line directly above it. The ✔ line says the model ""shows particles moving randomly and still producing a net movement from high to low concentration"" — i.e. it DOES show two-way random movement. The ✘ line then claims that same fact is ""left out"". Both cannot be true of the same model, so the caveat is false as written.","Cross-check 4 requires model-limitation caveats to be themselves true. Showing random movement in both directions IS showing that particles keep moving both ways; the stated limitation is therefore not a limitation of this model. A true limitation exists and is worth teaching — the model stops at the point of net flow and never shows the equilibrium state, where two-way movement continues but net movement is zero. That is also the exact idea the Starter commit device (""once the smell has spread evenly, what are the particles doing?"" / ""Still moving, both ways"") sets up and never resolves.",medium,ONE-LINE-REWORD,"It leaves out what happens once the spread is even — the particles never stop, they keep crossing both ways, and the net movement simply falls to zero.",none — found in file
LAUNCH,W4,SCI_L_W4L1_Diffusion_Introduce.html,WRONG,both,"slide data-type=""independent"", .lword WORD HELP, lw-term ""concentration gradient"" — and the same string in the printpack WORD HELP box",the difference between a crowded area and an empty one,"The WORD HELP bridge for concentration gradient defines the low-concentration side as ""empty"". A gradient runs between a higher and a LOWER concentration; the low side is not empty, and in every context this week (alveolar air vs blood, perfume across a room) it demonstrably is not.","Cross-check 3: bridges must be scientifically faithful. ""Empty"" builds the standard misconception that diffusion runs until one side has none left and then stops, which is precisely the misconception the W4L1 Starter commit device is designed to expose (""Still moving, both ways""). It also breaks the W4L2 application: oxygen still diffuses into blood that already contains oxygen. The FORMAL term stays dominant and hidden-until-asked, so that half of the check passes; only the wording of the bridge is wrong.",medium,MECHANICAL-FIX,the difference between a more crowded area and a less crowded one,none — found in file
LAUNCH,W4,SCI_L_W4L2_Diffusion_Lungs_Explore.html,WRONG,both,"slide data-type=""independent"", .lword WORD HELP, lw-term ""concentration gradient"" — and the same string in the printpack WORD HELP box",the difference between a crowded area and an empty one,"Same defective bridge carried into W4L2, where it does direct damage: this lesson's whole argument is that blood flow keeps a gradient steep between alveolar air and blood that already contains oxygen. ""Empty"" contradicts that.","Cross-check 3. The We Do hinge answer here is ""It maintains a steep concentration gradient"" and the lab result reads ""Fresh blood carries oxygen away, which keeps the gradient steep"" — both require the low-concentration side to be lower, not empty. Fix must be applied identically in L1 and L2 so the bridge stays consistent across the week.",medium,MECHANICAL-FIX,the difference between a more crowded area and a less crowded one,none — found in file
LAUNCH,W4,SCI_L_W4L1_Diffusion_Introduce.html,OVER-PITCHED,screen,"slide data-type=""wedo"" (We Do 2), #sclab-W4L1 → scTest() completion message written to #sc-note when all three factors are tested",Every exchange surface in Biology is built around these three.,"The three factors the lab actually tests are concentration difference, temperature and distance. Claiming every biological exchange surface is ""built around these three"" is an overclaim: no exchange surface is an adaptation for temperature (organisms do not adapt a surface to raise its own temperature), and the factor exchange surfaces genuinely ARE built around — surface area — is in the rate formula (scRate multiplies by `a`) but is never one of the three tested buttons.","The generalisation is not supportable from the evidence the pupil has just frozen, and it is the sentence W4L2 then builds on. W4L2's own lab correctly names the real set (surface area, short path, steep gradient). Aligning L1's closing claim to that set keeps the week internally consistent and keeps the LAUNCH rule (""the explanation is earned by evidence"") honest.",low,ONE-LINE-REWORD,Exchange surfaces in Biology are built to keep the gradient steep and the distance short.,none — found in file
LAUNCH,W4,SCI_L_W4L1_Diffusion_Introduce.html,AMBIGUOUS,screen,"slide data-type=""independent"", .grid3 .route.h (Stretch route heading)",★ Explain how two factors work. Say what particles do. Particles move at random. Net movement is not the same.,"""Net movement is not the same."" has no complement — not the same as what? The print pack states the same task unambiguously (""★ Explain two factors mechanistically and distinguish random from net movement.""), so the screen surface is the weaker one and the two surfaces do not carry the same instruction.",Cross-check on SCREEN vs PRINT parity. The distinction between random particle motion and net movement is the single hardest idea in W4L1 and the one the Stretch tier exists to secure; an unfinished comparative sentence on the projected surface is exactly where a SEND reader loses it. Adding the two missing words restores parity without changing pitch or sentence count.,low,ONE-LINE-REWORD,★ Explain how two factors work. Say what particles do. Particles move at random. Net movement is not the same as random movement.,none — found in file
LAUNCH,W4,SCI_L_W4L1_Diffusion_Introduce.html,AMBIGUOUS,teacher-doc,"printpack → #print-witness Assessor Witness Statement → ""Observed in this lesson"", third checkbox",☐ Applied diffusion to gas exchange in the alveoli.,"The assessor is asked to record an outcome this lesson deliberately does not deliver. The I Do 2 reasoning step in the same file reads: ""Connect one factor to alveoli but save full gas exchange for Explore."" Gas exchange in the alveoli is W4L2's learning objective, not W4L1's; W4L1's objective is ""explain diffusion as net movement down a concentration gradient and identify factors affecting rate"".",Cross-check 8: teacher docs must contradict no lesson. As written the witness statement either goes permanently unticked or pushes staff to teach ahead of the sequence and duplicate W4L2. The proposed wording matches what the lesson actually asks for and stays inside the L1 objective.,low,PROPOSED,☐ Connected one rate factor to the alveoli.,none — found in file
LAUNCH,W4,SCI_L_W4L3_Diffusion_Explanation_Do.html,AMBIGUOUS,teacher-doc,"printpack → #print-witness Assessor Witness Statement → ""Observed in this lesson"", second checkbox",☐ Matched the number of points to the marks.,"Nothing in W4L3 teaches, models or asks for mark-to-point matching. The command-word decoder covers DESCRIBE / EXPLAIN / CALCULATE / COMPARE only; no question in the lesson carries a mark tariff; and the I Do 2 step in the same file states ""Model answers show precision and shape, not grades."" The success criteria are command-word response, cause-and-effect, and transfer — none of them is mark counting.","Cross-check 8. An assessor checkbox that no part of the lesson generates evidence for is unusable, and here it also pulls against the lesson's stated stance on grades. The replacement records the skill the lesson does build and that the Explanation chain lab actually evidences.",low,PROPOSED,☐ Chose the answer shape the command word demanded.,none — found in file
LAUNCH,W4,SCI_L_W4L3_Diffusion_Explanation_Do.html,AMBIGUOUS,screen,"slide data-type=""arrival"", the .note directly beneath the three tier panels — byte-identical string also present in SCI_L_W4L1 and SCI_L_W4L2","R1 is last lesson, R2 is the previous week, R3 is older material, and the lead-in opens today without teaching today’s concept.","The note does not describe the questions it sits under. In W4L3 the R2 badge is literally labelled ""Week 4 · lesson 1"" — the SAME week, not ""the previous week"" — and R3 is labelled ""Week 3"", which IS the previous week rather than ""older material"". In W4L1 and W4L2 the same note sits over an R2 and an R3 that are BOTH badged ""Week 3"", so ""R3 is older material"" is untrue there too.","Not a science error, but a teacher-facing structural claim that contradicts the visible badges on the same slide, in all three W4 files. The retrieval ladders themselves are correct — W4L2 R1 retrieves W4L1, W4L3 R1 retrieves W4L2 and R2 retrieves W4L1, with no re-elicitation of baseline — so the fix is to the note, not to the questions.",low,ONE-LINE-REWORD,"R1 is last lesson, R2 and R3 reach further back, and the lead-in opens today without teaching today’s concept.",Retrieval check applied to LAUNCH: the ladders pass; only the descriptive note fails
LAUNCH,W4,SCI_L_W4L2_Diffusion_Lungs_Explore.html,DISTRACTOR-BY-DESIGN,screen,"slide data-type=""wedo"" (We Do 2), #sclab-W4L2 Step 1 · Predict, before you test",Which feature does most for FAST gas exchange in the alveolus?,"Checked and cleared, recorded so it is not re-raised. The stem invites pupils to pick a winner, but scGx() returns exactly 2.0 for all three tests (area 2 → 1×2/1 = 2.0; thickness 0.5 → 1/0.5 = 2.0; bloodFlow 2 → 1×2/1 = 2.0), so the evidence gives a three-way tie by construction.","This is deliberate and correctly resolved: the completion message reads ""All three are frozen — and each one multiplied the index. The alveolus does not pick one feature: it stacks surface area, a short path and a steep gradient together."" The tie IS the teaching point, and the printed rate figures match the formula exactly. No change needed.",low,NO-ACTION,,none — found in file
LAUNCH,W5,SCI_L_W5L3_Osmosis_Data_Do.html,OVER-PITCHED,teacher-doc,printpack · #print-witness Assessor Witness Statement · 'Observed in this lesson' line 1,"<p style=""margin:0 0 5px"">☐ Read the cell concentration from the zero-crossing.</p>","The witness statement asks the assessor to record that the pupil 'read the cell concentration' from the crossing point. Every other surface in this same lesson insists the crossing is an ESTIMATE: I Do step 3 'Identify zero crossing as estimate of little/no net movement'; I Do 2 step 3 'Do not claim greater precision than the graph supports'; the We Do reveal 'It estimates the concentration where net osmosis is minimal'; the lab card 'An estimate read from a pattern, not a magic answer'; and the plot feedback 'zero crossing is an estimate, not a magically exact value'. The assessment record therefore contradicts the lesson it is recording.","The zero-crossing is a linear interpolation between two mean points, each carrying repeat-to-repeat scatter. It estimates the external solution concentration at which there is no NET water movement — i.e. one that is equivalent to the cell contents — it is not a direct reading of the concentration inside the cells.",medium,ONE-LINE-REWORD,"<p style=""margin:0 0 5px"">☐ Estimated the cell solution concentration from the zero-crossing.</p>",none (found in file; analogous to the BUILD W7A over-certain-language lead applied to LAUNCH)
LAUNCH,W5,SCI_L_W5L3_Osmosis_Data_Do.html,AMBIGUOUS,screen,"wedo (We Do 2 · scientific model / data) · #sclab-W5L3 · scData[2] 'Zero-change estimate' card, revealed by the ✳ Estimate zero change button",Straight-line estimate between the last gain and the first loss: zero change near '+scZeroEst().toFixed(2)+' mol dm⁻³.,"The card reports 0.51 mol dm⁻³, but a pupil cannot reproduce that number from the means the lab has just frozen onto the page. Card 1 ('Means from three repeats each') prints the means WITH the anomaly included: 0.0: +15.7% · 0.2: +9.4% · 0.4: +2.7% · 0.6: -0.2% · 0.8: -9.7% · 1.0: -15.5%. Interpolating the last gain (+2.7% at 0.4) and the first loss (-0.2% at 0.6) from that frozen list gives 0.59, not 0.51. scZeroEst() silently uses the anomaly-EXCLUDED 0.6 mean (-2.4%), which gives 0.4 + 2.6967x0.2/5.1117 = 0.5055 → 0.51. The corrected mean is only available if the pupil has already pressed card 2, and the estimate card never says it used it. In a lesson whose whole point is showing the decision rather than hiding it, the one printed number is untraceable.","Excluding a justified anomaly from the mean before interpolating is the correct procedure; the defect is that the stated result silently depends on a step the card does not declare, so a pupil checking the arithmetic honestly gets a different answer and concludes the lesson is wrong.",medium,ONE-LINE-REWORD,"Straight-line estimate between the last gain and the first loss, using the corrected 0.6 mean with the odd repeat left out: zero change near '+scZeroEst().toFixed(2)+' mol dm⁻³.",none (found in file; falls under cross-pathway check 5 — seeded data must yield the stated conclusion)
LAUNCH,W5,SCI_L_W5L3_Osmosis_Data_Do.html,AMBIGUOUS,teacher-doc,printpack · #print-witness Assessor Witness Statement · 'Observed in this lesson' line 3,"<p style=""margin:0 0 5px"">☐ Evaluated the method with a strength, a limitation and an improvement.</p>",The witness line asks the assessor to tick a three-part evaluation including a STRENGTH. Nothing in the lesson asks for a strength: the success criterion is 'Evaluate a specific method issue and improvement'; the Stretch route is 'Plot it. Interpret it. Evaluate the uncertainty. Justify one improvement.'; the Stretch exit is 'Give a specific improvement and what variation it reduces.'; the evidence target is 'Graph interpretation + zero-crossing estimate + method improvement.' A pupil who does exactly what the lesson asks cannot satisfy the record the assessor is holding.,Not a science error — a teacher-document/lesson mismatch that would make a correctly completed evaluation look incomplete on the assessment record.,low,ONE-LINE-REWORD,"<p style=""margin:0 0 5px"">☐ Evaluated the method with a limitation and a specific improvement.</p>",cross-pathway check 8 (teacher docs must contradict no lesson)
LAUNCH,W5,SCI_L_W5L2_Osmosis_Core_Practical_Explore.html,AMBIGUOUS,both,"exit slide · data-tier=""Standard"" panel; and printpack pp2 'Exit + feedback response' · Standard line",<b>▲ Standard</b><p>Name two controls.</p>,"'Controls' is doubly loaded in practical science: control variables (what is kept the same) and a control experiment (a comparison run). The exit stem gives no steer, so an answer of 'a tube with no potato in it' is defensible against the stem while being marked wrong against the intent. Everything around it uses the precise term — the success criterion 'Identify independent/dependent/control variables.', the WORD HELP row 'variable — something that can change; here, only the concentration should', and this lesson's own witness line '☐ Named the control variables.' PRINT TWIN, same fix required for parity: current bytes '<b>Standard:</b> Name two controls.</p>' → '<b>Standard:</b> Name two control variables.</p>'.",'Control variable' is the Edexcel term for a quantity held constant. Using the bare noun 'controls' invites the control-experiment reading and loses the precision the lesson has already taught.,low,ONE-LINE-REWORD,<b>▲ Standard</b><p>Name two control variables.</p>,none (found in file)
LAUNCH,W5,SCI_L_W5L1_Osmosis_Introduce.html,UNDER-PITCHED,both,"independent slide · .lword WORD HELP row 1; and printpack pp1 'WORD HELP' box, osmosis line","<span class=""lw-bridge"" hidden>water moving across a membrane towards the stronger solution</span>","The bridge for the formal term 'osmosis' drops the partial permeability that the rest of the lesson treats as non-negotiable: the LO ('...depends on a partially permeable membrane'), the lab conclusion ('osmosis is the net movement of water across a partially permeable membrane, from dilute towards concentrated'), the glitch repair, and the witness line '☐ Defined osmosis including partially permeable membrane'. Mitigating: this file carries a separate 'partially permeable' bridge in the adjacent row. PRINT TWIN, same fix for parity: current bytes '<b>osmosis</b> — water moving across a membrane towards the stronger solution<br/>' → '<b>osmosis</b> — water moving across a membrane that lets water through but not sugar, towards the stronger solution<br/>'. Owner call: adding the qualifier keeps the bridge faithful; the suggested wording keeps it in plain language rather than importing the hard term.","Across a freely permeable membrane there is no sustained net water movement towards the 'stronger' solution — the solute equalises instead. The selectivity is what makes the stated direction true, so a bridge that omits it describes something that does not happen.",low,PROPOSED,"<span class=""lw-bridge"" hidden>water moving across a membrane that lets water through but not sugar, towards the stronger solution</span>",cross-pathway checks 3 and 6 (bridges scientifically faithful; osmosis keeps its partially permeable membrane)
LAUNCH,W5,SCI_L_W5L2_Osmosis_Core_Practical_Explore.html,UNDER-PITCHED,both,"independent slide · .lword WORD HELP row 1; and printpack pp1 'WORD HELP' box, osmosis line","<span class=""lw-bridge"" hidden>water moving across a membrane towards the stronger solution</span>","Same bridge as W5L1, but weaker here: this file's WORD HELP rows are osmosis / percentage change / variable, so there is NO 'partially permeable' row to carry the missing idea, and the printed pack's only statement of what osmosis is is this bridge plus the retrieval line 'Water moves from a dilute to a more concentrated solution.' Neither names selectivity, while the on-screen glitch repair does ('The membrane is partially permeable: it lets water through and holds sugar back'). PRINT TWIN, same fix for parity: current bytes '<b>osmosis</b> — water moving across a membrane towards the stronger solution<br/>' → '<b>osmosis</b> — water moving across a membrane that lets water through but not sugar, towards the stronger solution<br/>'. Fix W5L1 and W5L2 together so the bridge stays identical across the week.",As W5L1: the stated direction of net water movement is only true because the membrane holds the solute back. On the printed W5L2 pack that condition is currently stated nowhere.,low,PROPOSED,"<span class=""lw-bridge"" hidden>water moving across a membrane that lets water through but not sugar, towards the stronger solution</span>",cross-pathway checks 3 and 6
LAUNCH,W5,SCI_L_W5L1_Osmosis_Introduce.html,AMBIGUOUS,print,"printpack · pp1 · <p class=""pentry""> mid-year-arrival line (identical bytes in W5L2 and W5L3 print packs)","<p class=""pentry"" style=""margin:0 0 8px;font-size:.92rem""><b>Not here last lesson?</b> Everything you need is in the box above — read it, then answer.</p>","Screen/print positional break. On screen the .entry-route line sits directly BELOW the 'Retrieve the previous learning' box, so 'the box above' points at it correctly. In the print pack the same sentence is placed ABOVE the 'Retrieval:' paragraph (order is Name/Date → this line → Learning objective → Retrieval), so a pupil who missed the previous lesson is sent upward to a name-and-date line. The identical line and identical mispositioning occur in all three W5 print packs (2 occurrences per file: 1 screen, 1 print — only the print instance is wrong).","Not a science error — an access instruction that misdirects exactly the pupil it exists to serve, and only on the printed surface.",low,ONE-LINE-REWORD,"<p class=""pentry"" style=""margin:0 0 8px;font-size:.92rem""><b>Not here last lesson?</b> Everything you need is in the retrieval box on this sheet — read it, then answer.</p>",cross-pathway check 4 (screen vs print parity)
LAUNCH,W5,SCI_L_W5L3_Osmosis_Data_Do.html,AMBIGUOUS,screen,wedo (We Do 2) · .widget '📊 Osmosis data studio' · .formula labels 0.0/0.2/0.4/0.6/0.8 and #wf-W5L3,"<div class=""wf"" aria-live=""polite"" id=""wf-W5L3"">Read the pattern first. A zero crossing is an estimate, not an exact magic answer.</div>","The five studio inputs are labelled only '0.0 0.2 0.4 0.6 0.8' with no quantity and no unit anywhere in the widget, and the value typed in is a different quantity again (% mass change). The unit exists elsewhere in the file — the anomaly lab's buttons say 'Near 0.2 mol dm⁻³' and its estimate card says 'mol dm⁻³' — so the studio is the only place the axis quantity goes unnamed. This lesson's own R3 retrieval asks 'Week 3: why must units match before you calculate?'.","Not false, but an unlabelled axis quantity is precisely the graphing fault the lesson assesses ('Adult ... marks the axes and units before any plotting begins' — staff matrix, W5L3 preparation column).",low,ONE-LINE-REWORD,"<div class=""wf"" aria-live=""polite"" id=""wf-W5L3"">Each box is a sugar concentration in mol dm⁻³; type the % mass change you measured for it. Read the pattern first. A zero crossing is an estimate, not an exact magic answer.</div>","analogue of the GROW 'unit never named on the practical route' lead, applied to LAUNCH"
LAUNCH,W5,SCI_L_W5L3_Osmosis_Data_Do.html,UNDER-PITCHED,screen,independent slide · .lword WORD HELP (rows: percentage change / evaluate / evidence),"<span class=""lw-term"">evidence</span>","'Mean' is load-bearing on the We Do 2 screen — the button 'Show the mean results', the frozen row 'Means from three repeats each', 'comes OUT of the mean', 'Excluded, the 0.6 mean moves from -0.2% to -2.4%', and the closing instruction 'exclude the odd one from the mean and say why' — but it is not in WORD HELP and is defined nowhere in the week. Insert the proposed row after the 'evidence' row. Deliberately NOT reported as an error: nothing in these files defines mean incorrectly, and the lab computes it for the pupil, so this is an owner call on whether a fourth glossary row is wanted.","scMean() in this file is a true arithmetic mean (sum ÷ count, non-finite values dropped) — verified by the in-file fixture gate assertion scMean([2,4,6])===4. No median-for-mean confusion exists here; the gap is only that the term is used untaught.",low,PROPOSED,"<div class=""lw-row"">
<span class=""lw-term"">mean</span>
<button class=""lw-btn"" type=""button"" aria-expanded=""false"" onclick=""lsgWord(this)"">word help</button>
<span class=""lw-bridge"" hidden>add the repeats up and share the total between them</span>
</div>","GROW W5B 'mean defined as the middle value' — checked here, not present"
LAUNCH,W6,LAUNCH_SCIENCE_PRACTICALS_MATRIX.html,WRONG,teacher-doc,"Practicals matrix, W6L1 row, Safety cell (identical bytes in LAUNCH_SCIENCE_PRACTICALS_MATRIX_PROGRESS_SCHOOLS.html)",Desk-based with no hazard. <b>Small counters and beads are a choking risk</b> — check suitability for the group and supervise throughout.,"The cell asserts ""no hazard"" and then names a choking hazard in the next sentence. It is the only Safety cell in the matrix that does this — every other row either states a plain ""Desk-based."" or leads with the hazard. It also contradicts the lesson itself: SCI_L_W6L1 states ""No practical hazard; comparison table remains visible to reduce memory load."" on both screen and print, and lists a different kit (""Comparison cards/table; root hair/gut diagrams; local model."") that contains no counters or beads at all.","Not a science error but a safety-record error. A teacher reading only the lesson pack sees a blanket ""no practical hazard"" for a kit the matrix says includes small beads; a teacher reading the matrix sees ""no hazard"" and a choking risk in the same sentence. One of the two kit lists is wrong and the owner has to say which.",medium,MECHANICAL-FIX,"Desk-based, but not equipment-free. <b>Small counters and beads are a choking risk</b> — check suitability for the group and supervise throughout.",cross-pathway check 8 (teacher docs must contradict no lesson)
LAUNCH,W6,SCI_L_W6L2_Root_Hairs_And_Gut_Explore.html,OVER-PITCHED,screen,"data-type=""wedo"" (We Do 2 · scientific model / data), .sclab intro paragraph, id=""sclab-W6L2""","It tests three pieces of evidence about a root hair cell, and freezes what each one proves.","""proves"" over-certifies single pieces of evidence, and it contradicts this lesson's own I Do 2 reasoning step three slides earlier: ""Avoid claiming the graph proves oxygen is the only factor."" It also cuts against the Stretch route, which asks pupils to ""Evaluate whether graph alone proves oxygen is the only limiting factor."" — the lab has already told them each item proves something.","Correlational evidence (uptake falls as oxygen falls) supports the active-transport explanation; it does not prove it. The lesson is explicitly teaching that distinction in the same 40 minutes, so the lab framing must use the weaker verb.",medium,ONE-LINE-REWORD,"It tests three pieces of evidence about a root hair cell, and freezes what each one shows.",extension of the BUILD W7 prediction/evidence-language lead to LAUNCH
LAUNCH,W6,LAUNCH_SCIENCE_PRACTICALS_MATRIX.html,WRONG,teacher-doc,"Practicals matrix, W6L3 row, ""Digital alternative"" cell (identical bytes in the PROGRESS_SCHOOLS copy)",reveal-step buttons for the two questions that separate the three processes.,"The W6L3 reveal-step buttons do not present two questions. The three steps in id=""W6L3-1"" are ""Build a four-question comparison matrix."", ""Model a true compare sentence naming both processes."" and ""Show why a one-sided answer misses the command word."" The lesson's own success criterion is ""Use direction/substance/membrane/energy as discriminators."" — four, not two. A teacher preparing from the matrix expects a two-question reveal and finds a four-column matrix.","Same defect class as the known W7B matrix lead: the teacher doc states a step count the lesson does not have. Both counts are defensible science (two questions — what moves? is energy spent? — do separate the three), but the doc and the lesson must state the same one.",medium,PROPOSED,reveal-step buttons for the four-question comparison matrix that separates the three processes.,"GROW W7B matrix step-count lead, re-derived for LAUNCH W6"
LAUNCH,W6,SCI_L_W6L3_Compare_Transport_Do.html,AMBIGUOUS,both,"data-type=""arrival"", tier Stretch, Lead-in question (screen .lq-ask, .lq-route ""Next step up"" on the Standard panel, data-speak-text, and the print pack ""Lead-in · Into today"" is the Standard version)","Given an unfamiliar example, name the two questions that decide which process it is.","Nothing in this lesson names two questions. The I Do models ""Build a four-question comparison matrix."", the success criteria list four discriminators (""Use direction/substance/membrane/energy as discriminators.""), and the Supported scaffold prints ""Direction · water? · membrane? · energy?"" — four. A Stretch pupil who has been taught four is asked to produce two that were never stated.","Two questions genuinely do separate the three processes (is water the thing moving across the membrane? is energy being spent?), and the lab's frozen summary implies exactly that route — but the lesson never says so, so the number is unrecoverable from the taught material.",low,PROPOSED,"Given an unfamiliar example, name the questions from the matrix that decide which process it is.",
LAUNCH,W6,SCI_L_W6L1_Active_Transport_Introduce.html,AMBIGUOUS,both,"data-type=""independent"", WORD HELP (.lw-term ""concentration gradient"" + .lw-bridge), and the print pack WORD HELP box; identical bytes in SCI_L_W6L3 and in SCI_L_W4L1 / SCI_L_W4L2",the difference between a crowded area and an empty one,"The bridge describes the low-concentration side as ""empty"". A gradient exists between any two different concentrations; neither side has to be empty. This is the term pupils use all through W4–W6 to decide direction, and ""empty"" invites the standard misconception that movement only runs into an empty space and stops when one side is merely less crowded.","A concentration gradient is a difference in concentration between two regions, not a crowded/empty pair. The accurate bridge is no harder to read at this pitch.",low,ONE-LINE-REWORD,the difference between a crowded area and a less crowded one,cross-pathway check 3 (WORD HELP bridges scientifically faithful)
LAUNCH,W6,SCI_L_W6L1_Active_Transport_Introduce.html,AMBIGUOUS,screen,"data-type=""starter"", ""🔍 Scientific question"" box",A root hair cell already contains more mineral ions than the soil but still takes more in. Which previous process cannot explain this?,"Singular ""process"" implies one answer, but both previously taught processes fail this scenario: diffusion cannot run against the gradient, and osmosis moves water only, so it cannot move mineral ions either. A pupil answering ""osmosis"" is scientifically right and would be treated as off-target.","Diffusion and osmosis are both ruled out by the stated evidence, for different reasons. The plural stem is the stronger question anyway — it makes the pupil give both reasons, which is exactly the W6L3 compare skill.",low,ONE-LINE-REWORD,A root hair cell already contains more mineral ions than the soil but still takes more in. Which previous processes cannot explain this?,
LAUNCH,W6,SCI_L_W6L1_Active_Transport_Introduce.html,WRONG,screen,"data-type=""wedo"" (We Do 2), .sclab intro paragraph, id=""sclab-W6L1""","It tests three real movements into and out of cells, and freezes which of them need energy.","All three movements the lab actually offers are inward: ""Oxygen into blood"", ""Water into a root"", ""Nitrate into a root"" (JS scData: 'Oxygen into the blood', 'Water into a root hair', 'Nitrate into a root hair'). Nothing moves out of a cell.","Minor but checkable: the sentence describes content the lab does not contain, and a pupil looking for the outward example will not find one.",low,MECHANICAL-FIX,"It tests three real movements into cells, and freezes which of them need energy.",
LAUNCH,W6,SCI_L_W6L1_Active_Transport_Introduce.html,WRONG,print,"printpack .pp page 1, <p class=""pentry""> — identical bytes in SCI_L_W6L2 and SCI_L_W6L3 print packs","<p class=""pentry"" style=""margin:0 0 8px;font-size:.92rem""><b>Not here last lesson?</b> Everything you need is in the box above — read it, then answer.</p>","Screen/print parity break in the pointer. On screen the .entry-route box sits directly BELOW the retrieval box, so ""above"" is correct. In the print pack the same sentence is printed FIRST — above the Learning objective and above the Retrieval paragraph — so ""the box above"" points at the name/date line. There is no CSS reorder (@media print has no .pentry rule), so it prints in document order. Fix the print copy only; leave the screen .entry-route sentence unchanged.","Not science, but it breaks the access route the sentence exists to provide: the returning-absentee pupil is sent to the wrong place on the paper surface.",low,MECHANICAL-FIX,"<p class=""pentry"" style=""margin:0 0 8px;font-size:.92rem""><b>Not here last lesson?</b> Everything you need is in the Retrieval box below — read it, then answer.</p>",cross-pathway check on SCREEN vs PRINT parity
LAUNCH,W6,SCI_L_W6L3_Compare_Transport_Do.html,WRONG,screen,"data-type=""arrival"", .note beneath the tier panels","Arrival retrieves three times, then leads in. R1 is last lesson, R2 is the previous week, R3 is older material, and the lead-in opens today without teaching today’s concept.","In this lesson R2 is badged ""Week 6 · lesson 1"" (this week, not the previous week) and R3 is ""Week 5"" (the previous week). The boilerplate note therefore misdescribes its own slide. It is correct as written in W6L1 and W6L2, where R2 really is Week 5.",Teacher-facing note contradicting the questions printed beside it; a teacher using the note to judge pitch will read the ladder wrongly.,low,ONE-LINE-REWORD,"Arrival retrieves three times, then leads in. R1 is last lesson, R2 is earlier this week, R3 is older material, and the lead-in opens today without teaching today’s concept.",cross-pathway check 8 (no doc/lesson contradiction)
LAUNCH,W6,SCI_L_W6L2_Root_Hairs_And_Gut_Explore.html,AMBIGUOUS,both,"data-type=""arrival"", .box scaf retrieval box (screen) and printpack ""Retrieval:"" line",<b>Retrieve the previous learning:</b> W6L1 against-gradient movement and energy.,"The entry-route box immediately below promises ""Everything you need is in the box above — read it, then answer."", but this box carries W6L1 content only. R2 asks ""Week 5: define osmosis using the word membrane."" and R3 asks ""Week 4: name one adaptation that speeds up diffusion."" — neither is recoverable from the box. W6L1 has a milder version of the same gap (its box does not mention the zero-change point R1 asks about); W6L3's box is the model to copy, since it carries the full osmosis definition.","Not a false statement of science, but the absentee-access promise is not honoured, and the pupil most dependent on it is the one who was away.",low,PROPOSED,"<b>Retrieve the previous learning:</b> W6L1 against-gradient movement and energy. Osmosis: net movement of water only, from a dilute to a more concentrated solution, through a partially permeable membrane. Diffusion is faster across a large, thin surface.",
LAUNCH,W6,SCI_L_W6L1_Active_Transport_Introduce.html,AMBIGUOUS,both,"data-type=""exit"", tier Supported panel; and printpack .pp page 2 ""Exit + feedback response"" (""<b>Supported:</b> With or against gradient?"")",With or against gradient?,"The stem names no subject. On screen the slide context carries it; on the printed exit sheet the question stands alone on a page headed only ""Exit + feedback response"", with the learning objective on the previous page. The Supported tier is the one least able to reconstruct the missing subject.","Ambiguity of stem, not of science. Both copies must change together to keep screen/print parity.",low,PROPOSED,Active transport: with or against the gradient?,cross-pathway check 1 (exit stems)
LAUNCH,W7,LAUNCH_SCIENCE_PRACTICALS_MATRIX.html,WRONG,teacher-doc,"Practicals & Equipment Matrix, row W7L1, column ""Digital alternative"" (identical bytes also in LAUNCH_SCIENCE_PRACTICALS_MATRIX_PROGRESS_SCHOOLS.html)","<td data-l=""Digital alternative"">In-lesson <b>Topic 1 retrieval map</b> — build the connections by button, one link at a time.</td>","The teacher doc names the wrong widget and mis-states what it does. In SCI_L_W7L1 the widget headed ""🧠 Topic 1 retrieval map"" is four click-to-open definition cards (Magnification / Diffusion / Osmosis / Active transport) — it builds no links at all. The lesson says so in its own words on the same slide: ""The map above checks single ideas one at a time. This lab is button-only. It tests the LINKS between the ideas"". The link-by-link, button-only device is the separate ""🔗 Connection lab"". A member of staff who loses the concept cards and follows this row lands on the definition widget and never runs the connection route the row promises.","Cross-pathway check 8: a teacher doc must contradict no lesson. This row asserts of a named in-lesson widget exactly the behaviour the lesson explicitly denies of that widget. It also misrepresents the assessed object: for W7L1 the assessment is naming the connection (""Naming the connection is the assessment, not drawing the arrow"", same row), and only the Connection lab exercises that.",medium,MECHANICAL-FIX,"<td data-l=""Digital alternative"">In-lesson <b>Connection lab</b> — test the links between Topic 1 ideas by button, one link at a time. The <b>Topic 1 retrieval map</b> beside it opens the single ideas.</td>","Analogue of the GROW W7B lead (matrix claiming a route the lesson does not have) — confirmed here in LAUNCH, in a different form."
LAUNCH,W7,SCI_L_W7L1_Topic_1_Round_Up_Introduce.html,AMBIGUOUS,screen,"data-type=""wedo"" (We Do 2 · scientific model / data), Connection lab #sclab-W7L1, Step 1 · Predict, before you test","<p style=""margin:0 0 5px"">Which pair of Topic 1 ideas is most tightly linked?</p>","The predict-commit promises an adjudication the lab cannot deliver. On pressing an option the pupil is told ""Prediction received: … Nothing is marked. Test all three and find out."", but ""most tightly linked"" has no determinate answer, and testing all three never resolves it — the closing line just says all three are frozen. The two sibling lessons both use a determinate stem that the tests do settle (W7L2: ""Which command word demands the word “because”?""; W7L3: ""Item 1 asks you to CALCULATE. What must the answer show?""). W7L1 is the odd one out, so the predict → test → find out loop dead-ends here.","The lesson's own gate rule is that the explanation is earned by testing/reasoning from evidence. A prediction that the evidence cannot decide teaches the opposite: that predictions are decorative. The proposed stem is settled by frozen result 3 (""Against-the-gradient movement is paid for by energy from respiration"") and stays unmarked at the moment of committing, exactly like the W7L2/W7L3 stems.",low,ONE-LINE-REWORD,"<p style=""margin:0 0 5px"">Which pair below is joined by energy from respiration?</p>",none — found during the full read
LAUNCH,W7,SCI_L_W7L1_Topic_1_Round_Up_Introduce.html,WRONG,print,"printpack › first .pp, class=""pentry"" line (identical bytes in SCI_L_W7L2_Command_Words_Explore.html and SCI_L_W7L3_Exam_Practice_Do.html)","<p class=""pentry"" style=""margin:0 0 8px;font-size:.92rem""><b>Not here last lesson?</b> Everything you need is in the box above — read it, then answer.</p>","Screen/print reference inversion. On screen the entry-route box sits directly AFTER the retrieval box (""Retrieve the previous learning: W3–6 magnification, diffusion, osmosis, active transport.""), so ""the box above"" is correct. In the print pack the same sentence is placed BEFORE the Learning objective and Retrieval lines, so on paper there is nothing above it but the Name/Date rule. A returning pupil — the exact pupil this line exists for — is sent to a box that is not there.","Not a science error, but a parity defect on a live print surface that breaks the catch-up route for the pupil least able to reconstruct the missing week. Minimal fix keeps the print order and repoints the reference.",low,MECHANICAL-FIX,"<p class=""pentry"" style=""margin:0 0 8px;font-size:.92rem""><b>Not here last lesson?</b> Everything you need is in the Retrieval box below — read it, then answer.</p>",none — found during the screen-vs-print parity pass
LAUNCH,W7,LAUNCH_SCIENCE_PRACTICALS_MATRIX.html,AMBIGUOUS,teacher-doc,"Practicals & Equipment Matrix, row W7L2, column ""Digital alternative"" (identical bytes also in LAUNCH_SCIENCE_PRACTICALS_MATRIX_PROGRESS_SCHOOLS.html)","<td data-l=""Digital alternative"">In-lesson <b>Command-word decoder</b> — choose a command word and see what the answer has to do differently.</td>","The ""🧭 Command-word decoder"" in SCI_L_W7L2 is a static four-cell grid (DESCRIBE / EXPLAIN / CALCULATE / COMPARE) with no button, link or handler — there is nothing to choose and nothing changes. The choose-one-and-see-the-answer-change device is the ""🗝️ Answer shape lab"" below it, which puts the same potato result through three command words by button. As written the row promises staff an interaction the named widget does not have.","Cross-pathway check 8. Lower severity than the W7L1 row because the decoder does display what each command word demands, so a pupil pointed at it still meets the content; only the promised interaction is absent.",low,ONE-LINE-REWORD,"<td data-l=""Digital alternative"">In-lesson <b>Answer shape lab</b> — put one result through DESCRIBE, EXPLAIN and COMPARE by button and watch the answer change shape. The <b>Command-word decoder</b> beside it names what each command word demands.</td>",same family as the GROW W7B matrix lead
LAUNCH,W7,SCI_L_W7L3_Exam_Practice_Do.html,AMBIGUOUS,both,"data-type=""arrival"", teacher note under the three tier panels (screen); the same slide labels R2 as ""Week 7 · lesson 1"" on screen and ""R2 · Week 7 · lesson 1"" in the print pack","<div class=""note"">Arrival retrieves three times, then leads in. R1 is last lesson, R2 is the previous week, R3 is older material, and the lead-in opens today without teaching today’s concept.</div>","The boilerplate note contradicts the slide it sits on. In W7L3 R1 = W7L2 (last lesson), R2 = W7L1 (earlier the SAME week, badged ""Week 7 · lesson 1""), R3 = Weeks 3–6. The note tells staff R2 is the previous week. The retrieval chain itself is right — W7L2's R1 retrieves W7L1 and W7L3's R1/R2 retrieve W7L2/W7L1, which is what the task owner's ruling requires — so only the descriptor is stale, and only in this file (W7L1 and W7L2 genuinely have R2 = Week 6).","No science is wrong; the risk is a TA following the note and re-pitching R2 at Week 6 material, which would break the deliberate same-week W7L1 → W7L3 retrieval. Flagged PROPOSED-grade because the note is a suite-wide template and the owner may prefer to leave it untouched.",low,PROPOSED,"<div class=""note"">Arrival retrieves three times, then leads in. R1 is last lesson, R2 is earlier in this week, R3 is older material, and the lead-in opens today without teaching today’s concept.</div>",BUILD W3B / retrieval lead — the retrieval structure itself is CONFIRMED CLEAN here; only the descriptor line is off.
