file,slide_type,slide_title,panel,tier,surface,qnum,label,stem
BUILD__SCI_B_W3A_Backbones_Explore.html,arrival,🚪 Arrival · what you already know,arrival,Supported,screen,1,,What you know: Point to the backbone on the skeleton picture.
BUILD__SCI_B_W3A_Backbones_Explore.html,arrival,🚪 Arrival · what you already know,arrival,Supported,screen,2,,Animals you know: Point to an animal card you know.
BUILD__SCI_B_W3A_Backbones_Explore.html,arrival,🚪 Arrival · what you already know,arrival,Supported,screen,3,,Think about it: Point to a hard animal. Point to a soft animal.
BUILD__SCI_B_W3A_Backbones_Explore.html,arrival,🚪 Arrival · what you already know,arrival,Supported,screen,4,,Lead-in: Look at the crab picture. Point to its hard outside.
BUILD__SCI_B_W3A_Backbones_Explore.html,arrival,🚪 Arrival · what you already know,arrival,Standard,screen,1,,What you know: Name two bones you already know. Then point to the backbone.
BUILD__SCI_B_W3A_Backbones_Explore.html,arrival,🚪 Arrival · what you already know,arrival,Standard,screen,2,,Animals you know: Name an animal you think has bones inside. Say how you know.
BUILD__SCI_B_W3A_Backbones_Explore.html,arrival,🚪 Arrival · what you already know,arrival,Standard,screen,3,,Think about it: Say one thing a skeleton does.
BUILD__SCI_B_W3A_Backbones_Explore.html,arrival,🚪 Arrival · what you already know,arrival,Standard,screen,4,,Lead-in: A crab feels hard outside. Say one thing you notice about that.
BUILD__SCI_B_W3A_Backbones_Explore.html,arrival,🚪 Arrival · what you already know,arrival,Stretch,screen,1,,What you know: What do you already know about what a skeleton does?
BUILD__SCI_B_W3A_Backbones_Explore.html,arrival,🚪 Arrival · what you already know,arrival,Stretch,screen,2,,Animals you know: Which animals do you think have bones inside? Why?
BUILD__SCI_B_W3A_Backbones_Explore.html,arrival,🚪 Arrival · what you already know,arrival,Stretch,screen,3,,Think about it: What might hold up an animal with no bones? Say your idea.
BUILD__SCI_B_W3A_Backbones_Explore.html,arrival,🚪 Arrival · what you already know,arrival,Stretch,screen,4,,Lead-in: A crab is hard outside. A worm is soft. What questions does that give you?
BUILD__SCI_B_W3A_Backbones_Explore.html,arrival,🚪 Arrival · what you already know,,,screen,1,,What you know: Point to the backbone on the skeleton picture.
BUILD__SCI_B_W3A_Backbones_Explore.html,arrival,🚪 Arrival · what you already know,,,screen,2,,Animals you know: Point to an animal card you know.
BUILD__SCI_B_W3A_Backbones_Explore.html,arrival,🚪 Arrival · what you already know,,,screen,3,,Think about it: Point to a hard animal. Point to a soft animal.
BUILD__SCI_B_W3A_Backbones_Explore.html,arrival,🚪 Arrival · what you already know,,,screen,4,,Lead-in: Look at the crab picture. Point to its hard outside.
BUILD__SCI_B_W3A_Backbones_Explore.html,arrival,🚪 Arrival · what you already know,,,screen,1,,What you know: Name two bones you already know. Then point to the backbone.
BUILD__SCI_B_W3A_Backbones_Explore.html,arrival,🚪 Arrival · what you already know,,,screen,2,,Animals you know: Name an animal you think has bones inside. Say how you know.
BUILD__SCI_B_W3A_Backbones_Explore.html,arrival,🚪 Arrival · what you already know,,,screen,3,,Think about it: Say one thing a skeleton does.
BUILD__SCI_B_W3A_Backbones_Explore.html,arrival,🚪 Arrival · what you already know,,,screen,4,,Lead-in: A crab feels hard outside. Say one thing you notice about that.
BUILD__SCI_B_W3A_Backbones_Explore.html,arrival,🚪 Arrival · what you already know,,,screen,1,,What you know: What do you already know about what a skeleton does?
BUILD__SCI_B_W3A_Backbones_Explore.html,arrival,🚪 Arrival · what you already know,,,screen,2,,Animals you know: Which animals do you think have bones inside? Why?
BUILD__SCI_B_W3A_Backbones_Explore.html,arrival,🚪 Arrival · what you already know,,,screen,3,,Think about it: What might hold up an animal with no bones? Say your idea.
BUILD__SCI_B_W3A_Backbones_Explore.html,arrival,🚪 Arrival · what you already know,,,screen,4,,Lead-in: A crab is hard outside. A worm is soft. What questions does that give you?
BUILD__SCI_B_W3A_Backbones_Explore.html,starter,🌱 Starter · create the need to know,,,screen,,,"A crab can feel hard and protected, but it has no bones inside. How can that be? Choose a hypothesis before we reveal the inside."
BUILD__SCI_B_W3A_Backbones_Explore.html,independent,✏️ Independent · evidence of learning,,,screen,,,Creature X-Ray case file. Sort the eight animal cards. Make two groups. Then pick one animal. Prove its classification. Your evidence is body parts you can see.
BUILD__SCI_B_W3A_Backbones_Explore.html,independent,✏️ Independent · evidence of learning,,,screen,,,◆ Use the BACKBONE mat. Use the NO BACKBONE mat. Sort your cards. Two anchor cards help. 🧰 Scaffold Anchor cards. A fish has an internal backbone. A crab’s hard case is outside. Word bank: backbone · inside · outside · hard · support. Fade it: remove the first prompt no longer needed.
BUILD__SCI_B_W3A_Backbones_Explore.html,independent,✏️ Independent · evidence of learning,,,screen,,,▲ Sort all eight animals. Then pick one. Write one ‘because’ sentence. It must prove your choice. 🧰 Scaffold Sentence stem. ‘The ___ is a ___ because I can see ___’. Or swap in ‘cannot’. Fade it: remove the first prompt no longer needed.
BUILD__SCI_B_W3A_Backbones_Explore.html,independent,✏️ Independent · evidence of learning,,,screen,,,★ Sort them all. Justify two choices. An invertebrate has no backbone. Explain what holds it up. 🧰 Scaffold Add a counterexample. Pick a big animal. Pick a small one. Size is not a valid classification test. Nor is fur. Fade it: remove the first prompt no longer needed.
BUILD__SCI_B_W3A_Backbones_Explore.html,exit,🎫 Exit · adult Audience closes BUILD,exit,Supported,screen,,,Circle the vertebrate: worm / cat.
BUILD__SCI_B_W3A_Backbones_Explore.html,exit,🎫 Exit · adult Audience closes BUILD,exit,Standard,screen,,,Name one vertebrate and one invertebrate and give the test you used.
BUILD__SCI_B_W3A_Backbones_Explore.html,exit,🎫 Exit · adult Audience closes BUILD,exit,Stretch,screen,,,Explain how an animal can be supported even without an internal backbone.
BUILD__SCI_B_W3A_Backbones_Explore.html,exit,🎫 Exit · adult Audience closes BUILD,,,screen,,,Circle the vertebrate: worm / cat.
BUILD__SCI_B_W3A_Backbones_Explore.html,exit,🎫 Exit · adult Audience closes BUILD,,,screen,,,Name one vertebrate and one invertebrate and give the test you used.
BUILD__SCI_B_W3A_Backbones_Explore.html,exit,🎫 Exit · adult Audience closes BUILD,,,screen,,,Explain how an animal can be supported even without an internal backbone.
BUILD__SCI_B_W3A_Backbones_Explore.html,print,print pack,route,Supported,print,,,◆ Use the BACKBONE mat. Use the NO BACKBONE mat. Sort your cards. Two anchor cards help.
BUILD__SCI_B_W3A_Backbones_Explore.html,print,print pack,route,Standard,print,,,▲ Sort all eight animals. Then pick one. Write one ‘because’ sentence. It must prove your choice.
BUILD__SCI_B_W3A_Backbones_Explore.html,print,print pack,route,Stretch,print,,,★ Sort them all. Justify two choices. An invertebrate has no backbone. Explain what holds it up.
BUILD__SCI_B_W3A_Backbones_Explore.html,print,print pack,box,,print,,,Name: _______________________________ Date: ______________________
BUILD__SCI_B_W3A_Backbones_Explore.html,print,print pack,box,,print,,,"New to this class, or not sure? Everything you need is in the Arrival box below — read it, then answer."
BUILD__SCI_B_W3A_Backbones_Explore.html,print,print pack,box,,print,,,Learning objective: I can sort animals into those with a backbone and those without.
BUILD__SCI_B_W3A_Backbones_Explore.html,print,print pack,box,,print,,,Model: helps us see — The model helps us check one feature every time: the internal backbone. Does not show — It does not show every feature. Looks alone cannot prove a classification.
BUILD__SCI_B_W3A_Backbones_Explore.html,print,print pack,box,,print,,,Arrival — what you already know: Weeks 1 and 2 were baseline. There is no previous lesson to recall — this is where the teaching starts.
BUILD__SCI_B_W3A_Backbones_Explore.html,print,print pack,box,,print,,,Arrival (Supported forms): 1) Point to the backbone on the skeleton picture. 2) Point to an animal card you know. 3) Point to a hard animal. Point to a soft animal. 4) Look at the crab picture. Point to its hard outside.
BUILD__SCI_B_W3A_Backbones_Explore.html,print,print pack,box,,print,,,◆ Use the BACKBONE mat. Use the NO BACKBONE mat. Sort your cards. Two anchor cards help.
BUILD__SCI_B_W3A_Backbones_Explore.html,print,print pack,box,,print,,,▲ Sort all eight animals. Then pick one. Write one ‘because’ sentence. It must prove your choice.
BUILD__SCI_B_W3A_Backbones_Explore.html,print,print pack,box,,print,,,★ Sort them all. Justify two choices. An invertebrate has no backbone. Explain what holds it up.
BUILD__SCI_B_W3A_Backbones_Explore.html,print,print pack,box,,print,,,"Your sorted mat and your reason. An adult may take a photo, watch you sort, or record your voice if allowed."
BUILD__SCI_B_W3A_Backbones_Explore.html,print,print pack,box,,print,,,Supported: Circle the vertebrate: worm / cat.
BUILD__SCI_B_W3A_Backbones_Explore.html,print,print pack,box,,print,,,Standard: Name one vertebrate and one invertebrate and give the test you used.
BUILD__SCI_B_W3A_Backbones_Explore.html,print,print pack,box,,print,,,Stretch: Explain how an animal can be supported even without an internal backbone.
BUILD__SCI_B_W3A_Backbones_Explore.html,print,print pack,box,,print,,,"Pearson Entry Level Science 8939 (E1→E3); AQA UAS science units Records what was observed, and at which level of independence."
BUILD__SCI_B_W3A_Backbones_Explore.html,print,print pack,box,,print,,,Observed in this lesson
BUILD__SCI_B_W3A_Backbones_Explore.html,print,print pack,box,,print,,,☐ Located the backbone on a diagram unaided.
BUILD__SCI_B_W3A_Backbones_Explore.html,print,print pack,box,,print,,,☐ Sorted animals into vertebrate / invertebrate.
BUILD__SCI_B_W3A_Backbones_Explore.html,print,print pack,box,,print,,,☐ Gave a reason using the word 'because'.
BUILD__SCI_B_W3A_Backbones_Explore.html,print,print pack,box,,print,,,Assessor comment
BUILD__SCI_B_W3A_Backbones_Explore.html,print,print pack,box,,print,,,Ring the tier the pupil actually worked at
BUILD__SCI_B_W3A_Backbones_Explore.html,print,print pack,box,,print,,,Assessor name ______________ Role ____________ Signature ______________ Date ________
BUILD__SCI_B_W3A_Backbones_Explore.html,print,print pack,box,,print,,,Date: ____________________ PUPIL / EVIDENCE ID: ____________________
BUILD__SCI_B_W3A_Backbones_Explore.html,print,print pack,box,,print,,,Learning objective: I can sort animals into those with a backbone and those without.
BUILD__SCI_B_W3A_Backbones_Explore.html,print,print pack,box,,print,,,"Optional one-page capture. Point, say, draw or have an adult scribe — writing is never required. This sheet adds to the tiered pack; it never replaces it."
BUILD__SCI_B_W3B_Backbone_Detectives_Do.html,arrival,🚪 Arrival · retrieve last lesson,arrival,Supported,screen,1,,Last lesson: Point to BACKBONE or NO BACKBONE for a robin.
BUILD__SCI_B_W3B_Backbone_Detectives_Do.html,arrival,🚪 Arrival · retrieve last lesson,arrival,Supported,screen,2,,Last lesson: Point to the one with no backbone: the fish or the worm.
BUILD__SCI_B_W3B_Backbone_Detectives_Do.html,arrival,🚪 Arrival · retrieve last lesson,arrival,Supported,screen,3,,Last lesson: Point to the backbone on the fish picture.
BUILD__SCI_B_W3B_Backbone_Detectives_Do.html,arrival,🚪 Arrival · retrieve last lesson,arrival,Supported,screen,4,,Lead-in: Look at the mystery animal card. Point to one thing you notice.
BUILD__SCI_B_W3B_Backbone_Detectives_Do.html,arrival,🚪 Arrival · retrieve last lesson,arrival,Standard,screen,1,,"Last lesson: Classify robin, snail and spider from the Explore lesson."
BUILD__SCI_B_W3B_Backbone_Detectives_Do.html,arrival,🚪 Arrival · retrieve last lesson,arrival,Standard,screen,2,,Last lesson: Name one animal from last lesson with no backbone inside.
BUILD__SCI_B_W3B_Backbone_Detectives_Do.html,arrival,🚪 Arrival · retrieve last lesson,arrival,Standard,screen,3,,Last lesson: Say where the backbone is on the fish picture.
BUILD__SCI_B_W3B_Backbone_Detectives_Do.html,arrival,🚪 Arrival · retrieve last lesson,arrival,Standard,screen,4,,Lead-in: A detective uses clues. Say one clue an animal card could give you.
BUILD__SCI_B_W3B_Backbone_Detectives_Do.html,arrival,🚪 Arrival · retrieve last lesson,arrival,Stretch,screen,1,,Last lesson: Give the rule that separates vertebrates from invertebrates.
BUILD__SCI_B_W3B_Backbone_Detectives_Do.html,arrival,🚪 Arrival · retrieve last lesson,arrival,Stretch,screen,2,,Last lesson: How is a snail supported without a backbone inside?
BUILD__SCI_B_W3B_Backbone_Detectives_Do.html,arrival,🚪 Arrival · retrieve last lesson,arrival,Stretch,screen,3,,Last lesson: A crab is hard outside but is an invertebrate. Explain why.
BUILD__SCI_B_W3B_Backbone_Detectives_Do.html,arrival,🚪 Arrival · retrieve last lesson,arrival,Stretch,screen,4,,Lead-in: Which body clues would help you classify a strange animal?
BUILD__SCI_B_W3B_Backbone_Detectives_Do.html,arrival,🚪 Arrival · retrieve last lesson,,,screen,1,,Last lesson: Point to BACKBONE or NO BACKBONE for a robin.
BUILD__SCI_B_W3B_Backbone_Detectives_Do.html,arrival,🚪 Arrival · retrieve last lesson,,,screen,2,,Last lesson: Point to the one with no backbone: the fish or the worm.
BUILD__SCI_B_W3B_Backbone_Detectives_Do.html,arrival,🚪 Arrival · retrieve last lesson,,,screen,3,,Last lesson: Point to the backbone on the fish picture.
BUILD__SCI_B_W3B_Backbone_Detectives_Do.html,arrival,🚪 Arrival · retrieve last lesson,,,screen,4,,Lead-in: Look at the mystery animal card. Point to one thing you notice.
BUILD__SCI_B_W3B_Backbone_Detectives_Do.html,arrival,🚪 Arrival · retrieve last lesson,,,screen,1,,"Last lesson: Classify robin, snail and spider from the Explore lesson."
BUILD__SCI_B_W3B_Backbone_Detectives_Do.html,arrival,🚪 Arrival · retrieve last lesson,,,screen,2,,Last lesson: Name one animal from last lesson with no backbone inside.
BUILD__SCI_B_W3B_Backbone_Detectives_Do.html,arrival,🚪 Arrival · retrieve last lesson,,,screen,3,,Last lesson: Say where the backbone is on the fish picture.
BUILD__SCI_B_W3B_Backbone_Detectives_Do.html,arrival,🚪 Arrival · retrieve last lesson,,,screen,4,,Lead-in: A detective uses clues. Say one clue an animal card could give you.
BUILD__SCI_B_W3B_Backbone_Detectives_Do.html,arrival,🚪 Arrival · retrieve last lesson,,,screen,1,,Last lesson: Give the rule that separates vertebrates from invertebrates.
BUILD__SCI_B_W3B_Backbone_Detectives_Do.html,arrival,🚪 Arrival · retrieve last lesson,,,screen,2,,Last lesson: How is a snail supported without a backbone inside?
BUILD__SCI_B_W3B_Backbone_Detectives_Do.html,arrival,🚪 Arrival · retrieve last lesson,,,screen,3,,Last lesson: A crab is hard outside but is an invertebrate. Explain why.
BUILD__SCI_B_W3B_Backbone_Detectives_Do.html,arrival,🚪 Arrival · retrieve last lesson,,,screen,4,,Lead-in: Which body clues would help you classify a strange animal?
BUILD__SCI_B_W3B_Backbone_Detectives_Do.html,starter,🌱 Starter · create the need to know,,,screen,,,"Mystery creature: it has a hard outside case, many legs and no visible line of bones inside. Where would you place it — and what evidence matters?"
BUILD__SCI_B_W3B_Backbone_Detectives_Do.html,independent,✏️ Independent · evidence of learning,,,screen,,,Classification field lab. Move round the room. Look at each creature card. And each model. Make two groups. Build your display. Pick two animals. Add your evidence. Say what made you sure.
BUILD__SCI_B_W3B_Backbone_Detectives_Do.html,independent,✏️ Independent · evidence of learning,,,screen,,,◆ Classify six creatures. Use the anchor pair. An adult reads with you. 🧰 Scaffold Keep two cards out. Match each to the anchor pair. Fish has a backbone. Crab does not. Word bank: backbone · inside · outside · support. Fade it: remove the first prompt no longer needed.
BUILD__SCI_B_W3B_Backbone_Detectives_Do.html,independent,✏️ Independent · evidence of learning,,,screen,,,"▲ Classify all eight creatures. Pick two. Justify each choice. 🧰 Scaffold Evidence prompt. Look inside. Is there an internal backbone? Look outside. Hard case? Or soft, fluid support? Fade it: remove the first prompt no longer needed."
BUILD__SCI_B_W3B_Backbone_Detectives_Do.html,independent,✏️ Independent · evidence of learning,,,screen,,,★ Add a creature you do not know. Not sure? Say what more evidence you need. 🧰 Scaffold Use the words ‘not a valid test’. Pick one feature that tricks you. Then reject it. Fade it: remove the first prompt no longer needed.
BUILD__SCI_B_W3B_Backbone_Detectives_Do.html,exit,🎫 Exit · adult Audience closes BUILD,exit,Supported,screen,,,What one thing tells you an animal is a vertebrate?
BUILD__SCI_B_W3B_Backbone_Detectives_Do.html,exit,🎫 Exit · adult Audience closes BUILD,exit,Standard,screen,,,Classify a snake and crab and explain both.
BUILD__SCI_B_W3B_Backbone_Detectives_Do.html,exit,🎫 Exit · adult Audience closes BUILD,exit,Stretch,screen,,,Explain why appearance alone can lead to a classification mistake.
BUILD__SCI_B_W3B_Backbone_Detectives_Do.html,exit,🎫 Exit · adult Audience closes BUILD,,,screen,,,What one thing tells you an animal is a vertebrate?
BUILD__SCI_B_W3B_Backbone_Detectives_Do.html,exit,🎫 Exit · adult Audience closes BUILD,,,screen,,,Classify a snake and crab and explain both.
BUILD__SCI_B_W3B_Backbone_Detectives_Do.html,exit,🎫 Exit · adult Audience closes BUILD,,,screen,,,Explain why appearance alone can lead to a classification mistake.
BUILD__SCI_B_W3B_Backbone_Detectives_Do.html,print,print pack,route,Supported,print,,,◆ Classify six creatures. Use the anchor pair. An adult reads with you.
BUILD__SCI_B_W3B_Backbone_Detectives_Do.html,print,print pack,route,Standard,print,,,▲ Classify all eight creatures. Pick two. Justify each choice.
BUILD__SCI_B_W3B_Backbone_Detectives_Do.html,print,print pack,route,Stretch,print,,,★ Add a creature you do not know. Not sure? Say what more evidence you need.
BUILD__SCI_B_W3B_Backbone_Detectives_Do.html,print,print pack,box,,print,,,Name: _______________________________ Date: ______________________
BUILD__SCI_B_W3B_Backbone_Detectives_Do.html,print,print pack,box,,print,,,"New to this class, or not sure? Everything you need is in the Retrieval box below — read it, then answer."
BUILD__SCI_B_W3B_Backbone_Detectives_Do.html,print,print pack,box,,print,,,Learning objective: I can classify unfamiliar animals using evidence about their body structure.
BUILD__SCI_B_W3B_Backbone_Detectives_Do.html,print,print pack,box,,print,,,Model: helps us see — One classification rule stays in view while the animals change. Does not show — It uses just one rule. Real animals vary far more.
BUILD__SCI_B_W3B_Backbone_Detectives_Do.html,print,print pack,box,,print,,,"Previous lesson retrieval: W3A — vertebrate = internal backbone; invertebrates can use shells, hard outer cases or fluid support."
BUILD__SCI_B_W3B_Backbone_Detectives_Do.html,print,print pack,box,,print,,,Arrival (Supported forms): 1) Point to BACKBONE or NO BACKBONE for a robin. 2) Point to the one with no backbone: the fish or the worm. 3) Point to the backbone on the fish picture. 4) Look at the mystery animal card. Point to one thing you notice.
BUILD__SCI_B_W3B_Backbone_Detectives_Do.html,print,print pack,box,,print,,,◆ Classify six creatures. Use the anchor pair. An adult reads with you.
BUILD__SCI_B_W3B_Backbone_Detectives_Do.html,print,print pack,box,,print,,,▲ Classify all eight creatures. Pick two. Justify each choice.
BUILD__SCI_B_W3B_Backbone_Detectives_Do.html,print,print pack,box,,print,,,★ Add a creature you do not know. Not sure? Say what more evidence you need.
BUILD__SCI_B_W3B_Backbone_Detectives_Do.html,print,print pack,box,,print,,,"Your finished sort and two reasons. A photo with notes, an adult watching you explain, or a voice clip if allowed."
BUILD__SCI_B_W3B_Backbone_Detectives_Do.html,print,print pack,box,,print,,,Supported: What one thing tells you an animal is a vertebrate?
BUILD__SCI_B_W3B_Backbone_Detectives_Do.html,print,print pack,box,,print,,,Standard: Classify a snake and crab and explain both.
BUILD__SCI_B_W3B_Backbone_Detectives_Do.html,print,print pack,box,,print,,,Stretch: Explain why appearance alone can lead to a classification mistake.
BUILD__SCI_B_W3B_Backbone_Detectives_Do.html,print,print pack,box,,print,,,"Pearson Entry Level Science 8939 (E1→E3); AQA UAS science units Records what was observed, and at which level of independence."
BUILD__SCI_B_W3B_Backbone_Detectives_Do.html,print,print pack,box,,print,,,Observed in this lesson
BUILD__SCI_B_W3B_Backbone_Detectives_Do.html,print,print pack,box,,print,,,☐ Located the backbone on a diagram unaided.
BUILD__SCI_B_W3B_Backbone_Detectives_Do.html,print,print pack,box,,print,,,☐ Sorted animals into vertebrate / invertebrate.
BUILD__SCI_B_W3B_Backbone_Detectives_Do.html,print,print pack,box,,print,,,☐ Gave a reason using the word 'because'.
BUILD__SCI_B_W3B_Backbone_Detectives_Do.html,print,print pack,box,,print,,,Assessor comment
BUILD__SCI_B_W3B_Backbone_Detectives_Do.html,print,print pack,box,,print,,,Ring the tier the pupil actually worked at
BUILD__SCI_B_W3B_Backbone_Detectives_Do.html,print,print pack,box,,print,,,Assessor name ______________ Role ____________ Signature ______________ Date ________
BUILD__SCI_B_W3B_Backbone_Detectives_Do.html,print,print pack,box,,print,,,Date: ____________________ PUPIL / EVIDENCE ID: ____________________
BUILD__SCI_B_W3B_Backbone_Detectives_Do.html,print,print pack,box,,print,,,Learning objective: I can classify unfamiliar animals using evidence about their body structure.
BUILD__SCI_B_W3B_Backbone_Detectives_Do.html,print,print pack,box,,print,,,"Optional one-page capture. Point, say, draw or have an adult scribe — writing is never required. This sheet adds to the tiered pack; it never replaces it."
BUILD__SCI_B_W4A_Muscles_Explore.html,arrival,🚪 Arrival · retrieve last lesson,arrival,Supported,screen,1,,Last lesson: Point to BACKBONE or NO BACKBONE for a snake.
BUILD__SCI_B_W4A_Muscles_Explore.html,arrival,🚪 Arrival · retrieve last lesson,arrival,Supported,screen,2,,Last week: Point to the backbone on the fish picture.
BUILD__SCI_B_W4A_Muscles_Explore.html,arrival,🚪 Arrival · retrieve last lesson,arrival,Supported,screen,3,,Week 3 again: Point to the crab’s hard case.
BUILD__SCI_B_W4A_Muscles_Explore.html,arrival,🚪 Arrival · retrieve last lesson,arrival,Supported,screen,4,,Lead-in: Point to the place where the model arm bends.
BUILD__SCI_B_W4A_Muscles_Explore.html,arrival,🚪 Arrival · retrieve last lesson,arrival,Standard,screen,1,,Last lesson: A snake has no legs. Say why it is still a vertebrate.
BUILD__SCI_B_W4A_Muscles_Explore.html,arrival,🚪 Arrival · retrieve last lesson,arrival,Standard,screen,2,,Last week: Name one vertebrate and one invertebrate.
BUILD__SCI_B_W4A_Muscles_Explore.html,arrival,🚪 Arrival · retrieve last lesson,arrival,Standard,screen,3,,Week 3 again: Say how a crab is supported with no backbone.
BUILD__SCI_B_W4A_Muscles_Explore.html,arrival,🚪 Arrival · retrieve last lesson,arrival,Standard,screen,4,,Lead-in: The skeleton holds the body up. What do you think makes it move?
BUILD__SCI_B_W4A_Muscles_Explore.html,arrival,🚪 Arrival · retrieve last lesson,arrival,Stretch,screen,1,,Last lesson: Give the rule you used last lesson to classify a strange animal.
BUILD__SCI_B_W4A_Muscles_Explore.html,arrival,🚪 Arrival · retrieve last lesson,arrival,Stretch,screen,2,,Last week: Explain what makes an animal a vertebrate.
BUILD__SCI_B_W4A_Muscles_Explore.html,arrival,🚪 Arrival · retrieve last lesson,arrival,Stretch,screen,3,,Week 3 again: Explain one way an invertebrate is held up without a backbone.
BUILD__SCI_B_W4A_Muscles_Explore.html,arrival,🚪 Arrival · retrieve last lesson,arrival,Stretch,screen,4,,Lead-in: A bone cannot move itself. What might pull it? Say what you think.
BUILD__SCI_B_W4A_Muscles_Explore.html,arrival,🚪 Arrival · retrieve last lesson,,,screen,1,,Last lesson: Point to BACKBONE or NO BACKBONE for a snake.
BUILD__SCI_B_W4A_Muscles_Explore.html,arrival,🚪 Arrival · retrieve last lesson,,,screen,2,,Last week: Point to the backbone on the fish picture.
BUILD__SCI_B_W4A_Muscles_Explore.html,arrival,🚪 Arrival · retrieve last lesson,,,screen,3,,Week 3 again: Point to the crab’s hard case.
BUILD__SCI_B_W4A_Muscles_Explore.html,arrival,🚪 Arrival · retrieve last lesson,,,screen,4,,Lead-in: Point to the place where the model arm bends.
BUILD__SCI_B_W4A_Muscles_Explore.html,arrival,🚪 Arrival · retrieve last lesson,,,screen,1,,Last lesson: A snake has no legs. Say why it is still a vertebrate.
BUILD__SCI_B_W4A_Muscles_Explore.html,arrival,🚪 Arrival · retrieve last lesson,,,screen,2,,Last week: Name one vertebrate and one invertebrate.
BUILD__SCI_B_W4A_Muscles_Explore.html,arrival,🚪 Arrival · retrieve last lesson,,,screen,3,,Week 3 again: Say how a crab is supported with no backbone.
BUILD__SCI_B_W4A_Muscles_Explore.html,arrival,🚪 Arrival · retrieve last lesson,,,screen,4,,Lead-in: The skeleton holds the body up. What do you think makes it move?
BUILD__SCI_B_W4A_Muscles_Explore.html,arrival,🚪 Arrival · retrieve last lesson,,,screen,1,,Last lesson: Give the rule you used last lesson to classify a strange animal.
BUILD__SCI_B_W4A_Muscles_Explore.html,arrival,🚪 Arrival · retrieve last lesson,,,screen,2,,Last week: Explain what makes an animal a vertebrate.
BUILD__SCI_B_W4A_Muscles_Explore.html,arrival,🚪 Arrival · retrieve last lesson,,,screen,3,,Week 3 again: Explain one way an invertebrate is held up without a backbone.
BUILD__SCI_B_W4A_Muscles_Explore.html,arrival,🚪 Arrival · retrieve last lesson,,,screen,4,,Lead-in: A bone cannot move itself. What might pull it? Say what you think.
BUILD__SCI_B_W4A_Muscles_Explore.html,starter,🌱 Starter · create the need to know,,,screen,,,"A string can pull a cardboard lever, but can it push it? Test the idea on the model before we name the muscle rule."
BUILD__SCI_B_W4A_Muscles_Explore.html,independent,✏️ Independent · evidence of learning,,,screen,,,Movement engineer. Build a model arm. Or label one that is built. Bend the arm. Show which muscle contracts. Show which muscle relaxes.
BUILD__SCI_B_W4A_Muscles_Explore.html,independent,✏️ Independent · evidence of learning,,,screen,,,◆ Use a built arm. Place the CONTRACTS label. Place the RELAXES label. 🧰 Scaffold Two labels only. CONTRACTS = pulls. RELAXES = not pulling now. Word bank: pull · bend · muscle · pair. Fade it: remove the first prompt no longer needed.
BUILD__SCI_B_W4A_Muscles_Explore.html,independent,✏️ Independent · evidence of learning,,,screen,,,"▲ Work the model. Then say how the arm bends. Or write it down. 🧰 Scaffold Stem. ‘When the arm bends, ___ contracts and ___ relaxes’. Swap the two for straighten. Fade it: remove the first prompt no longer needed."
BUILD__SCI_B_W4A_Muscles_Explore.html,independent,✏️ Independent · evidence of learning,,,screen,,,★ Explain the bend. Explain the straighten. A muscle can only pull. So why do you need two? 🧰 Scaffold Use the words ‘muscles only pull’. So one muscle cannot push the arm back. Explain why the pair is needed. Fade it: remove the first prompt no longer needed.
BUILD__SCI_B_W4A_Muscles_Explore.html,exit,🎫 Exit · adult Audience closes BUILD,exit,Supported,screen,,,Complete: muscles work in a ___.
BUILD__SCI_B_W4A_Muscles_Explore.html,exit,🎫 Exit · adult Audience closes BUILD,exit,Standard,screen,,,"When the model arm bends, what does the triceps do?"
BUILD__SCI_B_W4A_Muscles_Explore.html,exit,🎫 Exit · adult Audience closes BUILD,exit,Stretch,screen,,,Explain why muscles need partners if they can only pull.
BUILD__SCI_B_W4A_Muscles_Explore.html,exit,🎫 Exit · adult Audience closes BUILD,,,screen,,,Complete: muscles work in a ___.
BUILD__SCI_B_W4A_Muscles_Explore.html,exit,🎫 Exit · adult Audience closes BUILD,,,screen,,,"When the model arm bends, what does the triceps do?"
BUILD__SCI_B_W4A_Muscles_Explore.html,exit,🎫 Exit · adult Audience closes BUILD,,,screen,,,Explain why muscles need partners if they can only pull.
BUILD__SCI_B_W4A_Muscles_Explore.html,print,print pack,route,Supported,print,,,◆ Use a built arm. Place the CONTRACTS label. Place the RELAXES label.
BUILD__SCI_B_W4A_Muscles_Explore.html,print,print pack,route,Standard,print,,,▲ Work the model. Then say how the arm bends. Or write it down.
BUILD__SCI_B_W4A_Muscles_Explore.html,print,print pack,route,Stretch,print,,,★ Explain the bend. Explain the straighten. A muscle can only pull. So why do you need two?
BUILD__SCI_B_W4A_Muscles_Explore.html,print,print pack,box,,print,,,Name: _______________________________ Date: ______________________
BUILD__SCI_B_W4A_Muscles_Explore.html,print,print pack,box,,print,,,"New to this class, or not sure? Everything you need is in the Retrieval box below — read it, then answer."
BUILD__SCI_B_W4A_Muscles_Explore.html,print,print pack,box,,print,,,Learning objective: I can explain that muscles work in pairs to move a bone.
BUILD__SCI_B_W4A_Muscles_Explore.html,print,print pack,box,,print,,,Model: helps us see — The arm model lets us see the two pulls swap. Does not show — Card and string are not real body parts. It cannot measure force or show a full elbow.
BUILD__SCI_B_W4A_Muscles_Explore.html,print,print pack,box,,print,,,Previous lesson retrieval: Aut1·W3 — vertebrates have an internal skeleton/backbone that provides structure.
BUILD__SCI_B_W4A_Muscles_Explore.html,print,print pack,box,,print,,,Arrival (Supported forms): 1) Point to BACKBONE or NO BACKBONE for a snake. 2) Point to the backbone on the fish picture. 3) Point to the crab’s hard case. 4) Point to the place where the model arm bends.
BUILD__SCI_B_W4A_Muscles_Explore.html,print,print pack,box,,print,,,◆ Use a built arm. Place the CONTRACTS label. Place the RELAXES label.
BUILD__SCI_B_W4A_Muscles_Explore.html,print,print pack,box,,print,,,▲ Work the model. Then say how the arm bends. Or write it down.
BUILD__SCI_B_W4A_Muscles_Explore.html,print,print pack,box,,print,,,★ Explain the bend. Explain the straighten. A muscle can only pull. So why do you need two?
BUILD__SCI_B_W4A_Muscles_Explore.html,print,print pack,box,,print,,,"Your labelled model and your demonstration. A photo with your words, an adult watching, or your words scribed."
BUILD__SCI_B_W4A_Muscles_Explore.html,print,print pack,box,,print,,,Supported: Complete: muscles work in a ___.
BUILD__SCI_B_W4A_Muscles_Explore.html,print,print pack,box,,print,,,"Standard: When the model arm bends, what does the triceps do?"
BUILD__SCI_B_W4A_Muscles_Explore.html,print,print pack,box,,print,,,Stretch: Explain why muscles need partners if they can only pull.
BUILD__SCI_B_W4A_Muscles_Explore.html,print,print pack,box,,print,,,"Pearson Entry Level Science 8939 (E1→E3); AQA UAS science units Records what was observed, and at which level of independence."
BUILD__SCI_B_W4A_Muscles_Explore.html,print,print pack,box,,print,,,Observed in this lesson
BUILD__SCI_B_W4A_Muscles_Explore.html,print,print pack,box,,print,,,☐ Named biceps and triceps as a working pair.
BUILD__SCI_B_W4A_Muscles_Explore.html,print,print pack,box,,print,,,☐ Stated that muscles pull and never push.
BUILD__SCI_B_W4A_Muscles_Explore.html,print,print pack,box,,print,,,☐ Demonstrated contract / relax on a model.
BUILD__SCI_B_W4A_Muscles_Explore.html,print,print pack,box,,print,,,Assessor comment
BUILD__SCI_B_W4A_Muscles_Explore.html,print,print pack,box,,print,,,Ring the tier the pupil actually worked at
BUILD__SCI_B_W4A_Muscles_Explore.html,print,print pack,box,,print,,,Assessor name ______________ Role ____________ Signature ______________ Date ________
BUILD__SCI_B_W4A_Muscles_Explore.html,print,print pack,box,,print,,,Date: ____________________ PUPIL / EVIDENCE ID: ____________________
BUILD__SCI_B_W4A_Muscles_Explore.html,print,print pack,box,,print,,,Learning objective: I can explain that muscles work in pairs to move a bone.
BUILD__SCI_B_W4A_Muscles_Explore.html,print,print pack,box,,print,,,"Optional one-page capture. Point, say, draw or have an adult scribe — writing is never required. This sheet adds to the tiered pack; it never replaces it."
BUILD__SCI_B_W4B_Muscle_Model_Do.html,arrival,🚪 Arrival · retrieve last lesson,arrival,Supported,screen,1,,Last lesson: Point to the band that contracts when the model bends.
BUILD__SCI_B_W4B_Muscle_Model_Do.html,arrival,🚪 Arrival · retrieve last lesson,arrival,Supported,screen,2,,Last week: Point to the backbone on the skeleton picture.
BUILD__SCI_B_W4B_Muscle_Model_Do.html,arrival,🚪 Arrival · retrieve last lesson,arrival,Supported,screen,3,,Week 3 again: Point to the animal with a hard case outside.
BUILD__SCI_B_W4B_Muscle_Model_Do.html,arrival,🚪 Arrival · retrieve last lesson,arrival,Supported,screen,4,,Lead-in: Look at the card arm parts. Point to the joint.
BUILD__SCI_B_W4B_Muscle_Model_Do.html,arrival,🚪 Arrival · retrieve last lesson,arrival,Standard,screen,1,,Last lesson: Say what the biceps and triceps do when the arm bends.
BUILD__SCI_B_W4B_Muscle_Model_Do.html,arrival,🚪 Arrival · retrieve last lesson,arrival,Standard,screen,2,,Last week: Name one vertebrate and one invertebrate.
BUILD__SCI_B_W4B_Muscle_Model_Do.html,arrival,🚪 Arrival · retrieve last lesson,arrival,Standard,screen,3,,Week 3 again: Say one way an animal with no backbone is supported.
BUILD__SCI_B_W4B_Muscle_Model_Do.html,arrival,🚪 Arrival · retrieve last lesson,arrival,Standard,screen,4,,Lead-in: Today we build. Say one thing a good model of an arm needs.
BUILD__SCI_B_W4B_Muscle_Model_Do.html,arrival,🚪 Arrival · retrieve last lesson,arrival,Stretch,screen,1,,Last lesson: Explain why muscles work as a pair at the elbow.
BUILD__SCI_B_W4B_Muscle_Model_Do.html,arrival,🚪 Arrival · retrieve last lesson,arrival,Stretch,screen,2,,Last week: Give the rule that separates vertebrates from invertebrates.
BUILD__SCI_B_W4B_Muscle_Model_Do.html,arrival,🚪 Arrival · retrieve last lesson,arrival,Stretch,screen,3,,Week 3 again: Explain why size is not the test for a vertebrate.
BUILD__SCI_B_W4B_Muscle_Model_Do.html,arrival,🚪 Arrival · retrieve last lesson,arrival,Stretch,screen,4,,Lead-in: What would make a model arm show the real Science well? Say one idea.
BUILD__SCI_B_W4B_Muscle_Model_Do.html,arrival,🚪 Arrival · retrieve last lesson,,,screen,1,,Last lesson: Point to the band that contracts when the model bends.
BUILD__SCI_B_W4B_Muscle_Model_Do.html,arrival,🚪 Arrival · retrieve last lesson,,,screen,2,,Last week: Point to the backbone on the skeleton picture.
BUILD__SCI_B_W4B_Muscle_Model_Do.html,arrival,🚪 Arrival · retrieve last lesson,,,screen,3,,Week 3 again: Point to the animal with a hard case outside.
BUILD__SCI_B_W4B_Muscle_Model_Do.html,arrival,🚪 Arrival · retrieve last lesson,,,screen,4,,Lead-in: Look at the card arm parts. Point to the joint.
BUILD__SCI_B_W4B_Muscle_Model_Do.html,arrival,🚪 Arrival · retrieve last lesson,,,screen,1,,Last lesson: Say what the biceps and triceps do when the arm bends.
BUILD__SCI_B_W4B_Muscle_Model_Do.html,arrival,🚪 Arrival · retrieve last lesson,,,screen,2,,Last week: Name one vertebrate and one invertebrate.
BUILD__SCI_B_W4B_Muscle_Model_Do.html,arrival,🚪 Arrival · retrieve last lesson,,,screen,3,,Week 3 again: Say one way an animal with no backbone is supported.
BUILD__SCI_B_W4B_Muscle_Model_Do.html,arrival,🚪 Arrival · retrieve last lesson,,,screen,4,,Lead-in: Today we build. Say one thing a good model of an arm needs.
BUILD__SCI_B_W4B_Muscle_Model_Do.html,arrival,🚪 Arrival · retrieve last lesson,,,screen,1,,Last lesson: Explain why muscles work as a pair at the elbow.
BUILD__SCI_B_W4B_Muscle_Model_Do.html,arrival,🚪 Arrival · retrieve last lesson,,,screen,2,,Last week: Give the rule that separates vertebrates from invertebrates.
BUILD__SCI_B_W4B_Muscle_Model_Do.html,arrival,🚪 Arrival · retrieve last lesson,,,screen,3,,Week 3 again: Explain why size is not the test for a vertebrate.
BUILD__SCI_B_W4B_Muscle_Model_Do.html,arrival,🚪 Arrival · retrieve last lesson,,,screen,4,,Lead-in: What would make a model arm show the real Science well? Say one idea.
BUILD__SCI_B_W4B_Muscle_Model_Do.html,starter,🌱 Starter · create the need to know,,,screen,,,Engineering challenge: can you make the same cardboard forearm move both directions using only pulling forces?
BUILD__SCI_B_W4B_Muscle_Model_Do.html,independent,✏️ Independent · evidence of learning,,,screen,,,Model Arm Workshop. Build a two-band arm. Or adapt one. Or just work it. Show BEND. Show STRAIGHTEN. Place the right labels. Then explain the swap to an adult.
BUILD__SCI_B_W4B_Muscle_Model_Do.html,independent,✏️ Independent · evidence of learning,,,screen,,,◆ Use a built model. Work it. Then label it. 🧰 Scaffold Photo sequence: choose band → pull → watch movement → label contracts/relaxes. Word bank: pull · bend · muscle · pair. Fade it: remove the first prompt no longer needed.
BUILD__SCI_B_W4B_Muscle_Model_Do.html,independent,✏️ Independent · evidence of learning,,,screen,,,"▲ Build it from the photo steps. Work it. Explain the bend. Explain the straighten. 🧰 Scaffold Two sentence frames. ‘When the arm bends, ___ contracts’. ‘When the arm straightens, ___ contracts’. Fade it: remove the first prompt no longer needed."
BUILD__SCI_B_W4B_Muscle_Model_Do.html,independent,✏️ Independent · evidence of learning,,,screen,,,★ Make the model better. Or find a fault. Keep the pull-pair rule. 🧰 Scaffold Model critique. What does the band do well? What is not real about it? Fade it: remove the first prompt no longer needed.
BUILD__SCI_B_W4B_Muscle_Model_Do.html,exit,🎫 Exit · adult Audience closes BUILD,exit,Supported,screen,,,Which band pulls to straighten in your model?
BUILD__SCI_B_W4B_Muscle_Model_Do.html,exit,🎫 Exit · adult Audience closes BUILD,exit,Standard,screen,,,Explain the muscle swap using contract and relax.
BUILD__SCI_B_W4B_Muscle_Model_Do.html,exit,🎫 Exit · adult Audience closes BUILD,exit,Stretch,screen,,,Explain one limitation of the model without losing the core scientific rule.
BUILD__SCI_B_W4B_Muscle_Model_Do.html,exit,🎫 Exit · adult Audience closes BUILD,,,screen,,,Which band pulls to straighten in your model?
BUILD__SCI_B_W4B_Muscle_Model_Do.html,exit,🎫 Exit · adult Audience closes BUILD,,,screen,,,Explain the muscle swap using contract and relax.
BUILD__SCI_B_W4B_Muscle_Model_Do.html,exit,🎫 Exit · adult Audience closes BUILD,,,screen,,,Explain one limitation of the model without losing the core scientific rule.
BUILD__SCI_B_W4B_Muscle_Model_Do.html,print,print pack,route,Supported,print,,,◆ Use a built model. Work it. Then label it.
BUILD__SCI_B_W4B_Muscle_Model_Do.html,print,print pack,route,Standard,print,,,▲ Build it from the photo steps. Work it. Explain the bend. Explain the straighten.
BUILD__SCI_B_W4B_Muscle_Model_Do.html,print,print pack,route,Stretch,print,,,★ Make the model better. Or find a fault. Keep the pull-pair rule.
BUILD__SCI_B_W4B_Muscle_Model_Do.html,print,print pack,box,,print,,,Name: _______________________________ Date: ______________________
BUILD__SCI_B_W4B_Muscle_Model_Do.html,print,print pack,box,,print,,,"New to this class, or not sure? Everything you need is in the Retrieval box below — read it, then answer."
BUILD__SCI_B_W4B_Muscle_Model_Do.html,print,print pack,box,,print,,,Learning objective: I can build or operate a model that shows how a muscle pair moves a bone.
BUILD__SCI_B_W4B_Muscle_Model_Do.html,print,print pack,box,,print,,,"Model: helps us see — The model shows one idea: opposite moves need opposite pulls. Does not show — It does not show tendons, real anatomy, force or tiredness."
BUILD__SCI_B_W4B_Muscle_Model_Do.html,print,print pack,box,,print,,,"Previous lesson retrieval: W4A — muscles can only pull; biceps/triceps take turns contracting and relaxing. When the arm bends, the biceps (the top band) contracts and the triceps relaxes."
BUILD__SCI_B_W4B_Muscle_Model_Do.html,print,print pack,box,,print,,,Arrival (Supported forms): 1) Point to the band that contracts when the model bends. 2) Point to the backbone on the skeleton picture. 3) Point to the animal with a hard case outside. 4) Look at the card arm parts. Point to the joint.
BUILD__SCI_B_W4B_Muscle_Model_Do.html,print,print pack,box,,print,,,◆ Use a built model. Work it. Then label it.
BUILD__SCI_B_W4B_Muscle_Model_Do.html,print,print pack,box,,print,,,▲ Build it from the photo steps. Work it. Explain the bend. Explain the straighten.
BUILD__SCI_B_W4B_Muscle_Model_Do.html,print,print pack,box,,print,,,★ Make the model better. Or find a fault. Keep the pull-pair rule.
BUILD__SCI_B_W4B_Muscle_Model_Do.html,print,print pack,box,,print,,,"Show your model to an adult. A labelled photo with your words, an adult watching, or a short clip if allowed."
BUILD__SCI_B_W4B_Muscle_Model_Do.html,print,print pack,box,,print,,,Supported: Which band pulls to straighten in your model?
BUILD__SCI_B_W4B_Muscle_Model_Do.html,print,print pack,box,,print,,,Standard: Explain the muscle swap using contract and relax.
BUILD__SCI_B_W4B_Muscle_Model_Do.html,print,print pack,box,,print,,,Stretch: Explain one limitation of the model without losing the core scientific rule.
BUILD__SCI_B_W4B_Muscle_Model_Do.html,print,print pack,box,,print,,,"Pearson Entry Level Science 8939 (E1→E3); AQA UAS science units Records what was observed, and at which level of independence."
BUILD__SCI_B_W4B_Muscle_Model_Do.html,print,print pack,box,,print,,,Observed in this lesson
BUILD__SCI_B_W4B_Muscle_Model_Do.html,print,print pack,box,,print,,,☐ Named biceps and triceps as a working pair.
BUILD__SCI_B_W4B_Muscle_Model_Do.html,print,print pack,box,,print,,,☐ Stated that muscles pull and never push.
BUILD__SCI_B_W4B_Muscle_Model_Do.html,print,print pack,box,,print,,,☐ Demonstrated contract / relax on a model.
BUILD__SCI_B_W4B_Muscle_Model_Do.html,print,print pack,box,,print,,,Assessor comment
BUILD__SCI_B_W4B_Muscle_Model_Do.html,print,print pack,box,,print,,,Ring the tier the pupil actually worked at
BUILD__SCI_B_W4B_Muscle_Model_Do.html,print,print pack,box,,print,,,Assessor name ______________ Role ____________ Signature ______________ Date ________
BUILD__SCI_B_W4B_Muscle_Model_Do.html,print,print pack,box,,print,,,Date: ____________________ PUPIL / EVIDENCE ID: ____________________
BUILD__SCI_B_W4B_Muscle_Model_Do.html,print,print pack,box,,print,,,Learning objective: I can build or operate a model that shows how a muscle pair moves a bone.
BUILD__SCI_B_W4B_Muscle_Model_Do.html,print,print pack,box,,print,,,"Optional one-page capture. Point, say, draw or have an adult scribe — writing is never required. This sheet adds to the tiered pack; it never replaces it."
BUILD__SCI_B_W5A_Body_Needs_Explore.html,arrival,🚪 Arrival · retrieve last lesson,arrival,Supported,screen,1,,Last lesson: From last lesson: point to the part of the model that pulled.
BUILD__SCI_B_W5A_Body_Needs_Explore.html,arrival,🚪 Arrival · retrieve last lesson,arrival,Supported,screen,2,,Last week: Point to the muscle that contracts to bend the arm.
BUILD__SCI_B_W5A_Body_Needs_Explore.html,arrival,🚪 Arrival · retrieve last lesson,arrival,Supported,screen,3,,Older learning: Point to the backbone on the skeleton picture.
BUILD__SCI_B_W5A_Body_Needs_Explore.html,arrival,🚪 Arrival · retrieve last lesson,arrival,Supported,screen,4,,Lead-in: Point to a picture of a body working hard.
BUILD__SCI_B_W5A_Body_Needs_Explore.html,arrival,🚪 Arrival · retrieve last lesson,arrival,Standard,screen,1,,Last lesson: Say what your model showed about muscle pairs.
BUILD__SCI_B_W5A_Body_Needs_Explore.html,arrival,🚪 Arrival · retrieve last lesson,arrival,Standard,screen,2,,Last week: State one job muscles do with bones.
BUILD__SCI_B_W5A_Body_Needs_Explore.html,arrival,🚪 Arrival · retrieve last lesson,arrival,Standard,screen,3,,Older learning: Name one vertebrate and one invertebrate.
BUILD__SCI_B_W5A_Body_Needs_Explore.html,arrival,🚪 Arrival · retrieve last lesson,arrival,Standard,screen,4,,Lead-in: Muscles work hard when they pull. What do you think keeps a body going?
BUILD__SCI_B_W5A_Body_Needs_Explore.html,arrival,🚪 Arrival · retrieve last lesson,arrival,Stretch,screen,1,,Last lesson: Explain one thing your model could show and one thing it could not.
BUILD__SCI_B_W5A_Body_Needs_Explore.html,arrival,🚪 Arrival · retrieve last lesson,arrival,Stretch,screen,2,,Last week: Explain how a muscle pair moves a bone.
BUILD__SCI_B_W5A_Body_Needs_Explore.html,arrival,🚪 Arrival · retrieve last lesson,arrival,Stretch,screen,3,,Older learning: Give the vertebrate rule from week 3.
BUILD__SCI_B_W5A_Body_Needs_Explore.html,arrival,🚪 Arrival · retrieve last lesson,arrival,Stretch,screen,4,,Lead-in: A working body needs something to keep it working. Where might that come from?
BUILD__SCI_B_W5A_Body_Needs_Explore.html,arrival,🚪 Arrival · retrieve last lesson,,,screen,1,,Last lesson: From last lesson: point to the part of the model that pulled.
BUILD__SCI_B_W5A_Body_Needs_Explore.html,arrival,🚪 Arrival · retrieve last lesson,,,screen,2,,Last week: Point to the muscle that contracts to bend the arm.
BUILD__SCI_B_W5A_Body_Needs_Explore.html,arrival,🚪 Arrival · retrieve last lesson,,,screen,3,,Older learning: Point to the backbone on the skeleton picture.
BUILD__SCI_B_W5A_Body_Needs_Explore.html,arrival,🚪 Arrival · retrieve last lesson,,,screen,4,,Lead-in: Point to a picture of a body working hard.
BUILD__SCI_B_W5A_Body_Needs_Explore.html,arrival,🚪 Arrival · retrieve last lesson,,,screen,1,,Last lesson: Say what your model showed about muscle pairs.
BUILD__SCI_B_W5A_Body_Needs_Explore.html,arrival,🚪 Arrival · retrieve last lesson,,,screen,2,,Last week: State one job muscles do with bones.
BUILD__SCI_B_W5A_Body_Needs_Explore.html,arrival,🚪 Arrival · retrieve last lesson,,,screen,3,,Older learning: Name one vertebrate and one invertebrate.
BUILD__SCI_B_W5A_Body_Needs_Explore.html,arrival,🚪 Arrival · retrieve last lesson,,,screen,4,,Lead-in: Muscles work hard when they pull. What do you think keeps a body going?
BUILD__SCI_B_W5A_Body_Needs_Explore.html,arrival,🚪 Arrival · retrieve last lesson,,,screen,1,,Last lesson: Explain one thing your model could show and one thing it could not.
BUILD__SCI_B_W5A_Body_Needs_Explore.html,arrival,🚪 Arrival · retrieve last lesson,,,screen,2,,Last week: Explain how a muscle pair moves a bone.
BUILD__SCI_B_W5A_Body_Needs_Explore.html,arrival,🚪 Arrival · retrieve last lesson,,,screen,3,,Older learning: Give the vertebrate rule from week 3.
BUILD__SCI_B_W5A_Body_Needs_Explore.html,arrival,🚪 Arrival · retrieve last lesson,,,screen,4,,Lead-in: A working body needs something to keep it working. Where might that come from?
BUILD__SCI_B_W5A_Body_Needs_Explore.html,starter,🌱 Starter · create the need to know,,,screen,,,"Three mystery job cards say ENERGY, GROWTH & REPAIR and KEEPS THE BODY WORKING. Can one food card do every job by itself?"
BUILD__SCI_B_W5A_Body_Needs_Explore.html,independent,✏️ Independent · evidence of learning,,,screen,,,Food Jobs Lab. Look at the food cards. Look at the animal cards. There are three job stations. Sort each card to a job or need. Then pick one match. Explain the Science.
BUILD__SCI_B_W5A_Body_Needs_Explore.html,independent,✏️ Independent · evidence of learning,,,screen,,,◆ Match six picture cards. Use the three job stations. The labels help you. Ask if you are stuck. 🧰 Scaffold Job icons and words: ⚡ ENERGY · ▲ GROWTH/REPAIR · ⚙ BODY WORKING. Word bank: energy · growth · repair · work. Fade it: remove the first prompt no longer needed.
BUILD__SCI_B_W5A_Body_Needs_Explore.html,independent,✏️ Independent · evidence of learning,,,screen,,,▲ Sort all the cards. Then explain one match. Use ‘because’. 🧰 Scaffold Stem. ‘___ can help with ___ because ___’. Then say the job. Fade it: remove the first prompt no longer needed.
BUILD__SCI_B_W5A_Body_Needs_Explore.html,independent,✏️ Independent · evidence of learning,,,screen,,,★ One food type cannot do every job. Explain why. Then compare what two animals need. 🧰 Scaffold Use ‘different needs’ and ‘variety’. Talk about animals only. Never talk about a pupil’s food. Fade it: remove the first prompt no longer needed.
BUILD__SCI_B_W5A_Body_Needs_Explore.html,exit,🎫 Exit · adult Audience closes BUILD,exit,Supported,screen,,,Which job can bread/rice help with: energy / backbone?
BUILD__SCI_B_W5A_Body_Needs_Explore.html,exit,🎫 Exit · adult Audience closes BUILD,exit,Standard,screen,,,Name one food example and one job it can support.
BUILD__SCI_B_W5A_Body_Needs_Explore.html,exit,🎫 Exit · adult Audience closes BUILD,exit,Stretch,screen,,,Explain why different types of food are useful for different body jobs.
BUILD__SCI_B_W5A_Body_Needs_Explore.html,exit,🎫 Exit · adult Audience closes BUILD,,,screen,,,Which job can bread/rice help with: energy / backbone?
BUILD__SCI_B_W5A_Body_Needs_Explore.html,exit,🎫 Exit · adult Audience closes BUILD,,,screen,,,Name one food example and one job it can support.
BUILD__SCI_B_W5A_Body_Needs_Explore.html,exit,🎫 Exit · adult Audience closes BUILD,,,screen,,,Explain why different types of food are useful for different body jobs.
BUILD__SCI_B_W5A_Body_Needs_Explore.html,print,print pack,route,Supported,print,,,◆ Match six picture cards. Use the three job stations. The labels help you. Ask if you are stuck.
BUILD__SCI_B_W5A_Body_Needs_Explore.html,print,print pack,route,Standard,print,,,▲ Sort all the cards. Then explain one match. Use ‘because’.
BUILD__SCI_B_W5A_Body_Needs_Explore.html,print,print pack,route,Stretch,print,,,★ One food type cannot do every job. Explain why. Then compare what two animals need.
BUILD__SCI_B_W5A_Body_Needs_Explore.html,print,print pack,box,,print,,,Name: _______________________________ Date: ______________________
BUILD__SCI_B_W5A_Body_Needs_Explore.html,print,print pack,box,,print,,,"New to this class, or not sure? Everything you need is in the Retrieval box below — read it, then answer."
BUILD__SCI_B_W5A_Body_Needs_Explore.html,print,print pack,box,,print,,,Learning objective: I can name different jobs food helps a body to do and explain why variety matters.
BUILD__SCI_B_W5A_Body_Needs_Explore.html,print,print pack,box,,print,,,"Model: helps us see — The model links one nutrient to one function. You reason from the evidence given. Does not show — Real foods mix many nutrients, and needs vary. This lab never scores or judges what anybody eats."
BUILD__SCI_B_W5A_Body_Needs_Explore.html,print,print pack,box,,print,,,"Previous lesson retrieval: Aut1·W4 — muscles and bones work together to produce movement. In the model the bands stood for the muscles: pulling a band bent or straightened the arm, and neither band ever pushed."
BUILD__SCI_B_W5A_Body_Needs_Explore.html,print,print pack,box,,print,,,Arrival (Supported forms): 1) From last lesson: point to the part of the model that pulled. 2) Point to the muscle that contracts to bend the arm. 3) Point to the backbone on the skeleton picture. 4) Point to a picture of a body working hard.
BUILD__SCI_B_W5A_Body_Needs_Explore.html,print,print pack,box,,print,,,◆ Match six picture cards. Use the three job stations. The labels help you. Ask if you are stuck.
BUILD__SCI_B_W5A_Body_Needs_Explore.html,print,print pack,box,,print,,,▲ Sort all the cards. Then explain one match. Use ‘because’.
BUILD__SCI_B_W5A_Body_Needs_Explore.html,print,print pack,box,,print,,,★ One food type cannot do every job. Explain why. Then compare what two animals need.
BUILD__SCI_B_W5A_Body_Needs_Explore.html,print,print pack,box,,print,,,"Your sorted job mat and your reason. A photo with your voice, an adult watching, or your words scribed."
BUILD__SCI_B_W5A_Body_Needs_Explore.html,print,print pack,box,,print,,,Supported: Which job can bread/rice help with: energy / backbone?
BUILD__SCI_B_W5A_Body_Needs_Explore.html,print,print pack,box,,print,,,Standard: Name one food example and one job it can support.
BUILD__SCI_B_W5A_Body_Needs_Explore.html,print,print pack,box,,print,,,Stretch: Explain why different types of food are useful for different body jobs.
BUILD__SCI_B_W5A_Body_Needs_Explore.html,print,print pack,box,,print,,,"Pearson Entry Level Science 8939 (E1→E3); AQA UAS science units Records what was observed, and at which level of independence."
BUILD__SCI_B_W5A_Body_Needs_Explore.html,print,print pack,box,,print,,,Observed in this lesson
BUILD__SCI_B_W5A_Body_Needs_Explore.html,print,print pack,box,,print,,,☐ Named at least two jobs that food does.
BUILD__SCI_B_W5A_Body_Needs_Explore.html,print,print pack,box,,print,,,☐ Matched foods to jobs on the sort.
BUILD__SCI_B_W5A_Body_Needs_Explore.html,print,print pack,box,,print,,,☐ Explained why variety matters using 'because'.
BUILD__SCI_B_W5A_Body_Needs_Explore.html,print,print pack,box,,print,,,Assessor comment
BUILD__SCI_B_W5A_Body_Needs_Explore.html,print,print pack,box,,print,,,Ring the tier the pupil actually worked at
BUILD__SCI_B_W5A_Body_Needs_Explore.html,print,print pack,box,,print,,,Assessor name ______________ Role ____________ Signature ______________ Date ________
BUILD__SCI_B_W5A_Body_Needs_Explore.html,print,print pack,box,,print,,,Date: ____________________ PUPIL / EVIDENCE ID: ____________________
BUILD__SCI_B_W5A_Body_Needs_Explore.html,print,print pack,box,,print,,,Learning objective: I can name different jobs food helps a body to do and explain why variety matters.
BUILD__SCI_B_W5A_Body_Needs_Explore.html,print,print pack,box,,print,,,"Optional one-page capture. Point, say, draw or have an adult scribe — writing is never required. This sheet adds to the tiered pack; it never replaces it."
BUILD__SCI_B_W5B_Nutrition_Mission_Do.html,arrival,🚪 Arrival · retrieve last lesson,arrival,Supported,screen,1,,Last lesson: Match one card to ENERGY or GROWTH/REPAIR.
BUILD__SCI_B_W5B_Nutrition_Mission_Do.html,arrival,🚪 Arrival · retrieve last lesson,arrival,Supported,screen,2,,Last week: Point to the muscle that pulls to bend the arm.
BUILD__SCI_B_W5B_Nutrition_Mission_Do.html,arrival,🚪 Arrival · retrieve last lesson,arrival,Supported,screen,3,,Older learning: Point to BACKBONE or NO BACKBONE for a fish.
BUILD__SCI_B_W5B_Nutrition_Mission_Do.html,arrival,🚪 Arrival · retrieve last lesson,arrival,Supported,screen,4,,Lead-in: Look at the mission card. Point to the animal on it.
BUILD__SCI_B_W5B_Nutrition_Mission_Do.html,arrival,🚪 Arrival · retrieve last lesson,arrival,Standard,screen,1,,Last lesson: Name two different jobs food can support.
BUILD__SCI_B_W5B_Nutrition_Mission_Do.html,arrival,🚪 Arrival · retrieve last lesson,arrival,Standard,screen,2,,Last week: Say what a muscle pair does at a joint.
BUILD__SCI_B_W5B_Nutrition_Mission_Do.html,arrival,🚪 Arrival · retrieve last lesson,arrival,Standard,screen,3,,Older learning: Name one invertebrate and say what supports its body.
BUILD__SCI_B_W5B_Nutrition_Mission_Do.html,arrival,🚪 Arrival · retrieve last lesson,arrival,Standard,screen,4,,Lead-in: A rescue centre must choose food. Say one thing they should think about.
BUILD__SCI_B_W5B_Nutrition_Mission_Do.html,arrival,🚪 Arrival · retrieve last lesson,arrival,Stretch,screen,1,,Last lesson: Explain why one type of food alone is unlikely to cover every job.
BUILD__SCI_B_W5B_Nutrition_Mission_Do.html,arrival,🚪 Arrival · retrieve last lesson,arrival,Stretch,screen,2,,Last week: Explain why muscles can only pull in the model.
BUILD__SCI_B_W5B_Nutrition_Mission_Do.html,arrival,🚪 Arrival · retrieve last lesson,arrival,Stretch,screen,3,,Older learning: Explain how an invertebrate can be supported without a backbone.
BUILD__SCI_B_W5B_Nutrition_Mission_Do.html,arrival,🚪 Arrival · retrieve last lesson,arrival,Stretch,screen,4,,Lead-in: What information would help you choose food for an animal? Say one idea.
BUILD__SCI_B_W5B_Nutrition_Mission_Do.html,arrival,🚪 Arrival · retrieve last lesson,,,screen,1,,Last lesson: Match one card to ENERGY or GROWTH/REPAIR.
BUILD__SCI_B_W5B_Nutrition_Mission_Do.html,arrival,🚪 Arrival · retrieve last lesson,,,screen,2,,Last week: Point to the muscle that pulls to bend the arm.
BUILD__SCI_B_W5B_Nutrition_Mission_Do.html,arrival,🚪 Arrival · retrieve last lesson,,,screen,3,,Older learning: Point to BACKBONE or NO BACKBONE for a fish.
BUILD__SCI_B_W5B_Nutrition_Mission_Do.html,arrival,🚪 Arrival · retrieve last lesson,,,screen,4,,Lead-in: Look at the mission card. Point to the animal on it.
BUILD__SCI_B_W5B_Nutrition_Mission_Do.html,arrival,🚪 Arrival · retrieve last lesson,,,screen,1,,Last lesson: Name two different jobs food can support.
BUILD__SCI_B_W5B_Nutrition_Mission_Do.html,arrival,🚪 Arrival · retrieve last lesson,,,screen,2,,Last week: Say what a muscle pair does at a joint.
BUILD__SCI_B_W5B_Nutrition_Mission_Do.html,arrival,🚪 Arrival · retrieve last lesson,,,screen,3,,Older learning: Name one invertebrate and say what supports its body.
BUILD__SCI_B_W5B_Nutrition_Mission_Do.html,arrival,🚪 Arrival · retrieve last lesson,,,screen,4,,Lead-in: A rescue centre must choose food. Say one thing they should think about.
BUILD__SCI_B_W5B_Nutrition_Mission_Do.html,arrival,🚪 Arrival · retrieve last lesson,,,screen,1,,Last lesson: Explain why one type of food alone is unlikely to cover every job.
BUILD__SCI_B_W5B_Nutrition_Mission_Do.html,arrival,🚪 Arrival · retrieve last lesson,,,screen,2,,Last week: Explain why muscles can only pull in the model.
BUILD__SCI_B_W5B_Nutrition_Mission_Do.html,arrival,🚪 Arrival · retrieve last lesson,,,screen,3,,Older learning: Explain how an invertebrate can be supported without a backbone.
BUILD__SCI_B_W5B_Nutrition_Mission_Do.html,arrival,🚪 Arrival · retrieve last lesson,,,screen,4,,Lead-in: What information would help you choose food for an animal? Say one idea.
BUILD__SCI_B_W5B_Nutrition_Mission_Do.html,starter,🌱 Starter · create the need to know,,,screen,,,"Fictional mission: a rescue-centre animal needs food that fits its natural diet, and a model human body needs examples covering different jobs. What evidence would you use to choose?"
BUILD__SCI_B_W5B_Nutrition_Mission_Do.html,independent,✏️ Independent · evidence of learning,,,screen,,,Body Toolkit Challenge. Build a set of made-up cards. The cards must cover more than one body job. Or match four animals to the food each one needs. Then pick one choice and tell an adult why. Listen to what the adult asks. Change one choice if you change your mind.
BUILD__SCI_B_W5B_Nutrition_Mission_Do.html,independent,✏️ Independent · evidence of learning,,,screen,,,◆ Use three job stations. Use six cards we picked. Point to one match. Say why it fits. 🧰 Scaffold The adult reads the card names. The pupil points or picks. Then the pupil says a short stem out loud. Fade it: remove the first prompt no longer needed.
BUILD__SCI_B_W5B_Nutrition_Mission_Do.html,independent,✏️ Independent · evidence of learning,,,screen,,,▲ Build a made-up toolkit. Use a mix of cards. Say why you made two of the choices. 🧰 Scaffold Decision → reason → adult question → re-attempt. Fade it: remove the first prompt no longer needed.
BUILD__SCI_B_W5B_Nutrition_Mission_Do.html,independent,✏️ Independent · evidence of learning,,,screen,,,★ Compare two toolkits. Which one covers more body jobs? Say which set is stronger. Then say why. 🧰 Scaffold Judge the whole set. Do not just list more cards. Fade it: remove the first prompt no longer needed.
BUILD__SCI_B_W5B_Nutrition_Mission_Do.html,exit,🎫 Exit · adult Audience closes BUILD,exit,Supported,screen,,,Point to one card and say/choose its job.
BUILD__SCI_B_W5B_Nutrition_Mission_Do.html,exit,🎫 Exit · adult Audience closes BUILD,exit,Standard,screen,,,Explain one choice using a body job.
BUILD__SCI_B_W5B_Nutrition_Mission_Do.html,exit,🎫 Exit · adult Audience closes BUILD,exit,Stretch,screen,,,Explain how feedback changed or strengthened one decision.
BUILD__SCI_B_W5B_Nutrition_Mission_Do.html,exit,🎫 Exit · adult Audience closes BUILD,,,screen,,,Point to one card and say/choose its job.
BUILD__SCI_B_W5B_Nutrition_Mission_Do.html,exit,🎫 Exit · adult Audience closes BUILD,,,screen,,,Explain one choice using a body job.
BUILD__SCI_B_W5B_Nutrition_Mission_Do.html,exit,🎫 Exit · adult Audience closes BUILD,,,screen,,,Explain how feedback changed or strengthened one decision.
BUILD__SCI_B_W5B_Nutrition_Mission_Do.html,print,print pack,route,Supported,print,,,◆ Use three job stations. Use six cards we picked. Point to one match. Say why it fits.
BUILD__SCI_B_W5B_Nutrition_Mission_Do.html,print,print pack,route,Standard,print,,,▲ Build a made-up toolkit. Use a mix of cards. Say why you made two of the choices.
BUILD__SCI_B_W5B_Nutrition_Mission_Do.html,print,print pack,route,Stretch,print,,,★ Compare two toolkits. Which one covers more body jobs? Say which set is stronger. Then say why.
BUILD__SCI_B_W5B_Nutrition_Mission_Do.html,print,print pack,box,,print,,,Name: _______________________________ Date: ______________________
BUILD__SCI_B_W5B_Nutrition_Mission_Do.html,print,print pack,box,,print,,,"New to this class, or not sure? Everything you need is in the Retrieval box below — read it, then answer."
BUILD__SCI_B_W5B_Nutrition_Mission_Do.html,print,print pack,box,,print,,,Learning objective: I can use food-job information to make and explain a sensible scientific choice.
BUILD__SCI_B_W5B_Nutrition_Mission_Do.html,print,print pack,box,,print,,,"Model: helps us see — The model shows claim → evidence → revise, step by step. Does not show — It splits food jobs up to help learning. Real nutrition is more mixed. Nobody’s own meals are judged."
BUILD__SCI_B_W5B_Nutrition_Mission_Do.html,print,print pack,box,,print,,,Previous lesson retrieval: W5A — food can support different jobs; variety matters; animals may need different food sources.
BUILD__SCI_B_W5B_Nutrition_Mission_Do.html,print,print pack,box,,print,,,Arrival (Supported forms): 1) Match one card to ENERGY or GROWTH/REPAIR. 2) Point to the muscle that pulls to bend the arm. 3) Point to BACKBONE or NO BACKBONE for a fish. 4) Look at the mission card. Point to the animal on it.
BUILD__SCI_B_W5B_Nutrition_Mission_Do.html,print,print pack,box,,print,,,◆ Use three job stations. Use six cards we picked. Point to one match. Say why it fits.
BUILD__SCI_B_W5B_Nutrition_Mission_Do.html,print,print pack,box,,print,,,▲ Build a made-up toolkit. Use a mix of cards. Say why you made two of the choices.
BUILD__SCI_B_W5B_Nutrition_Mission_Do.html,print,print pack,box,,print,,,★ Compare two toolkits. Which one covers more body jobs? Say which set is stronger. Then say why.
BUILD__SCI_B_W5B_Nutrition_Mission_Do.html,print,print pack,box,,print,,,"Your chosen toolkit and your reason, given to an adult. A before-and-after choice, a photo, or your voice."
BUILD__SCI_B_W5B_Nutrition_Mission_Do.html,print,print pack,box,,print,,,Supported: Point to one card and say/choose its job.
BUILD__SCI_B_W5B_Nutrition_Mission_Do.html,print,print pack,box,,print,,,Standard: Explain one choice using a body job.
BUILD__SCI_B_W5B_Nutrition_Mission_Do.html,print,print pack,box,,print,,,Stretch: Explain how feedback changed or strengthened one decision.
BUILD__SCI_B_W5B_Nutrition_Mission_Do.html,print,print pack,box,,print,,,"Pearson Entry Level Science 8939 (E1→E3); AQA UAS science units Records what was observed, and at which level of independence."
BUILD__SCI_B_W5B_Nutrition_Mission_Do.html,print,print pack,box,,print,,,Observed in this lesson
BUILD__SCI_B_W5B_Nutrition_Mission_Do.html,print,print pack,box,,print,,,☐ Named at least two jobs that food does.
BUILD__SCI_B_W5B_Nutrition_Mission_Do.html,print,print pack,box,,print,,,☐ Matched foods to jobs on the sort.
BUILD__SCI_B_W5B_Nutrition_Mission_Do.html,print,print pack,box,,print,,,☐ Explained why variety matters using 'because'.
BUILD__SCI_B_W5B_Nutrition_Mission_Do.html,print,print pack,box,,print,,,Assessor comment
BUILD__SCI_B_W5B_Nutrition_Mission_Do.html,print,print pack,box,,print,,,Ring the tier the pupil actually worked at
BUILD__SCI_B_W5B_Nutrition_Mission_Do.html,print,print pack,box,,print,,,Assessor name ______________ Role ____________ Signature ______________ Date ________
BUILD__SCI_B_W5B_Nutrition_Mission_Do.html,print,print pack,box,,print,,,Date: ____________________ PUPIL / EVIDENCE ID: ____________________
BUILD__SCI_B_W5B_Nutrition_Mission_Do.html,print,print pack,box,,print,,,Learning objective: I can use food-job information to make and explain a sensible scientific choice.
BUILD__SCI_B_W5B_Nutrition_Mission_Do.html,print,print pack,box,,print,,,"Optional one-page capture. Point, say, draw or have an adult scribe — writing is never required. This sheet adds to the tiered pack; it never replaces it."
BUILD__SCI_B_W6A_Balanced_Plate_Explore.html,arrival,🚪 Arrival · retrieve last lesson,arrival,Supported,screen,1,,Last lesson: Point to one food card and the job it helped with last lesson.
BUILD__SCI_B_W6A_Balanced_Plate_Explore.html,arrival,🚪 Arrival · retrieve last lesson,arrival,Supported,screen,2,,Last week: Match one card to ENERGY.
BUILD__SCI_B_W6A_Balanced_Plate_Explore.html,arrival,🚪 Arrival · retrieve last lesson,arrival,Supported,screen,3,,Older learning: Point to the muscle that contracts in the model.
BUILD__SCI_B_W6A_Balanced_Plate_Explore.html,arrival,🚪 Arrival · retrieve last lesson,arrival,Supported,screen,4,,Lead-in: Look at the food cards. Point to two that seem to go together.
BUILD__SCI_B_W6A_Balanced_Plate_Explore.html,arrival,🚪 Arrival · retrieve last lesson,arrival,Standard,screen,1,,Last lesson: Say one choice you made last lesson and why.
BUILD__SCI_B_W6A_Balanced_Plate_Explore.html,arrival,🚪 Arrival · retrieve last lesson,arrival,Standard,screen,2,,Last week: Recall why different types of food can be useful.
BUILD__SCI_B_W6A_Balanced_Plate_Explore.html,arrival,🚪 Arrival · retrieve last lesson,arrival,Standard,screen,3,,Older learning: Say what a muscle pair does.
BUILD__SCI_B_W6A_Balanced_Plate_Explore.html,arrival,🚪 Arrival · retrieve last lesson,arrival,Standard,screen,4,,Lead-in: Sorting needs a rule. Say one way you could group these cards.
BUILD__SCI_B_W6A_Balanced_Plate_Explore.html,arrival,🚪 Arrival · retrieve last lesson,arrival,Stretch,screen,1,,Last lesson: Explain how evidence helped your food-job choice last lesson.
BUILD__SCI_B_W6A_Balanced_Plate_Explore.html,arrival,🚪 Arrival · retrieve last lesson,arrival,Stretch,screen,2,,Last week: Explain why variety was more useful than relying on one type.
BUILD__SCI_B_W6A_Balanced_Plate_Explore.html,arrival,🚪 Arrival · retrieve last lesson,arrival,Stretch,screen,3,,Older learning: Explain how muscles and bones make the body move.
BUILD__SCI_B_W6A_Balanced_Plate_Explore.html,arrival,🚪 Arrival · retrieve last lesson,arrival,Stretch,screen,4,,Lead-in: What rule could you use to put foods in groups? Say your idea.
BUILD__SCI_B_W6A_Balanced_Plate_Explore.html,arrival,🚪 Arrival · retrieve last lesson,,,screen,1,,Last lesson: Point to one food card and the job it helped with last lesson.
BUILD__SCI_B_W6A_Balanced_Plate_Explore.html,arrival,🚪 Arrival · retrieve last lesson,,,screen,2,,Last week: Match one card to ENERGY.
BUILD__SCI_B_W6A_Balanced_Plate_Explore.html,arrival,🚪 Arrival · retrieve last lesson,,,screen,3,,Older learning: Point to the muscle that contracts in the model.
BUILD__SCI_B_W6A_Balanced_Plate_Explore.html,arrival,🚪 Arrival · retrieve last lesson,,,screen,4,,Lead-in: Look at the food cards. Point to two that seem to go together.
BUILD__SCI_B_W6A_Balanced_Plate_Explore.html,arrival,🚪 Arrival · retrieve last lesson,,,screen,1,,Last lesson: Say one choice you made last lesson and why.
BUILD__SCI_B_W6A_Balanced_Plate_Explore.html,arrival,🚪 Arrival · retrieve last lesson,,,screen,2,,Last week: Recall why different types of food can be useful.
BUILD__SCI_B_W6A_Balanced_Plate_Explore.html,arrival,🚪 Arrival · retrieve last lesson,,,screen,3,,Older learning: Say what a muscle pair does.
BUILD__SCI_B_W6A_Balanced_Plate_Explore.html,arrival,🚪 Arrival · retrieve last lesson,,,screen,4,,Lead-in: Sorting needs a rule. Say one way you could group these cards.
BUILD__SCI_B_W6A_Balanced_Plate_Explore.html,arrival,🚪 Arrival · retrieve last lesson,,,screen,1,,Last lesson: Explain how evidence helped your food-job choice last lesson.
BUILD__SCI_B_W6A_Balanced_Plate_Explore.html,arrival,🚪 Arrival · retrieve last lesson,,,screen,2,,Last week: Explain why variety was more useful than relying on one type.
BUILD__SCI_B_W6A_Balanced_Plate_Explore.html,arrival,🚪 Arrival · retrieve last lesson,,,screen,3,,Older learning: Explain how muscles and bones make the body move.
BUILD__SCI_B_W6A_Balanced_Plate_Explore.html,arrival,🚪 Arrival · retrieve last lesson,,,screen,4,,Lead-in: What rule could you use to put foods in groups? Say your idea.
BUILD__SCI_B_W6A_Balanced_Plate_Explore.html,starter,🌱 Starter · create the need to know,,,screen,,,A fictional plate has every card piled into one section. It contains food — but is it balanced? What would you change first?
BUILD__SCI_B_W6A_Balanced_Plate_Explore.html,independent,✏️ Independent · evidence of learning,,,screen,,,Balance Studio. Pick a made-up person. Pick a made-up day. Sort eight cards onto a plate mat. The mat has a label for each food group. Then look at the whole plate. Say what makes it balanced.
BUILD__SCI_B_W6A_Balanced_Plate_Explore.html,independent,✏️ Independent · evidence of learning,,,screen,,,◆ Use a plate mat. It has group names and icons. Sort a set of six cards. 🧰 Scaffold Match by group name. Or match by picture. The adult can hand you two cards at a time. Fade it: remove the first prompt no longer needed.
BUILD__SCI_B_W6A_Balanced_Plate_Explore.html,independent,✏️ Independent · evidence of learning,,,screen,,,"▲ Place all eight cards. Then give one sentence. Make it about balance. 🧰 Scaffold Stem: ‘This is balanced because it includes ___, ___ and ___.’ Fade it: remove the first prompt no longer needed."
BUILD__SCI_B_W6A_Balanced_Plate_Explore.html,independent,✏️ Independent · evidence of learning,,,screen,,,★ Compare two made-up plates. Which plate has more food groups? Say which one. Say why. Then say what you would change. 🧰 Scaffold Look at the whole pattern. Do not judge one food on its own. Fade it: remove the first prompt no longer needed.
BUILD__SCI_B_W6A_Balanced_Plate_Explore.html,exit,🎫 Exit · adult Audience closes BUILD,exit,Supported,screen,,,What does ‘balanced’ mean: range across groups / all one group?
BUILD__SCI_B_W6A_Balanced_Plate_Explore.html,exit,🎫 Exit · adult Audience closes BUILD,exit,Standard,screen,,,Name two groups on the plate and explain balance.
BUILD__SCI_B_W6A_Balanced_Plate_Explore.html,exit,🎫 Exit · adult Audience closes BUILD,exit,Stretch,screen,,,Explain why balance is not the same as equal amounts of every group.
BUILD__SCI_B_W6A_Balanced_Plate_Explore.html,exit,🎫 Exit · adult Audience closes BUILD,,,screen,,,What does ‘balanced’ mean: range across groups / all one group?
BUILD__SCI_B_W6A_Balanced_Plate_Explore.html,exit,🎫 Exit · adult Audience closes BUILD,,,screen,,,Name two groups on the plate and explain balance.
BUILD__SCI_B_W6A_Balanced_Plate_Explore.html,exit,🎫 Exit · adult Audience closes BUILD,,,screen,,,Explain why balance is not the same as equal amounts of every group.
BUILD__SCI_B_W6A_Balanced_Plate_Explore.html,print,print pack,route,Supported,print,,,◆ Use a plate mat. It has group names and icons. Sort a set of six cards.
BUILD__SCI_B_W6A_Balanced_Plate_Explore.html,print,print pack,route,Standard,print,,,▲ Place all eight cards. Then give one sentence. Make it about balance.
BUILD__SCI_B_W6A_Balanced_Plate_Explore.html,print,print pack,route,Stretch,print,,,★ Compare two made-up plates. Which plate has more food groups? Say which one. Say why. Then say what you would change.
BUILD__SCI_B_W6A_Balanced_Plate_Explore.html,print,print pack,box,,print,,,Name: _______________________________ Date: ______________________
BUILD__SCI_B_W6A_Balanced_Plate_Explore.html,print,print pack,box,,print,,,"New to this class, or not sure? Everything you need is in the Retrieval box below — read it, then answer."
BUILD__SCI_B_W6A_Balanced_Plate_Explore.html,print,print pack,box,,print,,,Learning objective: I can sort foods into groups and describe what balance means.
BUILD__SCI_B_W6A_Balanced_Plate_Explore.html,print,print pack,box,,print,,,"Model: helps us see — The model shows the sorting rules and a range across groups. Does not show — It shows a simple pattern, not a rule for any person. It must never judge a person, a body or one meal."
BUILD__SCI_B_W6A_Balanced_Plate_Explore.html,print,print pack,box,,print,,,"Previous lesson retrieval: Aut1·W5 — different foods can support different jobs; variety matters. The jobs were energy, growth and repair, and keeping the body working."
BUILD__SCI_B_W6A_Balanced_Plate_Explore.html,print,print pack,box,,print,,,Arrival (Supported forms): 1) Point to one food card and the job it helped with last lesson. 2) Match one card to ENERGY. 3) Point to the muscle that contracts in the model. 4) Look at the food cards. Point to two that seem to go together.
BUILD__SCI_B_W6A_Balanced_Plate_Explore.html,print,print pack,box,,print,,,◆ Use a plate mat. It has group names and icons. Sort a set of six cards.
BUILD__SCI_B_W6A_Balanced_Plate_Explore.html,print,print pack,box,,print,,,▲ Place all eight cards. Then give one sentence. Make it about balance.
BUILD__SCI_B_W6A_Balanced_Plate_Explore.html,print,print pack,box,,print,,,★ Compare two made-up plates. Which plate has more food groups? Say which one. Say why. Then say what you would change.
BUILD__SCI_B_W6A_Balanced_Plate_Explore.html,print,print pack,box,,print,,,"Your finished plate model and your words. A photo with notes, or an adult hearing you explain."
BUILD__SCI_B_W6A_Balanced_Plate_Explore.html,print,print pack,box,,print,,,Supported: What does ‘balanced’ mean: range across groups / all one group?
BUILD__SCI_B_W6A_Balanced_Plate_Explore.html,print,print pack,box,,print,,,Standard: Name two groups on the plate and explain balance.
BUILD__SCI_B_W6A_Balanced_Plate_Explore.html,print,print pack,box,,print,,,Stretch: Explain why balance is not the same as equal amounts of every group.
BUILD__SCI_B_W6A_Balanced_Plate_Explore.html,print,print pack,box,,print,,,"Pearson Entry Level Science 8939 (E1→E3); AQA UAS science units Records what was observed, and at which level of independence."
BUILD__SCI_B_W6A_Balanced_Plate_Explore.html,print,print pack,box,,print,,,Observed in this lesson
BUILD__SCI_B_W6A_Balanced_Plate_Explore.html,print,print pack,box,,print,,,☐ Named at least two food groups.
BUILD__SCI_B_W6A_Balanced_Plate_Explore.html,print,print pack,box,,print,,,☐ Sorted eight foods into correct groups.
BUILD__SCI_B_W6A_Balanced_Plate_Explore.html,print,print pack,box,,print,,,☐ Described balance in their own words.
BUILD__SCI_B_W6A_Balanced_Plate_Explore.html,print,print pack,box,,print,,,Assessor comment
BUILD__SCI_B_W6A_Balanced_Plate_Explore.html,print,print pack,box,,print,,,Ring the tier the pupil actually worked at
BUILD__SCI_B_W6A_Balanced_Plate_Explore.html,print,print pack,box,,print,,,Assessor name ______________ Role ____________ Signature ______________ Date ________
BUILD__SCI_B_W6A_Balanced_Plate_Explore.html,print,print pack,box,,print,,,Date: ____________________ PUPIL / EVIDENCE ID: ____________________
BUILD__SCI_B_W6A_Balanced_Plate_Explore.html,print,print pack,box,,print,,,Learning objective: I can sort foods into groups and describe what balance means.
BUILD__SCI_B_W6A_Balanced_Plate_Explore.html,print,print pack,box,,print,,,"Optional one-page capture. Point, say, draw or have an adult scribe — writing is never required. This sheet adds to the tiered pack; it never replaces it."
BUILD__SCI_B_W6B_Balanced_Plate_Do.html,arrival,🚪 Arrival · retrieve last lesson,arrival,Supported,screen,1,,Last lesson: Place one example card into its group.
BUILD__SCI_B_W6B_Balanced_Plate_Do.html,arrival,🚪 Arrival · retrieve last lesson,arrival,Supported,screen,2,,Last week: Match one card to GROWTH/REPAIR.
BUILD__SCI_B_W6B_Balanced_Plate_Do.html,arrival,🚪 Arrival · retrieve last lesson,arrival,Supported,screen,3,,Older learning: Point to where the model arm bends.
BUILD__SCI_B_W6B_Balanced_Plate_Do.html,arrival,🚪 Arrival · retrieve last lesson,arrival,Supported,screen,4,,Lead-in: Look at the design brief card. Point to the plate shape.
BUILD__SCI_B_W6B_Balanced_Plate_Do.html,arrival,🚪 Arrival · retrieve last lesson,arrival,Standard,screen,1,,Last lesson: Name three groups from the Explore lesson.
BUILD__SCI_B_W6B_Balanced_Plate_Do.html,arrival,🚪 Arrival · retrieve last lesson,arrival,Standard,screen,2,,Last week: Name two jobs food can support.
BUILD__SCI_B_W6B_Balanced_Plate_Do.html,arrival,🚪 Arrival · retrieve last lesson,arrival,Standard,screen,3,,Older learning: Say what contracts means in the arm model.
BUILD__SCI_B_W6B_Balanced_Plate_Do.html,arrival,🚪 Arrival · retrieve last lesson,arrival,Standard,screen,4,,Lead-in: Today you design. Say one thing a clear model needs.
BUILD__SCI_B_W6B_Balanced_Plate_Do.html,arrival,🚪 Arrival · retrieve last lesson,arrival,Stretch,screen,1,,Last lesson: Explain why balance does not mean identical group sizes.
BUILD__SCI_B_W6B_Balanced_Plate_Do.html,arrival,🚪 Arrival · retrieve last lesson,arrival,Stretch,screen,2,,Last week: Explain why a range of jobs needs a range of foods.
BUILD__SCI_B_W6B_Balanced_Plate_Do.html,arrival,🚪 Arrival · retrieve last lesson,arrival,Stretch,screen,3,,Older learning: Explain why the model arm needed two muscles.
BUILD__SCI_B_W6B_Balanced_Plate_Do.html,arrival,🚪 Arrival · retrieve last lesson,arrival,Stretch,screen,4,,Lead-in: What would make your plate model easy for someone else to read?
BUILD__SCI_B_W6B_Balanced_Plate_Do.html,arrival,🚪 Arrival · retrieve last lesson,,,screen,1,,Last lesson: Place one example card into its group.
BUILD__SCI_B_W6B_Balanced_Plate_Do.html,arrival,🚪 Arrival · retrieve last lesson,,,screen,2,,Last week: Match one card to GROWTH/REPAIR.
BUILD__SCI_B_W6B_Balanced_Plate_Do.html,arrival,🚪 Arrival · retrieve last lesson,,,screen,3,,Older learning: Point to where the model arm bends.
BUILD__SCI_B_W6B_Balanced_Plate_Do.html,arrival,🚪 Arrival · retrieve last lesson,,,screen,4,,Lead-in: Look at the design brief card. Point to the plate shape.
BUILD__SCI_B_W6B_Balanced_Plate_Do.html,arrival,🚪 Arrival · retrieve last lesson,,,screen,1,,Last lesson: Name three groups from the Explore lesson.
BUILD__SCI_B_W6B_Balanced_Plate_Do.html,arrival,🚪 Arrival · retrieve last lesson,,,screen,2,,Last week: Name two jobs food can support.
BUILD__SCI_B_W6B_Balanced_Plate_Do.html,arrival,🚪 Arrival · retrieve last lesson,,,screen,3,,Older learning: Say what contracts means in the arm model.
BUILD__SCI_B_W6B_Balanced_Plate_Do.html,arrival,🚪 Arrival · retrieve last lesson,,,screen,4,,Lead-in: Today you design. Say one thing a clear model needs.
BUILD__SCI_B_W6B_Balanced_Plate_Do.html,arrival,🚪 Arrival · retrieve last lesson,,,screen,1,,Last lesson: Explain why balance does not mean identical group sizes.
BUILD__SCI_B_W6B_Balanced_Plate_Do.html,arrival,🚪 Arrival · retrieve last lesson,,,screen,2,,Last week: Explain why a range of jobs needs a range of foods.
BUILD__SCI_B_W6B_Balanced_Plate_Do.html,arrival,🚪 Arrival · retrieve last lesson,,,screen,3,,Older learning: Explain why the model arm needed two muscles.
BUILD__SCI_B_W6B_Balanced_Plate_Do.html,arrival,🚪 Arrival · retrieve last lesson,,,screen,4,,Lead-in: What would make your plate model easy for someone else to read?
BUILD__SCI_B_W6B_Balanced_Plate_Do.html,starter,🌱 Starter · create the need to know,,,screen,,,Design brief: a fictional community café display needs a model plate that shows a range of groups clearly. How will visitors be able to read the Science?
BUILD__SCI_B_W6B_Balanced_Plate_Do.html,independent,✏️ Independent · evidence of learning,,,screen,,,FoodWise Design Lab. Build a made-up plate display. Add a label to each part. Show an adult two choices. Say why you put them there. The adult gives one prompt. Then make one change we can see.
BUILD__SCI_B_W6B_Balanced_Plate_Do.html,independent,✏️ Independent · evidence of learning,,,screen,,,◆ The plate sections are labelled for you. Choose from a small set of cards. 🧰 Scaffold Use one card at a time. The adult reads the labels. The pupil points or places it. Fade it: remove the first prompt no longer needed.
BUILD__SCI_B_W6B_Balanced_Plate_Do.html,independent,✏️ Independent · evidence of learning,,,screen,,,▲ Build the full card model. Then explain two decisions. 🧰 Scaffold Explain group → why it belongs → how the whole plate shows range. Fade it: remove the first prompt no longer needed.
BUILD__SCI_B_W6B_Balanced_Plate_Do.html,independent,✏️ Independent · evidence of learning,,,screen,,,★ Judge your model as a way to teach. Change one part. A new learner should then see the group pattern. 🧰 Scaffold Judge how clear it is. Check the science is right. Looks are not enough. Fade it: remove the first prompt no longer needed.
BUILD__SCI_B_W6B_Balanced_Plate_Do.html,exit,🎫 Exit · adult Audience closes BUILD,exit,Supported,screen,,,Point to one group and one matching card.
BUILD__SCI_B_W6B_Balanced_Plate_Do.html,exit,🎫 Exit · adult Audience closes BUILD,exit,Standard,screen,,,Explain what makes your model balanced.
BUILD__SCI_B_W6B_Balanced_Plate_Do.html,exit,🎫 Exit · adult Audience closes BUILD,exit,Stretch,screen,,,Name the feedback you used and how the model improved.
BUILD__SCI_B_W6B_Balanced_Plate_Do.html,exit,🎫 Exit · adult Audience closes BUILD,,,screen,,,Point to one group and one matching card.
BUILD__SCI_B_W6B_Balanced_Plate_Do.html,exit,🎫 Exit · adult Audience closes BUILD,,,screen,,,Explain what makes your model balanced.
BUILD__SCI_B_W6B_Balanced_Plate_Do.html,exit,🎫 Exit · adult Audience closes BUILD,,,screen,,,Name the feedback you used and how the model improved.
BUILD__SCI_B_W6B_Balanced_Plate_Do.html,print,print pack,route,Supported,print,,,◆ The plate sections are labelled for you. Choose from a small set of cards.
BUILD__SCI_B_W6B_Balanced_Plate_Do.html,print,print pack,route,Standard,print,,,▲ Build the full card model. Then explain two decisions.
BUILD__SCI_B_W6B_Balanced_Plate_Do.html,print,print pack,route,Stretch,print,,,★ Judge your model as a way to teach. Change one part. A new learner should then see the group pattern.
BUILD__SCI_B_W6B_Balanced_Plate_Do.html,print,print pack,box,,print,,,Name: _______________________________ Date: ______________________
BUILD__SCI_B_W6B_Balanced_Plate_Do.html,print,print pack,box,,print,,,"New to this class, or not sure? Everything you need is in the Retrieval box below — read it, then answer."
BUILD__SCI_B_W6B_Balanced_Plate_Do.html,print,print pack,box,,print,,,"Learning objective: I can design, build and explain a balanced plate model using food groups."
BUILD__SCI_B_W6B_Balanced_Plate_Do.html,print,print pack,box,,print,,,"Model: helps us see — The model lets us check whether the group rules are visible and the pattern is easy to read. Does not show — It is a learning model, not a plan for any person’s eating, body or health."
BUILD__SCI_B_W6B_Balanced_Plate_Do.html,print,print pack,box,,print,,,Previous lesson retrieval: W6A — foods can be sorted into groups and a balanced pattern includes a range across groups.
BUILD__SCI_B_W6B_Balanced_Plate_Do.html,print,print pack,box,,print,,,Arrival (Supported forms): 1) Place one example card into its group. 2) Match one card to GROWTH/REPAIR. 3) Point to where the model arm bends. 4) Look at the design brief card. Point to the plate shape.
BUILD__SCI_B_W6B_Balanced_Plate_Do.html,print,print pack,box,,print,,,◆ The plate sections are labelled for you. Choose from a small set of cards.
BUILD__SCI_B_W6B_Balanced_Plate_Do.html,print,print pack,box,,print,,,▲ Build the full card model. Then explain two decisions.
BUILD__SCI_B_W6B_Balanced_Plate_Do.html,print,print pack,box,,print,,,★ Judge your model as a way to teach. Change one part. A new learner should then see the group pattern.
BUILD__SCI_B_W6B_Balanced_Plate_Do.html,print,print pack,box,,print,,,"Your model before and after, with your reason. A photo, your voice, or an adult watching."
BUILD__SCI_B_W6B_Balanced_Plate_Do.html,print,print pack,box,,print,,,Supported: Point to one group and one matching card.
BUILD__SCI_B_W6B_Balanced_Plate_Do.html,print,print pack,box,,print,,,Standard: Explain what makes your model balanced.
BUILD__SCI_B_W6B_Balanced_Plate_Do.html,print,print pack,box,,print,,,Stretch: Name the feedback you used and how the model improved.
BUILD__SCI_B_W6B_Balanced_Plate_Do.html,print,print pack,box,,print,,,"Pearson Entry Level Science 8939 (E1→E3); AQA UAS science units Records what was observed, and at which level of independence."
BUILD__SCI_B_W6B_Balanced_Plate_Do.html,print,print pack,box,,print,,,Observed in this lesson
BUILD__SCI_B_W6B_Balanced_Plate_Do.html,print,print pack,box,,print,,,☐ Named at least two food groups.
BUILD__SCI_B_W6B_Balanced_Plate_Do.html,print,print pack,box,,print,,,☐ Sorted eight foods into correct groups.
BUILD__SCI_B_W6B_Balanced_Plate_Do.html,print,print pack,box,,print,,,☐ Described balance in their own words.
BUILD__SCI_B_W6B_Balanced_Plate_Do.html,print,print pack,box,,print,,,Assessor comment
BUILD__SCI_B_W6B_Balanced_Plate_Do.html,print,print pack,box,,print,,,Ring the tier the pupil actually worked at
BUILD__SCI_B_W6B_Balanced_Plate_Do.html,print,print pack,box,,print,,,Assessor name ______________ Role ____________ Signature ______________ Date ________
BUILD__SCI_B_W6B_Balanced_Plate_Do.html,print,print pack,box,,print,,,Date: ____________________ PUPIL / EVIDENCE ID: ____________________
BUILD__SCI_B_W6B_Balanced_Plate_Do.html,print,print pack,box,,print,,,"Learning objective: I can design, build and explain a balanced plate model using food groups."
BUILD__SCI_B_W6B_Balanced_Plate_Do.html,print,print pack,box,,print,,,"Optional one-page capture. Point, say, draw or have an adult scribe — writing is never required. This sheet adds to the tiered pack; it never replaces it."
BUILD__SCI_B_W7A_Food_Sources_Explore.html,arrival,🚪 Arrival · retrieve last lesson,arrival,Supported,screen,1,,Last lesson: Point to one group you used on your plate model.
BUILD__SCI_B_W7A_Food_Sources_Explore.html,arrival,🚪 Arrival · retrieve last lesson,arrival,Supported,screen,2,,Last week: Place one food card into its group.
BUILD__SCI_B_W7A_Food_Sources_Explore.html,arrival,🚪 Arrival · retrieve last lesson,arrival,Supported,screen,3,,Older learning: Match one card to ENERGY.
BUILD__SCI_B_W7A_Food_Sources_Explore.html,arrival,🚪 Arrival · retrieve last lesson,arrival,Supported,screen,4,,Lead-in: Point to an animal card. Point to something it might eat.
BUILD__SCI_B_W7A_Food_Sources_Explore.html,arrival,🚪 Arrival · retrieve last lesson,arrival,Standard,screen,1,,Last lesson: Say one change you made to your design and why.
BUILD__SCI_B_W7A_Food_Sources_Explore.html,arrival,🚪 Arrival · retrieve last lesson,arrival,Standard,screen,2,,Last week: Name two food groups.
BUILD__SCI_B_W7A_Food_Sources_Explore.html,arrival,🚪 Arrival · retrieve last lesson,arrival,Standard,screen,3,,Older learning: Name two jobs food does for a body.
BUILD__SCI_B_W7A_Food_Sources_Explore.html,arrival,🚪 Arrival · retrieve last lesson,arrival,Standard,screen,4,,Lead-in: People get food from shops. Where do you think a wild animal gets food?
BUILD__SCI_B_W7A_Food_Sources_Explore.html,arrival,🚪 Arrival · retrieve last lesson,arrival,Stretch,screen,1,,Last lesson: Explain how feedback improved your plate model.
BUILD__SCI_B_W7A_Food_Sources_Explore.html,arrival,🚪 Arrival · retrieve last lesson,arrival,Stretch,screen,2,,Last week: Explain what balance meant in our model.
BUILD__SCI_B_W7A_Food_Sources_Explore.html,arrival,🚪 Arrival · retrieve last lesson,arrival,Stretch,screen,3,,Older learning: Explain why variety matters for food jobs.
BUILD__SCI_B_W7A_Food_Sources_Explore.html,arrival,🚪 Arrival · retrieve last lesson,arrival,Stretch,screen,4,,Lead-in: Do you think a plant needs to eat? Say what you think and why.
BUILD__SCI_B_W7A_Food_Sources_Explore.html,arrival,🚪 Arrival · retrieve last lesson,,,screen,1,,Last lesson: Point to one group you used on your plate model.
BUILD__SCI_B_W7A_Food_Sources_Explore.html,arrival,🚪 Arrival · retrieve last lesson,,,screen,2,,Last week: Place one food card into its group.
BUILD__SCI_B_W7A_Food_Sources_Explore.html,arrival,🚪 Arrival · retrieve last lesson,,,screen,3,,Older learning: Match one card to ENERGY.
BUILD__SCI_B_W7A_Food_Sources_Explore.html,arrival,🚪 Arrival · retrieve last lesson,,,screen,4,,Lead-in: Point to an animal card. Point to something it might eat.
BUILD__SCI_B_W7A_Food_Sources_Explore.html,arrival,🚪 Arrival · retrieve last lesson,,,screen,1,,Last lesson: Say one change you made to your design and why.
BUILD__SCI_B_W7A_Food_Sources_Explore.html,arrival,🚪 Arrival · retrieve last lesson,,,screen,2,,Last week: Name two food groups.
BUILD__SCI_B_W7A_Food_Sources_Explore.html,arrival,🚪 Arrival · retrieve last lesson,,,screen,3,,Older learning: Name two jobs food does for a body.
BUILD__SCI_B_W7A_Food_Sources_Explore.html,arrival,🚪 Arrival · retrieve last lesson,,,screen,4,,Lead-in: People get food from shops. Where do you think a wild animal gets food?
BUILD__SCI_B_W7A_Food_Sources_Explore.html,arrival,🚪 Arrival · retrieve last lesson,,,screen,1,,Last lesson: Explain how feedback improved your plate model.
BUILD__SCI_B_W7A_Food_Sources_Explore.html,arrival,🚪 Arrival · retrieve last lesson,,,screen,2,,Last week: Explain what balance meant in our model.
BUILD__SCI_B_W7A_Food_Sources_Explore.html,arrival,🚪 Arrival · retrieve last lesson,,,screen,3,,Older learning: Explain why variety matters for food jobs.
BUILD__SCI_B_W7A_Food_Sources_Explore.html,arrival,🚪 Arrival · retrieve last lesson,,,screen,4,,Lead-in: Do you think a plant needs to eat? Say what you think and why.
BUILD__SCI_B_W7A_Food_Sources_Explore.html,starter,🌱 Starter · create the need to know,,,screen,,,"Plant and rabbit mystery: both are alive and need energy. Which one can make its own food, and which one must find/eat food?"
BUILD__SCI_B_W7A_Food_Sources_Explore.html,independent,✏️ Independent · evidence of learning,,,screen,,,Food Finder. Match each animal card to a food source. The food must suit that animal. Then build one simple food-source path. Show your path to an adult. Explain each step in your own words.
BUILD__SCI_B_W7A_Food_Sources_Explore.html,independent,✏️ Independent · evidence of learning,,,screen,,,◆ Match four animal-food pairs. Use the picture anchors. They will help you. 🧰 Scaffold Give just two choices at a time. Then add one habitat clue. Fade it: remove the first prompt no longer needed.
BUILD__SCI_B_W7A_Food_Sources_Explore.html,independent,✏️ Independent · evidence of learning,,,screen,,,▲ Match six pairs. Then build one food path. Use three cards. 🧰 Scaffold Stem: ‘The ___ gets food by eating ___.’ Fade it: remove the first prompt no longer needed.
BUILD__SCI_B_W7A_Food_Sources_Explore.html,independent,✏️ Independent · evidence of learning,,,screen,,,★ Build two paths. Then take one food source away. What might change? Say what could happen next. 🧰 Scaffold Say which animal depends on which food. Keep your words simple. Short words are fine. Fade it: remove the first prompt no longer needed.
BUILD__SCI_B_W7A_Food_Sources_Explore.html,exit,🎫 Exit · adult Audience closes BUILD,exit,Supported,screen,,,Can animals make their own food: yes / no?
BUILD__SCI_B_W7A_Food_Sources_Explore.html,exit,🎫 Exit · adult Audience closes BUILD,exit,Standard,screen,,,Give one animal and where it gets food from.
BUILD__SCI_B_W7A_Food_Sources_Explore.html,exit,🎫 Exit · adult Audience closes BUILD,exit,Stretch,screen,,,Explain the difference between how a plant and an animal gets food.
BUILD__SCI_B_W7A_Food_Sources_Explore.html,exit,🎫 Exit · adult Audience closes BUILD,,,screen,,,Can animals make their own food: yes / no?
BUILD__SCI_B_W7A_Food_Sources_Explore.html,exit,🎫 Exit · adult Audience closes BUILD,,,screen,,,Give one animal and where it gets food from.
BUILD__SCI_B_W7A_Food_Sources_Explore.html,exit,🎫 Exit · adult Audience closes BUILD,,,screen,,,Explain the difference between how a plant and an animal gets food.
BUILD__SCI_B_W7A_Food_Sources_Explore.html,print,print pack,route,Supported,print,,,◆ Match four animal-food pairs. Use the picture anchors. They will help you.
BUILD__SCI_B_W7A_Food_Sources_Explore.html,print,print pack,route,Standard,print,,,▲ Match six pairs. Then build one food path. Use three cards.
BUILD__SCI_B_W7A_Food_Sources_Explore.html,print,print pack,route,Stretch,print,,,★ Build two paths. Then take one food source away. What might change? Say what could happen next.
BUILD__SCI_B_W7A_Food_Sources_Explore.html,print,print pack,box,,print,,,Name: _______________________________ Date: ______________________
BUILD__SCI_B_W7A_Food_Sources_Explore.html,print,print pack,box,,print,,,"New to this class, or not sure? Everything you need is in the Retrieval box below — read it, then answer."
BUILD__SCI_B_W7A_Food_Sources_Explore.html,print,print pack,box,,print,,,"Learning objective: I can explain that animals get food by eating, while plants can make their own food."
BUILD__SCI_B_W7A_Food_Sources_Explore.html,print,print pack,box,,print,,,"Model: helps us see — The chain shows what is eaten by what, one link at a time. Does not show — A three-link chain is a simple model. Real feeding is a bigger web, and it can change."
BUILD__SCI_B_W7A_Food_Sources_Explore.html,print,print pack,box,,print,,,Previous lesson retrieval: Aut1·W6 — food groups and balanced patterns; different foods can serve different roles.
BUILD__SCI_B_W7A_Food_Sources_Explore.html,print,print pack,box,,print,,,Arrival (Supported forms): 1) Point to one group you used on your plate model. 2) Place one food card into its group. 3) Match one card to ENERGY. 4) Point to an animal card. Point to something it might eat.
BUILD__SCI_B_W7A_Food_Sources_Explore.html,print,print pack,box,,print,,,◆ Match four animal-food pairs. Use the picture anchors. They will help you.
BUILD__SCI_B_W7A_Food_Sources_Explore.html,print,print pack,box,,print,,,▲ Match six pairs. Then build one food path. Use three cards.
BUILD__SCI_B_W7A_Food_Sources_Explore.html,print,print pack,box,,print,,,★ Build two paths. Then take one food source away. What might change? Say what could happen next.
BUILD__SCI_B_W7A_Food_Sources_Explore.html,print,print pack,box,,print,,,"Your matched strip and your words. An arrow model, an adult watching, or a voice clip if allowed."
BUILD__SCI_B_W7A_Food_Sources_Explore.html,print,print pack,box,,print,,,Supported: Can animals make their own food: yes / no?
BUILD__SCI_B_W7A_Food_Sources_Explore.html,print,print pack,box,,print,,,Standard: Give one animal and where it gets food from.
BUILD__SCI_B_W7A_Food_Sources_Explore.html,print,print pack,box,,print,,,Stretch: Explain the difference between how a plant and an animal gets food.
BUILD__SCI_B_W7A_Food_Sources_Explore.html,print,print pack,box,,print,,,"Pearson Entry Level Science 8939 (E1→E3); AQA UAS science units Records what was observed, and at which level of independence."
BUILD__SCI_B_W7A_Food_Sources_Explore.html,print,print pack,box,,print,,,Observed in this lesson
BUILD__SCI_B_W7A_Food_Sources_Explore.html,print,print pack,box,,print,,,☐ Identified producer and consumer correctly.
BUILD__SCI_B_W7A_Food_Sources_Explore.html,print,print pack,box,,print,,,☐ Read the arrow as 'is eaten by'.
BUILD__SCI_B_W7A_Food_Sources_Explore.html,print,print pack,box,,print,,,☐ Built a correctly ordered food chain.
BUILD__SCI_B_W7A_Food_Sources_Explore.html,print,print pack,box,,print,,,Assessor comment
BUILD__SCI_B_W7A_Food_Sources_Explore.html,print,print pack,box,,print,,,Ring the tier the pupil actually worked at
BUILD__SCI_B_W7A_Food_Sources_Explore.html,print,print pack,box,,print,,,Assessor name ______________ Role ____________ Signature ______________ Date ________
BUILD__SCI_B_W7A_Food_Sources_Explore.html,print,print pack,box,,print,,,Date: ____________________ PUPIL / EVIDENCE ID: ____________________
BUILD__SCI_B_W7A_Food_Sources_Explore.html,print,print pack,box,,print,,,"Learning objective: I can explain that animals get food by eating, while plants can make their own food."
BUILD__SCI_B_W7A_Food_Sources_Explore.html,print,print pack,box,,print,,,"Optional one-page capture. Point, say, draw or have an adult scribe — writing is never required. This sheet adds to the tiered pack; it never replaces it."
BUILD__SCI_B_W7B_Food_Chain_Do.html,arrival,🚪 Arrival · retrieve last lesson,arrival,Supported,screen,1,,Last lesson: Match rabbit → grass.
BUILD__SCI_B_W7B_Food_Chain_Do.html,arrival,🚪 Arrival · retrieve last lesson,arrival,Supported,screen,2,,Last week: Place one card into a food group.
BUILD__SCI_B_W7B_Food_Chain_Do.html,arrival,🚪 Arrival · retrieve last lesson,arrival,Supported,screen,3,,Older learning: Point to a job food does for a body.
BUILD__SCI_B_W7B_Food_Chain_Do.html,arrival,🚪 Arrival · retrieve last lesson,arrival,Supported,screen,4,,"Lead-in: Cards: grass, rabbit, fox. Point to what the rabbit eats."
BUILD__SCI_B_W7B_Food_Chain_Do.html,arrival,🚪 Arrival · retrieve last lesson,arrival,Standard,screen,1,,Last lesson: Complete: animals get food by ___.
BUILD__SCI_B_W7B_Food_Chain_Do.html,arrival,🚪 Arrival · retrieve last lesson,arrival,Standard,screen,2,,Last week: Name three food groups.
BUILD__SCI_B_W7B_Food_Chain_Do.html,arrival,🚪 Arrival · retrieve last lesson,arrival,Standard,screen,3,,Older learning: Name two food jobs.
BUILD__SCI_B_W7B_Food_Chain_Do.html,arrival,🚪 Arrival · retrieve last lesson,arrival,Standard,screen,4,,Lead-in: Say what links the rabbit and the fox.
BUILD__SCI_B_W7B_Food_Chain_Do.html,arrival,🚪 Arrival · retrieve last lesson,arrival,Stretch,screen,1,,Last lesson: Explain one plant/animal food-source difference.
BUILD__SCI_B_W7B_Food_Chain_Do.html,arrival,🚪 Arrival · retrieve last lesson,arrival,Stretch,screen,2,,Last week: Explain why a model plate shows a range across groups.
BUILD__SCI_B_W7B_Food_Chain_Do.html,arrival,🚪 Arrival · retrieve last lesson,arrival,Stretch,screen,3,,Older learning: Explain why one food type rarely covers every job.
BUILD__SCI_B_W7B_Food_Chain_Do.html,arrival,🚪 Arrival · retrieve last lesson,arrival,Stretch,screen,4,,Lead-in: How could you show who eats what as one picture? Say your idea.
BUILD__SCI_B_W7B_Food_Chain_Do.html,arrival,🚪 Arrival · retrieve last lesson,,,screen,1,,Last lesson: Match rabbit → grass.
BUILD__SCI_B_W7B_Food_Chain_Do.html,arrival,🚪 Arrival · retrieve last lesson,,,screen,2,,Last week: Place one card into a food group.
BUILD__SCI_B_W7B_Food_Chain_Do.html,arrival,🚪 Arrival · retrieve last lesson,,,screen,3,,Older learning: Point to a job food does for a body.
BUILD__SCI_B_W7B_Food_Chain_Do.html,arrival,🚪 Arrival · retrieve last lesson,,,screen,4,,"Lead-in: Cards: grass, rabbit, fox. Point to what the rabbit eats."
BUILD__SCI_B_W7B_Food_Chain_Do.html,arrival,🚪 Arrival · retrieve last lesson,,,screen,1,,Last lesson: Complete: animals get food by ___.
BUILD__SCI_B_W7B_Food_Chain_Do.html,arrival,🚪 Arrival · retrieve last lesson,,,screen,2,,Last week: Name three food groups.
BUILD__SCI_B_W7B_Food_Chain_Do.html,arrival,🚪 Arrival · retrieve last lesson,,,screen,3,,Older learning: Name two food jobs.
BUILD__SCI_B_W7B_Food_Chain_Do.html,arrival,🚪 Arrival · retrieve last lesson,,,screen,4,,Lead-in: Say what links the rabbit and the fox.
BUILD__SCI_B_W7B_Food_Chain_Do.html,arrival,🚪 Arrival · retrieve last lesson,,,screen,1,,Last lesson: Explain one plant/animal food-source difference.
BUILD__SCI_B_W7B_Food_Chain_Do.html,arrival,🚪 Arrival · retrieve last lesson,,,screen,2,,Last week: Explain why a model plate shows a range across groups.
BUILD__SCI_B_W7B_Food_Chain_Do.html,arrival,🚪 Arrival · retrieve last lesson,,,screen,3,,Older learning: Explain why one food type rarely covers every job.
BUILD__SCI_B_W7B_Food_Chain_Do.html,arrival,🚪 Arrival · retrieve last lesson,,,screen,4,,Lead-in: How could you show who eats what as one picture? Say your idea.
BUILD__SCI_B_W7B_Food_Chain_Do.html,starter,🌱 Starter · create the need to know,,,screen,,,"Three cards: plant, caterpillar, bird. How could you arrange them to show who gets food from whom? Commit an order before arrows appear."
BUILD__SCI_B_W7B_Food_Chain_Do.html,independent,✏️ Independent · evidence of learning,,,screen,,,"Habitat Link Lab. Build a food-source chain. Use three or four cards. Then explain every link in it. An adult will ask you one question. Check your chain again. Say it is right, or fix it."
BUILD__SCI_B_W7B_Food_Chain_Do.html,independent,✏️ Independent · evidence of learning,,,screen,,,◆ Use a chain of three cards. The arrow labels have words on them. Pick from two cards each time. 🧰 Scaffold Keep the arrow meaning in printed words. The adult points to one link at a time. Fade it: remove the first prompt no longer needed.
BUILD__SCI_B_W7B_Food_Chain_Do.html,independent,✏️ Independent · evidence of learning,,,screen,,,▲ Build a chain from a mixed set of cards. Then explain each link. 🧰 Scaffold For each arrow say: ‘___ gets food by eating ___.’ Fade it: remove the first prompt no longer needed.
BUILD__SCI_B_W7B_Food_Chain_Do.html,independent,✏️ Independent · evidence of learning,,,screen,,,★ Build two chains that link up. Or take one food source away. Then say what the chain evidence suggests could happen next. A model suggests — it cannot prove. 🧰 Scaffold Say which animal depends on which food. Do not just list learnt words. Fade it: remove the first prompt no longer needed.
BUILD__SCI_B_W7B_Food_Chain_Do.html,exit,🎫 Exit · adult Audience closes BUILD,exit,Supported,screen,,,What does the rabbit get food from in the model?
BUILD__SCI_B_W7B_Food_Chain_Do.html,exit,🎫 Exit · adult Audience closes BUILD,exit,Standard,screen,,,Explain one link in your chain.
BUILD__SCI_B_W7B_Food_Chain_Do.html,exit,🎫 Exit · adult Audience closes BUILD,exit,Stretch,screen,,,Say what the chain evidence suggests could happen to one animal if its food source was gone.
BUILD__SCI_B_W7B_Food_Chain_Do.html,exit,🎫 Exit · adult Audience closes BUILD,,,screen,,,What does the rabbit get food from in the model?
BUILD__SCI_B_W7B_Food_Chain_Do.html,exit,🎫 Exit · adult Audience closes BUILD,,,screen,,,Explain one link in your chain.
BUILD__SCI_B_W7B_Food_Chain_Do.html,exit,🎫 Exit · adult Audience closes BUILD,,,screen,,,Say what the chain evidence suggests could happen to one animal if its food source was gone.
BUILD__SCI_B_W7B_Food_Chain_Do.html,print,print pack,route,Supported,print,,,◆ Use a chain of three cards. The arrow labels have words on them. Pick from two cards each time.
BUILD__SCI_B_W7B_Food_Chain_Do.html,print,print pack,route,Standard,print,,,▲ Build a chain from a mixed set of cards. Then explain each link.
BUILD__SCI_B_W7B_Food_Chain_Do.html,print,print pack,route,Stretch,print,,,★ Build two chains that link up. Or take one food source away. Then say what the chain evidence suggests could happen next. A model suggests — it cannot prove.
BUILD__SCI_B_W7B_Food_Chain_Do.html,print,print pack,box,,print,,,Name: _______________________________ Date: ______________________
BUILD__SCI_B_W7B_Food_Chain_Do.html,print,print pack,box,,print,,,"New to this class, or not sure? Everything you need is in the Retrieval box below — read it, then answer."
BUILD__SCI_B_W7B_Food_Chain_Do.html,print,print pack,box,,print,,,Learning objective: I can build and explain a simple food-source chain showing that animals obtain food by eating.
BUILD__SCI_B_W7B_Food_Chain_Do.html,print,print pack,box,,print,,,Model: helps us see — The model helps us follow the food links and find the wrong one. Does not show — It is not a full food web. One simple chain cannot prove what a real habitat would do.
BUILD__SCI_B_W7B_Food_Chain_Do.html,print,print pack,box,,print,,,Previous lesson retrieval: W7A — animals obtain food by eating; plants can make their own food; animal needs differ.
BUILD__SCI_B_W7B_Food_Chain_Do.html,print,print pack,box,,print,,,"Arrival (Supported forms): 1) Match rabbit → grass. 2) Place one card into a food group. 3) Point to a job food does for a body. 4) Cards: grass, rabbit, fox. Point to what the rabbit eats."
BUILD__SCI_B_W7B_Food_Chain_Do.html,print,print pack,box,,print,,,◆ Use a chain of three cards. The arrow labels have words on them. Pick from two cards each time.
BUILD__SCI_B_W7B_Food_Chain_Do.html,print,print pack,box,,print,,,▲ Build a chain from a mixed set of cards. Then explain each link.
BUILD__SCI_B_W7B_Food_Chain_Do.html,print,print pack,box,,print,,,★ Build two chains that link up. Or take one food source away. Then say what the chain evidence suggests could happen next. A model suggests — it cannot prove.
BUILD__SCI_B_W7B_Food_Chain_Do.html,print,print pack,box,,print,,,"Your finished chain and your words to an adult. The link you fixed, a photo, or your voice."
BUILD__SCI_B_W7B_Food_Chain_Do.html,print,print pack,box,,print,,,Supported: What does the rabbit get food from in the model?
BUILD__SCI_B_W7B_Food_Chain_Do.html,print,print pack,box,,print,,,Standard: Explain one link in your chain.
BUILD__SCI_B_W7B_Food_Chain_Do.html,print,print pack,box,,print,,,Stretch: Say what the chain evidence suggests could happen to one animal if its food source was gone.
BUILD__SCI_B_W7B_Food_Chain_Do.html,print,print pack,box,,print,,,"Pearson Entry Level Science 8939 (E1→E3); AQA UAS science units Records what was observed, and at which level of independence."
BUILD__SCI_B_W7B_Food_Chain_Do.html,print,print pack,box,,print,,,Observed in this lesson
BUILD__SCI_B_W7B_Food_Chain_Do.html,print,print pack,box,,print,,,☐ Identified producer and consumer correctly.
BUILD__SCI_B_W7B_Food_Chain_Do.html,print,print pack,box,,print,,,☐ Read the arrow as 'is eaten by'.
BUILD__SCI_B_W7B_Food_Chain_Do.html,print,print pack,box,,print,,,☐ Built a correctly ordered food chain.
BUILD__SCI_B_W7B_Food_Chain_Do.html,print,print pack,box,,print,,,Assessor comment
BUILD__SCI_B_W7B_Food_Chain_Do.html,print,print pack,box,,print,,,Ring the tier the pupil actually worked at
BUILD__SCI_B_W7B_Food_Chain_Do.html,print,print pack,box,,print,,,Assessor name ______________ Role ____________ Signature ______________ Date ________
BUILD__SCI_B_W7B_Food_Chain_Do.html,print,print pack,box,,print,,,Date: ____________________ PUPIL / EVIDENCE ID: ____________________
BUILD__SCI_B_W7B_Food_Chain_Do.html,print,print pack,box,,print,,,Learning objective: I can build and explain a simple food-source chain showing that animals obtain food by eating.
BUILD__SCI_B_W7B_Food_Chain_Do.html,print,print pack,box,,print,,,"Optional one-page capture. Point, say, draw or have an adult scribe — writing is never required. This sheet adds to the tiered pack; it never replaces it."
GROW__SCI_G_W3A_Friction_Explore.html,arrival,🚪 Arrival · what you already know,arrival,Supported,screen,,,Point to something here that would be hard to slide along the floor.
GROW__SCI_G_W3A_Friction_Explore.html,arrival,🚪 Arrival · what you already know,arrival,Supported,screen,,,"Point or say: which is easier to walk on, wet ice or a dry path?"
GROW__SCI_G_W3A_Friction_Explore.html,arrival,🚪 Arrival · what you already know,arrival,Supported,screen,,,Show with your hands what happens when you rub them together fast.
GROW__SCI_G_W3A_Friction_Explore.html,arrival,🚪 Arrival · what you already know,arrival,Supported,screen,,,Look at the two soles. Point to the one that grips.
GROW__SCI_G_W3A_Friction_Explore.html,arrival,🚪 Arrival · what you already know,arrival,Standard,screen,,,Name one thing that is hard to push along the floor. Say why you think it is hard.
GROW__SCI_G_W3A_Friction_Explore.html,arrival,🚪 Arrival · what you already know,arrival,Standard,screen,,,"Which is easier to walk on, wet ice or a dry path? Say what makes the difference."
GROW__SCI_G_W3A_Friction_Explore.html,arrival,🚪 Arrival · what you already know,arrival,Standard,screen,,,Rub your hands together. Say what you can feel changing.
GROW__SCI_G_W3A_Friction_Explore.html,arrival,🚪 Arrival · what you already know,arrival,Standard,screen,,,Trainers have patterned soles. An ice rink is kept smooth. Both are on purpose. Why?
GROW__SCI_G_W3A_Friction_Explore.html,arrival,🚪 Arrival · what you already know,arrival,Stretch,screen,,,Name one everyday job that would be impossible if nothing gripped anything.
GROW__SCI_G_W3A_Friction_Explore.html,arrival,🚪 Arrival · what you already know,arrival,Stretch,screen,,,The same shoes feel different on ice and on a dry path. Explain why.
GROW__SCI_G_W3A_Friction_Explore.html,arrival,🚪 Arrival · what you already know,arrival,Stretch,screen,,,Your hands warm up when you rub them. Where do you think that heat comes from?
GROW__SCI_G_W3A_Friction_Explore.html,arrival,🚪 Arrival · what you already know,arrival,Stretch,screen,,,"Trainers grip and ice rinks slide, both by design. What is being controlled in each case?"
GROW__SCI_G_W3A_Friction_Explore.html,arrival,🚪 Arrival · what you already know,,,screen,,,Point to something here that would be hard to slide along the floor.
GROW__SCI_G_W3A_Friction_Explore.html,arrival,🚪 Arrival · what you already know,,,screen,,,"Point or say: which is easier to walk on, wet ice or a dry path?"
GROW__SCI_G_W3A_Friction_Explore.html,arrival,🚪 Arrival · what you already know,,,screen,,,Show with your hands what happens when you rub them together fast.
GROW__SCI_G_W3A_Friction_Explore.html,arrival,🚪 Arrival · what you already know,,,screen,,,Look at the two soles. Point to the one that grips.
GROW__SCI_G_W3A_Friction_Explore.html,arrival,🚪 Arrival · what you already know,,,screen,,,Name one thing that is hard to push along the floor. Say why you think it is hard.
GROW__SCI_G_W3A_Friction_Explore.html,arrival,🚪 Arrival · what you already know,,,screen,,,"Which is easier to walk on, wet ice or a dry path? Say what makes the difference."
GROW__SCI_G_W3A_Friction_Explore.html,arrival,🚪 Arrival · what you already know,,,screen,,,Rub your hands together. Say what you can feel changing.
GROW__SCI_G_W3A_Friction_Explore.html,arrival,🚪 Arrival · what you already know,,,screen,,,Trainers have patterned soles. An ice rink is kept smooth. Both are on purpose. Why?
GROW__SCI_G_W3A_Friction_Explore.html,arrival,🚪 Arrival · what you already know,,,screen,,,Name one everyday job that would be impossible if nothing gripped anything.
GROW__SCI_G_W3A_Friction_Explore.html,arrival,🚪 Arrival · what you already know,,,screen,,,The same shoes feel different on ice and on a dry path. Explain why.
GROW__SCI_G_W3A_Friction_Explore.html,arrival,🚪 Arrival · what you already know,,,screen,,,Your hands warm up when you rub them. Where do you think that heat comes from?
GROW__SCI_G_W3A_Friction_Explore.html,arrival,🚪 Arrival · what you already know,,,screen,,,"Trainers grip and ice rinks slide, both by design. What is being controlled in each case?"
GROW__SCI_G_W3A_Friction_Explore.html,starter,🌱 Starter · make the new idea worth knowing,,,screen,,,Why do trainers have patterned soles while an ice rink is deliberately smooth? Make a prediction — no science word is required yet.
GROW__SCI_G_W3A_Friction_Explore.html,independent,✏️ Independent task · evidence of thinking,,,screen,,,"Friction detective. Choose one real object, or a picture of one. You could pick a trainer, a tyre, a brake, a door handle or an engine part. Any other approved example is fine. Show where the surfaces touch. Show what friction does there. Then say if friction helps. Say if it hinders. Or say if it does both."
GROW__SCI_G_W3A_Friction_Explore.html,independent,✏️ Independent task · evidence of thinking,,,screen,,,◆ Use a labelled picture and the word bank. Add arrows to it. Then finish this line: ‘Friction helps because…’. 🧰 Open scaffold Word bank: friction · surface · grip · rub · slow · heat. Use these words on your card. Sentence stem: ‘The surfaces are __ and __. Friction acts __. This is useful/unhelpful because __.’ Fade it: remove the first prompt that is no longer needed; do not keep a scaffold because it was used once.
GROW__SCI_G_W3A_Friction_Explore.html,independent,✏️ Independent task · evidence of thinking,,,screen,,,▲ Label two contact surfaces. Explain one helpful effect. Then explain one unhelpful effect. 🧰 Open scaffold Prompt card: surfaces → direction of friction → effect → why that effect matters. Do one box at a time. Fade it: remove the first prompt that is no longer needed; do not keep a scaffold because it was used once.
GROW__SCI_G_W3A_Friction_Explore.html,independent,✏️ Independent task · evidence of thinking,,,screen,,,★ Find one place where a designer would add friction. Find one place to cut it. Give a science reason for each. 🧰 Open scaffold Add a design trade-off. What gets better if friction changes? What new cost might that bring? Fade it: remove the first prompt that is no longer needed; do not keep a scaffold because it was used once.
GROW__SCI_G_W3A_Friction_Explore.html,exit,🎫 Exit ticket · response becomes the next step,exit,Supported,screen,,,Name one place friction helps.
GROW__SCI_G_W3A_Friction_Explore.html,exit,🎫 Exit ticket · response becomes the next step,exit,Standard,screen,,,Explain why a car needs friction to stop.
GROW__SCI_G_W3A_Friction_Explore.html,exit,🎫 Exit ticket · response becomes the next step,exit,Stretch,screen,,,Explain why the same force can be a design solution and a design problem.
GROW__SCI_G_W3A_Friction_Explore.html,exit,🎫 Exit ticket · response becomes the next step,,,screen,,,Name one place friction helps.
GROW__SCI_G_W3A_Friction_Explore.html,exit,🎫 Exit ticket · response becomes the next step,,,screen,,,Explain why a car needs friction to stop.
GROW__SCI_G_W3A_Friction_Explore.html,exit,🎫 Exit ticket · response becomes the next step,,,screen,,,Explain why the same force can be a design solution and a design problem.
GROW__SCI_G_W3A_Friction_Explore.html,print,print pack,route,Supported,print,,,Supported independent route ◆ Use a labelled picture and the word bank. Add arrows to it. Then finish this line: ‘Friction helps because…’. Scaffold Word bank: friction · surface · grip · rub · slow · heat. Use these words on your card. Sentence stem: ‘The surfaces are __ and __. Friction acts __. This is useful/unhelpful because __.’
GROW__SCI_G_W3A_Friction_Explore.html,print,print pack,route,Standard,print,,,Standard independent route ▲ Label two contact surfaces. Explain one helpful effect. Then explain one unhelpful effect. Scaffold Prompt card: surfaces → direction of friction → effect → why that effect matters. Do one box at a time.
GROW__SCI_G_W3A_Friction_Explore.html,print,print pack,route,Stretch,print,,,Stretch independent route ★ Find one place where a designer would add friction. Find one place to cut it. Give a science reason for each. Scaffold Add a design trade-off. What gets better if friction changes? What new cost might that bring?
GROW__SCI_G_W3A_Friction_Explore.html,print,print pack,box,,print,,,◆ Use a labelled picture and the word bank. Add arrows to it. Then finish this line: ‘Friction helps because…’.
GROW__SCI_G_W3A_Friction_Explore.html,print,print pack,box,,print,,,Word bank: friction · surface · grip · rub · slow · heat. Use these words on your card. Sentence stem: ‘The surfaces are __ and __. Friction acts __. This is useful/unhelpful because __.’
GROW__SCI_G_W3A_Friction_Explore.html,print,print pack,box,,print,,,▲ Label two contact surfaces. Explain one helpful effect. Then explain one unhelpful effect.
GROW__SCI_G_W3A_Friction_Explore.html,print,print pack,box,,print,,,Prompt card: surfaces → direction of friction → effect → why that effect matters. Do one box at a time.
GROW__SCI_G_W3A_Friction_Explore.html,print,print pack,box,,print,,,★ Find one place where a designer would add friction. Find one place to cut it. Give a science reason for each.
GROW__SCI_G_W3A_Friction_Explore.html,print,print pack,box,,print,,,Add a design trade-off. What gets better if friction changes? What new cost might that bring?
GROW__SCI_G_W3A_Friction_Explore.html,print,print pack,box,,print,,,"What this model helps us see: It shows that friction acts against the direction of motion, and that grip comes from the pair of surfaces touching, not from one of them alone. What this model does not show: It leaves out the size of the force, the heat it produces, and the tiny roughness that is doing the actual work."
GROW__SCI_G_W3A_Friction_Explore.html,print,print pack,box,,print,,,WORD HELP friction — the rub that slows things down surface — the outside face that touches resistance — pushing back against movement
GROW__SCI_G_W3A_Friction_Explore.html,print,print pack,box,,print,,,ONE closure line after an adult has genuinely received the response and given one next step: Next I will ____________________________________________________________
GROW__SCI_G_W3A_Friction_Explore.html,print,print pack,box,,print,,,"GROW written close — the pupil writes this line: “What I said, and what it changed:” ________________________________________________________________ ________________________________________________________________"
GROW__SCI_G_W3B_Friction_Do.html,arrival,🚪 Arrival · prior lesson retrieval,arrival,Supported,screen,,,Point to a surface here where friction is high.
GROW__SCI_G_W3B_Friction_Do.html,arrival,🚪 Arrival · prior lesson retrieval,arrival,Supported,screen,,,"Point or say: which slides further on a smooth floor, a sock or a rubber shoe?"
GROW__SCI_G_W3B_Friction_Do.html,arrival,🚪 Arrival · prior lesson retrieval,arrival,Supported,screen,,,Show how you would make a toy car go further along the floor.
GROW__SCI_G_W3B_Friction_Do.html,arrival,🚪 Arrival · prior lesson retrieval,arrival,Supported,screen,,,We test surfaces today. Point to the one you think will grip most.
GROW__SCI_G_W3B_Friction_Do.html,arrival,🚪 Arrival · prior lesson retrieval,arrival,Standard,screen,,,Last lesson you decided when friction helps. Give one place it helps.
GROW__SCI_G_W3B_Friction_Do.html,arrival,🚪 Arrival · prior lesson retrieval,arrival,Standard,screen,,,"Which would slide further on a smooth floor, a sock or a rubber shoe? Say why."
GROW__SCI_G_W3B_Friction_Do.html,arrival,🚪 Arrival · prior lesson retrieval,arrival,Standard,screen,,,How would you make a toy car travel further along the floor?
GROW__SCI_G_W3B_Friction_Do.html,arrival,🚪 Arrival · prior lesson retrieval,arrival,Standard,screen,,,"Today we test surfaces. Which surface will grip most, and how will we know?"
GROW__SCI_G_W3B_Friction_Do.html,arrival,🚪 Arrival · prior lesson retrieval,arrival,Stretch,screen,,,Last lesson you found friction can be a problem too. Give one place a designer would want less of it.
GROW__SCI_G_W3B_Friction_Do.html,arrival,🚪 Arrival · prior lesson retrieval,arrival,Stretch,screen,,,"Predict which slides further, then say what you would keep the same to be sure."
GROW__SCI_G_W3B_Friction_Do.html,arrival,🚪 Arrival · prior lesson retrieval,arrival,Stretch,screen,,,A toy car stops sooner than you expected. Name two things that could explain it.
GROW__SCI_G_W3B_Friction_Do.html,arrival,🚪 Arrival · prior lesson retrieval,arrival,Stretch,screen,,,Today we test surfaces. What would make our answer trustworthy to someone who was not here?
GROW__SCI_G_W3B_Friction_Do.html,arrival,🚪 Arrival · prior lesson retrieval,,,screen,,,Point to a surface here where friction is high.
GROW__SCI_G_W3B_Friction_Do.html,arrival,🚪 Arrival · prior lesson retrieval,,,screen,,,"Point or say: which slides further on a smooth floor, a sock or a rubber shoe?"
GROW__SCI_G_W3B_Friction_Do.html,arrival,🚪 Arrival · prior lesson retrieval,,,screen,,,Show how you would make a toy car go further along the floor.
GROW__SCI_G_W3B_Friction_Do.html,arrival,🚪 Arrival · prior lesson retrieval,,,screen,,,We test surfaces today. Point to the one you think will grip most.
GROW__SCI_G_W3B_Friction_Do.html,arrival,🚪 Arrival · prior lesson retrieval,,,screen,,,Last lesson you decided when friction helps. Give one place it helps.
GROW__SCI_G_W3B_Friction_Do.html,arrival,🚪 Arrival · prior lesson retrieval,,,screen,,,"Which would slide further on a smooth floor, a sock or a rubber shoe? Say why."
GROW__SCI_G_W3B_Friction_Do.html,arrival,🚪 Arrival · prior lesson retrieval,,,screen,,,How would you make a toy car travel further along the floor?
GROW__SCI_G_W3B_Friction_Do.html,arrival,🚪 Arrival · prior lesson retrieval,,,screen,,,"Today we test surfaces. Which surface will grip most, and how will we know?"
GROW__SCI_G_W3B_Friction_Do.html,arrival,🚪 Arrival · prior lesson retrieval,,,screen,,,Last lesson you found friction can be a problem too. Give one place a designer would want less of it.
GROW__SCI_G_W3B_Friction_Do.html,arrival,🚪 Arrival · prior lesson retrieval,,,screen,,,"Predict which slides further, then say what you would keep the same to be sure."
GROW__SCI_G_W3B_Friction_Do.html,arrival,🚪 Arrival · prior lesson retrieval,,,screen,,,A toy car stops sooner than you expected. Name two things that could explain it.
GROW__SCI_G_W3B_Friction_Do.html,arrival,🚪 Arrival · prior lesson retrieval,,,screen,,,Today we test surfaces. What would make our answer trustworthy to someone who was not here?
GROW__SCI_G_W3B_Friction_Do.html,starter,🌱 Starter · make the new idea worth knowing,,,screen,,,Which classroom surface will let the same block or trolley travel furthest? Commit your prediction before equipment comes out.
GROW__SCI_G_W3B_Friction_Do.html,independent,✏️ Independent task · evidence of thinking,,,screen,,,Surface investigation. Compare at least three safe surfaces. Use the same object. Use the same release method. Do this on every surface. Record the distance travelled. Or record another agreed measure. Keep that measure the same each time. Repeat a surface if time allows.
GROW__SCI_G_W3B_Friction_Do.html,independent,✏️ Independent task · evidence of thinking,,,screen,,,◆ Use the prepared table. Start at the marked release point. Let the object go. Record LONGER or SHORTER. Or record the measured distance. 🧰 Open scaffold Visual sequence: predict → release from mark → measure → record → repeat → conclude. Do one step at a time. Tick each step off. Conclusion stem: ‘___ produced the most friction because the object travelled ___ compared with ___.’ Fade it: remove the first prompt that is no longer needed; do not keep a scaffold because it was used once.
GROW__SCI_G_W3B_Friction_Do.html,independent,✏️ Independent task · evidence of thinking,,,screen,,,▲ Record the measured distance in centimetres (cm). Which surface made the most friction? Write that down. 🧰 Open scaffold Conclusion stem: ‘___ produced the most friction because the object travelled ___ compared with ___.’ Fill each gap from your results. Fade it: remove the first prompt that is no longer needed; do not keep a scaffold because it was used once.
GROW__SCI_G_W3B_Friction_Do.html,independent,✏️ Independent task · evidence of thinking,,,screen,,,★ Repeat each surface. Check your repeats. Are they close? Then suggest one way to improve the method. 🧰 Open scaffold Evaluation prompt. You try to keep the method the same. What might still vary? Fade it: remove the first prompt that is no longer needed; do not keep a scaffold because it was used once.
GROW__SCI_G_W3B_Friction_Do.html,exit,🎫 Exit ticket · response becomes the next step,exit,Supported,screen,,,Which tested surface produced the most friction?
GROW__SCI_G_W3B_Friction_Do.html,exit,🎫 Exit ticket · response becomes the next step,exit,Standard,screen,,,Use one result to justify which surface produced most friction.
GROW__SCI_G_W3B_Friction_Do.html,exit,🎫 Exit ticket · response becomes the next step,exit,Stretch,screen,,,Explain one limitation of your investigation and how you would improve it.
GROW__SCI_G_W3B_Friction_Do.html,exit,🎫 Exit ticket · response becomes the next step,,,screen,,,Which tested surface produced the most friction?
GROW__SCI_G_W3B_Friction_Do.html,exit,🎫 Exit ticket · response becomes the next step,,,screen,,,Use one result to justify which surface produced most friction.
GROW__SCI_G_W3B_Friction_Do.html,exit,🎫 Exit ticket · response becomes the next step,,,screen,,,Explain one limitation of your investigation and how you would improve it.
GROW__SCI_G_W3B_Friction_Do.html,print,print pack,route,Supported,print,,,Supported independent route ◆ Use the prepared table. Start at the marked release point. Let the object go. Record LONGER or SHORTER. Or record the measured distance. Scaffold Visual sequence: predict → release from mark → measure → record → repeat → conclude. Do one step at a time. Tick each step off. Conclusion stem: ‘___ produced the most friction because the object travelled ___ compared with ___.’
GROW__SCI_G_W3B_Friction_Do.html,print,print pack,route,Standard,print,,,Standard independent route ▲ Record the measured distance in centimetres (cm). Which surface made the most friction? Write that down. Scaffold Conclusion stem: ‘___ produced the most friction because the object travelled ___ compared with ___.’
GROW__SCI_G_W3B_Friction_Do.html,print,print pack,route,Stretch,print,,,Stretch independent route ★ Repeat each surface. Check your repeats. Are they close? Then suggest one way to improve the method. Scaffold Evaluation prompt. You try to keep the method the same. What might still vary?
GROW__SCI_G_W3B_Friction_Do.html,print,print pack,box,,print,,,◆ Use the prepared table. Start at the marked release point. Let the object go. Record LONGER or SHORTER. Or record the measured distance.
GROW__SCI_G_W3B_Friction_Do.html,print,print pack,box,,print,,,Visual sequence: predict → release from mark → measure → record → repeat → conclude. Do one step at a time. Tick each step off. Conclusion stem: ‘___ produced the most friction because the object travelled ___ compared with ___.’
GROW__SCI_G_W3B_Friction_Do.html,print,print pack,box,,print,,,▲ Record the measured distance in centimetres (cm). Which surface made the most friction? Write that down.
GROW__SCI_G_W3B_Friction_Do.html,print,print pack,box,,print,,,Conclusion stem: ‘___ produced the most friction because the object travelled ___ compared with ___.’
GROW__SCI_G_W3B_Friction_Do.html,print,print pack,box,,print,,,★ Repeat each surface. Check your repeats. Are they close? Then suggest one way to improve the method.
GROW__SCI_G_W3B_Friction_Do.html,print,print pack,box,,print,,,Evaluation prompt. You try to keep the method the same. What might still vary?
GROW__SCI_G_W3B_Friction_Do.html,print,print pack,box,,print,,,"What this model helps us see: It lets you compare surfaces side by side when every surface gets the same release, so the surface is the only thing you changed. What this model does not show: It leaves out how evenly each surface was laid, the friction inside the wheels, and the air pushing back on the car."
GROW__SCI_G_W3B_Friction_Do.html,print,print pack,box,,print,,,"WORD HELP evidence — what you found out, written down observation — what you saw, recorded carefully repeat — doing it again the same way"
GROW__SCI_G_W3B_Friction_Do.html,print,print pack,box,,print,,,ONE closure line after an adult has genuinely received the response and given one next step: Next I will ____________________________________________________________
GROW__SCI_G_W3B_Friction_Do.html,print,print pack,box,,print,,,"GROW written close — the pupil writes this line: “What I said, and what it changed:” ________________________________________________________________ ________________________________________________________________"
GROW__SCI_G_W4A_Mechanisms_Explore.html,arrival,🚪 Arrival · prior lesson retrieval,arrival,Supported,screen,,,Point to the surface from last lesson that gripped the most.
GROW__SCI_G_W4A_Mechanisms_Explore.html,arrival,🚪 Arrival · prior lesson retrieval,arrival,Supported,screen,,,Say one place friction helps.
GROW__SCI_G_W4A_Mechanisms_Explore.html,arrival,🚪 Arrival · prior lesson retrieval,arrival,Supported,screen,,,Show with your hands what friction does to something sliding.
GROW__SCI_G_W4A_Mechanisms_Explore.html,arrival,🚪 Arrival · prior lesson retrieval,arrival,Supported,screen,,,Point to the door handle. It helps you push.
GROW__SCI_G_W4A_Mechanisms_Explore.html,arrival,🚪 Arrival · prior lesson retrieval,arrival,Standard,screen,,,"Last lesson you tested surfaces. Which gave the most friction, and how did you know?"
GROW__SCI_G_W4A_Mechanisms_Explore.html,arrival,🚪 Arrival · prior lesson retrieval,arrival,Standard,screen,,,In Week 3 you decided friction can help or get in the way. Give one example of each.
GROW__SCI_G_W4A_Mechanisms_Explore.html,arrival,🚪 Arrival · prior lesson retrieval,arrival,Standard,screen,,,What does friction do to an object that is trying to slide?
GROW__SCI_G_W4A_Mechanisms_Explore.html,arrival,🚪 Arrival · prior lesson retrieval,arrival,Standard,screen,,,Some tools let a small push do a big job. How do you think a door handle helps?
GROW__SCI_G_W4A_Mechanisms_Explore.html,arrival,🚪 Arrival · prior lesson retrieval,arrival,Stretch,screen,,,Last lesson you used results as evidence. What made one result more trustworthy than another?
GROW__SCI_G_W4A_Mechanisms_Explore.html,arrival,🚪 Arrival · prior lesson retrieval,arrival,Stretch,screen,,,Week 3: explain why the same force can be useful in one design and a problem in another.
GROW__SCI_G_W4A_Mechanisms_Explore.html,arrival,🚪 Arrival · prior lesson retrieval,arrival,Stretch,screen,,,Friction acts against sliding. Name something else it produces that you could feel.
GROW__SCI_G_W4A_Mechanisms_Explore.html,arrival,🚪 Arrival · prior lesson retrieval,arrival,Stretch,screen,,,A small effort can move a big load. What do you think is being given up to get that?
GROW__SCI_G_W4A_Mechanisms_Explore.html,arrival,🚪 Arrival · prior lesson retrieval,,,screen,,,Point to the surface from last lesson that gripped the most.
GROW__SCI_G_W4A_Mechanisms_Explore.html,arrival,🚪 Arrival · prior lesson retrieval,,,screen,,,Say one place friction helps.
GROW__SCI_G_W4A_Mechanisms_Explore.html,arrival,🚪 Arrival · prior lesson retrieval,,,screen,,,Show with your hands what friction does to something sliding.
GROW__SCI_G_W4A_Mechanisms_Explore.html,arrival,🚪 Arrival · prior lesson retrieval,,,screen,,,Point to the door handle. It helps you push.
GROW__SCI_G_W4A_Mechanisms_Explore.html,arrival,🚪 Arrival · prior lesson retrieval,,,screen,,,"Last lesson you tested surfaces. Which gave the most friction, and how did you know?"
GROW__SCI_G_W4A_Mechanisms_Explore.html,arrival,🚪 Arrival · prior lesson retrieval,,,screen,,,In Week 3 you decided friction can help or get in the way. Give one example of each.
GROW__SCI_G_W4A_Mechanisms_Explore.html,arrival,🚪 Arrival · prior lesson retrieval,,,screen,,,What does friction do to an object that is trying to slide?
GROW__SCI_G_W4A_Mechanisms_Explore.html,arrival,🚪 Arrival · prior lesson retrieval,,,screen,,,Some tools let a small push do a big job. How do you think a door handle helps?
GROW__SCI_G_W4A_Mechanisms_Explore.html,arrival,🚪 Arrival · prior lesson retrieval,,,screen,,,Last lesson you used results as evidence. What made one result more trustworthy than another?
GROW__SCI_G_W4A_Mechanisms_Explore.html,arrival,🚪 Arrival · prior lesson retrieval,,,screen,,,Week 3: explain why the same force can be useful in one design and a problem in another.
GROW__SCI_G_W4A_Mechanisms_Explore.html,arrival,🚪 Arrival · prior lesson retrieval,,,screen,,,Friction acts against sliding. Name something else it produces that you could feel.
GROW__SCI_G_W4A_Mechanisms_Explore.html,arrival,🚪 Arrival · prior lesson retrieval,,,screen,,,A small effort can move a big load. What do you think is being given up to get that?
GROW__SCI_G_W4A_Mechanisms_Explore.html,starter,🌱 Starter · make the new idea worth knowing,,,screen,,,"How can one person lift, turn or move something that feels too difficult by hand? Choose a familiar object: scissors, wheelbarrow, spanner, bicycle or flagpole."
GROW__SCI_G_W4A_Mechanisms_Explore.html,independent,✏️ Independent task · evidence of thinking,,,screen,,,"Mechanism detective. Look at three approved examples. Handle them, or just inspect them. Name the mechanism in each one. Mark the pivot if there is one. Mark any turning parts. Then explain what job it makes easier. Or explain what job it changes."
GROW__SCI_G_W4A_Mechanisms_Explore.html,independent,✏️ Independent task · evidence of thinking,,,screen,,,"◆ Match each example to LEVER / PULLEY / GEARS. Then point to the pivot on a lever. 🧰 Open scaffold Picture key: lever = bar + pivot; pulley = wheel + rope; gears = toothed wheels. Match the picture first. Then say the name. Stem: ‘This is a ___ because ___. It helps by ___, but ___.’ Fade it: remove the first prompt that is no longer needed; do not keep a scaffold because it was used once."
GROW__SCI_G_W4A_Mechanisms_Explore.html,independent,✏️ Independent task · evidence of thinking,,,screen,,,"▲ Name the mechanism. Then say what it changes. It may change force size, direction or turning. 🧰 Open scaffold Stem: ‘This is a ___ because ___. It helps by ___, but ___.’ Fill each gap in turn. Fade it: remove the first prompt that is no longer needed; do not keep a scaffold because it was used once."
GROW__SCI_G_W4A_Mechanisms_Explore.html,independent,✏️ Independent task · evidence of thinking,,,screen,,,★ Take at least two mechanisms. State the gain for each one. Then state the trade-off. 🧰 Open scaffold Use force and distance words. Or use speed and turning-effect words. Do not just write ‘it makes it easier’. Fade it: remove the first prompt that is no longer needed; do not keep a scaffold because it was used once.
GROW__SCI_G_W4A_Mechanisms_Explore.html,exit,🎫 Exit ticket · response becomes the next step,exit,Supported,screen,,,Name the point a lever turns around.
GROW__SCI_G_W4A_Mechanisms_Explore.html,exit,🎫 Exit ticket · response becomes the next step,exit,Standard,screen,,,Explain why moving a pivot can change how hard a lift feels.
GROW__SCI_G_W4A_Mechanisms_Explore.html,exit,🎫 Exit ticket · response becomes the next step,exit,Stretch,screen,,,Explain why a mechanism cannot give a force advantage without a trade-off.
GROW__SCI_G_W4A_Mechanisms_Explore.html,exit,🎫 Exit ticket · response becomes the next step,,,screen,,,Name the point a lever turns around.
GROW__SCI_G_W4A_Mechanisms_Explore.html,exit,🎫 Exit ticket · response becomes the next step,,,screen,,,Explain why moving a pivot can change how hard a lift feels.
GROW__SCI_G_W4A_Mechanisms_Explore.html,exit,🎫 Exit ticket · response becomes the next step,,,screen,,,Explain why a mechanism cannot give a force advantage without a trade-off.
GROW__SCI_G_W4A_Mechanisms_Explore.html,print,print pack,route,Supported,print,,,"Supported independent route ◆ Match each example to LEVER / PULLEY / GEARS. Then point to the pivot on a lever. Scaffold Picture key: lever = bar + pivot; pulley = wheel + rope; gears = toothed wheels. Match the picture first. Then say the name. Stem: ‘This is a ___ because ___. It helps by ___, but ___.’"
GROW__SCI_G_W4A_Mechanisms_Explore.html,print,print pack,route,Standard,print,,,"Standard independent route ▲ Name the mechanism. Then say what it changes. It may change force size, direction or turning. Scaffold Stem: ‘This is a ___ because ___. It helps by ___, but ___.’"
GROW__SCI_G_W4A_Mechanisms_Explore.html,print,print pack,route,Stretch,print,,,Stretch independent route ★ Take at least two mechanisms. State the gain for each one. Then state the trade-off. Scaffold Use force and distance words. Or use speed and turning-effect words. Do not just write ‘it makes it easier’.
GROW__SCI_G_W4A_Mechanisms_Explore.html,print,print pack,box,,print,,,◆ Match each example to LEVER / PULLEY / GEARS. Then point to the pivot on a lever.
GROW__SCI_G_W4A_Mechanisms_Explore.html,print,print pack,box,,print,,,"Picture key: lever = bar + pivot; pulley = wheel + rope; gears = toothed wheels. Match the picture first. Then say the name. Stem: ‘This is a ___ because ___. It helps by ___, but ___.’"
GROW__SCI_G_W4A_Mechanisms_Explore.html,print,print pack,box,,print,,,"▲ Name the mechanism. Then say what it changes. It may change force size, direction or turning."
GROW__SCI_G_W4A_Mechanisms_Explore.html,print,print pack,box,,print,,,"Stem: ‘This is a ___ because ___. It helps by ___, but ___.’"
GROW__SCI_G_W4A_Mechanisms_Explore.html,print,print pack,box,,print,,,★ Take at least two mechanisms. State the gain for each one. Then state the trade-off.
GROW__SCI_G_W4A_Mechanisms_Explore.html,print,print pack,box,,print,,,Use force and distance words. Or use speed and turning-effect words. Do not just write ‘it makes it easier’.
GROW__SCI_G_W4A_Mechanisms_Explore.html,print,print pack,box,,print,,,"What this model helps us see: It shows where the effort, the pivot and the load sit, and that the mechanism changes the force you need. What this model does not show: It leaves out the friction in the joint, the weight of the mechanism itself, and how far your hand has to travel."
GROW__SCI_G_W4A_Mechanisms_Explore.html,print,print pack,box,,print,,,WORD HELP mechanism — a part that changes a force pivot — the point it turns around effort — the push or pull you supply
GROW__SCI_G_W4A_Mechanisms_Explore.html,print,print pack,box,,print,,,ONE closure line after an adult has genuinely received the response and given one next step: Next I will ____________________________________________________________
GROW__SCI_G_W4A_Mechanisms_Explore.html,print,print pack,box,,print,,,"GROW written close — the pupil writes this line: “What I said, and what it changed:” ________________________________________________________________ ________________________________________________________________"
GROW__SCI_G_W4B_Mechanisms_Do.html,arrival,🚪 Arrival · prior lesson retrieval,arrival,Supported,screen,,,Point to a lever in this room.
GROW__SCI_G_W4B_Mechanisms_Do.html,arrival,🚪 Arrival · prior lesson retrieval,arrival,Supported,screen,,,Say which surface gripped most in the surface test.
GROW__SCI_G_W4B_Mechanisms_Do.html,arrival,🚪 Arrival · prior lesson retrieval,arrival,Supported,screen,,,Point to something that needs grip.
GROW__SCI_G_W4B_Mechanisms_Do.html,arrival,🚪 Arrival · prior lesson retrieval,arrival,Supported,screen,,,Watch the seesaw. Point to where you would sit to lift a heavy friend.
GROW__SCI_G_W4B_Mechanisms_Do.html,arrival,🚪 Arrival · prior lesson retrieval,arrival,Standard,screen,,,"Last lesson you found levers, pulleys and gears. Name one and say what it changes."
GROW__SCI_G_W4B_Mechanisms_Do.html,arrival,🚪 Arrival · prior lesson retrieval,arrival,Standard,screen,,,In Week 3 you tested surfaces. What did you keep the same so the test was fair?
GROW__SCI_G_W4B_Mechanisms_Do.html,arrival,🚪 Arrival · prior lesson retrieval,arrival,Standard,screen,,,Week 3: give one place friction helps and one place it gets in the way.
GROW__SCI_G_W4B_Mechanisms_Do.html,arrival,🚪 Arrival · prior lesson retrieval,arrival,Standard,screen,,,"On a seesaw, where would you sit to lift someone heavier than you?"
GROW__SCI_G_W4B_Mechanisms_Do.html,arrival,🚪 Arrival · prior lesson retrieval,arrival,Stretch,screen,,,"Last lesson: explain what a mechanism changes about a force, and what it leaves alone."
GROW__SCI_G_W4B_Mechanisms_Do.html,arrival,🚪 Arrival · prior lesson retrieval,arrival,Stretch,screen,,,Week 3: why does keeping everything else the same make a comparison trustworthy?
GROW__SCI_G_W4B_Mechanisms_Do.html,arrival,🚪 Arrival · prior lesson retrieval,arrival,Stretch,screen,,,Week 3: friction and levers both change how hard a job feels. Say how they differ.
GROW__SCI_G_W4B_Mechanisms_Do.html,arrival,🚪 Arrival · prior lesson retrieval,arrival,Stretch,screen,,,Moving the pivot towards the load makes lifting easier. Predict what gets harder at the same time.
GROW__SCI_G_W4B_Mechanisms_Do.html,arrival,🚪 Arrival · prior lesson retrieval,,,screen,,,Point to a lever in this room.
GROW__SCI_G_W4B_Mechanisms_Do.html,arrival,🚪 Arrival · prior lesson retrieval,,,screen,,,Say which surface gripped most in the surface test.
GROW__SCI_G_W4B_Mechanisms_Do.html,arrival,🚪 Arrival · prior lesson retrieval,,,screen,,,Point to something that needs grip.
GROW__SCI_G_W4B_Mechanisms_Do.html,arrival,🚪 Arrival · prior lesson retrieval,,,screen,,,Watch the seesaw. Point to where you would sit to lift a heavy friend.
GROW__SCI_G_W4B_Mechanisms_Do.html,arrival,🚪 Arrival · prior lesson retrieval,,,screen,,,"Last lesson you found levers, pulleys and gears. Name one and say what it changes."
GROW__SCI_G_W4B_Mechanisms_Do.html,arrival,🚪 Arrival · prior lesson retrieval,,,screen,,,In Week 3 you tested surfaces. What did you keep the same so the test was fair?
GROW__SCI_G_W4B_Mechanisms_Do.html,arrival,🚪 Arrival · prior lesson retrieval,,,screen,,,Week 3: give one place friction helps and one place it gets in the way.
GROW__SCI_G_W4B_Mechanisms_Do.html,arrival,🚪 Arrival · prior lesson retrieval,,,screen,,,"On a seesaw, where would you sit to lift someone heavier than you?"
GROW__SCI_G_W4B_Mechanisms_Do.html,arrival,🚪 Arrival · prior lesson retrieval,,,screen,,,"Last lesson: explain what a mechanism changes about a force, and what it leaves alone."
GROW__SCI_G_W4B_Mechanisms_Do.html,arrival,🚪 Arrival · prior lesson retrieval,,,screen,,,Week 3: why does keeping everything else the same make a comparison trustworthy?
GROW__SCI_G_W4B_Mechanisms_Do.html,arrival,🚪 Arrival · prior lesson retrieval,,,screen,,,Week 3: friction and levers both change how hard a job feels. Say how they differ.
GROW__SCI_G_W4B_Mechanisms_Do.html,arrival,🚪 Arrival · prior lesson retrieval,,,screen,,,Moving the pivot towards the load makes lifting easier. Predict what gets harder at the same time.
GROW__SCI_G_W4B_Mechanisms_Do.html,starter,🌱 Starter · make the new idea worth knowing,,,screen,,,"Predict before touching equipment: will a pivot nearer the load make the effort feel easier, harder or unchanged?"
GROW__SCI_G_W4B_Mechanisms_Do.html,independent,✏️ Independent task · evidence of thinking,,,screen,,,Lever investigation. Test two or three marked pivot positions. Use the same light load each time. Compare the effort at each position. Use an agreed scale for this. Use a spring balance if you have one and record the force in newtons (N). Then compare how far the effort end moves.
GROW__SCI_G_W4B_Mechanisms_Do.html,independent,✏️ Independent task · evidence of thinking,,,screen,,,"◆ Test two pre-marked pivot positions. Then record which one feels easier. 🧰 Open scaffold Photo or diagram sequence. Two labelled pivot positions. Choice words: easier · harder · further · less far. Pick one word for each test. Stem: ‘When the pivot moved ___, the effort ___ because ___. The effort end moved ___.’ Fade it: remove the first prompt that is no longer needed; do not keep a scaffold because it was used once."
GROW__SCI_G_W4B_Mechanisms_Do.html,independent,✏️ Independent task · evidence of thinking,,,screen,,,"▲ Record the effort at two positions. Then explain why one of them is easier. 🧰 Open scaffold Stem: ‘When the pivot moved ___, the effort ___ because ___. The effort end moved ___.’ Fill each gap with your own words. Fade it: remove the first prompt that is no longer needed; do not keep a scaffold because it was used once."
GROW__SCI_G_W4B_Mechanisms_Do.html,independent,✏️ Independent task · evidence of thinking,,,screen,,,★ Measure the effort. Then measure the movement distance. Explain the trade-off. Use both pieces of evidence. 🧰 Open scaffold Compare the effort-arm length with the load-arm length. Use the ratio. Words are fine here. Use numbers if you are ready. Fade it: remove the first prompt that is no longer needed; do not keep a scaffold because it was used once.
GROW__SCI_G_W4B_Mechanisms_Do.html,exit,🎫 Exit ticket · response becomes the next step,exit,Supported,screen,,,Which pivot position made your lift easier?
GROW__SCI_G_W4B_Mechanisms_Do.html,exit,🎫 Exit ticket · response becomes the next step,exit,Standard,screen,,,Use your evidence to explain why pivot position changed the effort.
GROW__SCI_G_W4B_Mechanisms_Do.html,exit,🎫 Exit ticket · response becomes the next step,exit,Stretch,screen,,,Explain the force–distance trade-off using your own measurements or observations.
GROW__SCI_G_W4B_Mechanisms_Do.html,exit,🎫 Exit ticket · response becomes the next step,,,screen,,,Which pivot position made your lift easier?
GROW__SCI_G_W4B_Mechanisms_Do.html,exit,🎫 Exit ticket · response becomes the next step,,,screen,,,Use your evidence to explain why pivot position changed the effort.
GROW__SCI_G_W4B_Mechanisms_Do.html,exit,🎫 Exit ticket · response becomes the next step,,,screen,,,Explain the force–distance trade-off using your own measurements or observations.
GROW__SCI_G_W4B_Mechanisms_Do.html,print,print pack,route,Supported,print,,,"Supported independent route ◆ Test two pre-marked pivot positions. Then record which one feels easier. Scaffold Photo or diagram sequence. Two labelled pivot positions. Choice words: easier · harder · further · less far. Pick one word for each test. Stem: ‘When the pivot moved ___, the effort ___ because ___. The effort end moved ___.’"
GROW__SCI_G_W4B_Mechanisms_Do.html,print,print pack,route,Standard,print,,,"Standard independent route ▲ Record the effort at two positions. Then explain why one of them is easier. Scaffold Stem: ‘When the pivot moved ___, the effort ___ because ___. The effort end moved ___.’"
GROW__SCI_G_W4B_Mechanisms_Do.html,print,print pack,route,Stretch,print,,,Stretch independent route ★ Measure the effort. Then measure the movement distance. Explain the trade-off. Use both pieces of evidence. Scaffold Compare the effort-arm length with the load-arm length. Use the ratio. Words are fine here. Use numbers if you are ready.
GROW__SCI_G_W4B_Mechanisms_Do.html,print,print pack,box,,print,,,◆ Test two pre-marked pivot positions. Then record which one feels easier.
GROW__SCI_G_W4B_Mechanisms_Do.html,print,print pack,box,,print,,,"Photo or diagram sequence. Two labelled pivot positions. Choice words: easier · harder · further · less far. Pick one word for each test. Stem: ‘When the pivot moved ___, the effort ___ because ___. The effort end moved ___.’"
GROW__SCI_G_W4B_Mechanisms_Do.html,print,print pack,box,,print,,,▲ Record the effort at two positions. Then explain why one of them is easier.
GROW__SCI_G_W4B_Mechanisms_Do.html,print,print pack,box,,print,,,"Stem: ‘When the pivot moved ___, the effort ___ because ___. The effort end moved ___.’"
GROW__SCI_G_W4B_Mechanisms_Do.html,print,print pack,box,,print,,,★ Measure the effort. Then measure the movement distance. Explain the trade-off. Use both pieces of evidence.
GROW__SCI_G_W4B_Mechanisms_Do.html,print,print pack,box,,print,,,Compare the effort-arm length with the load-arm length. Use the ratio. Words are fine here. Use numbers if you are ready.
GROW__SCI_G_W4B_Mechanisms_Do.html,print,print pack,box,,print,,,"What this model helps us see: It shows how moving the pivot changes the effort needed to lift the load. What this model does not show: It leaves out the friction at the pivot, the bending of a real beam, and the extra distance your hand must move."
GROW__SCI_G_W4B_Mechanisms_Do.html,print,print pack,box,,print,,,WORD HELP load — the thing being lifted pivot — the point it turns around effort — the push or pull you supply
GROW__SCI_G_W4B_Mechanisms_Do.html,print,print pack,box,,print,,,ONE closure line after an adult has genuinely received the response and given one next step: Next I will ____________________________________________________________
GROW__SCI_G_W4B_Mechanisms_Do.html,print,print pack,box,,print,,,"GROW written close — the pupil writes this line: “What I said, and what it changed:” ________________________________________________________________ ________________________________________________________________"
GROW__SCI_G_W5A_Fair_Test_Explore.html,arrival,🚪 Arrival · prior lesson retrieval,arrival,Supported,screen,,,Point to where the pivot was when lifting was easiest.
GROW__SCI_G_W5A_Fair_Test_Explore.html,arrival,🚪 Arrival · prior lesson retrieval,arrival,Supported,screen,,,Name one machine that helps you lift.
GROW__SCI_G_W5A_Fair_Test_Explore.html,arrival,🚪 Arrival · prior lesson retrieval,arrival,Supported,screen,,,Say one place friction helps.
GROW__SCI_G_W5A_Fair_Test_Explore.html,arrival,🚪 Arrival · prior lesson retrieval,arrival,Supported,screen,,,Look at the test. Point to the one thing that should change.
GROW__SCI_G_W5A_Fair_Test_Explore.html,arrival,🚪 Arrival · prior lesson retrieval,arrival,Standard,screen,,,Last lesson you moved the pivot. What happened to the effort needed?
GROW__SCI_G_W5A_Fair_Test_Explore.html,arrival,🚪 Arrival · prior lesson retrieval,arrival,Standard,screen,,,"Week 4: name a lever, a pulley or a gear and say what it changes."
GROW__SCI_G_W5A_Fair_Test_Explore.html,arrival,🚪 Arrival · prior lesson retrieval,arrival,Standard,screen,,,Week 3: what does friction do to a sliding object?
GROW__SCI_G_W5A_Fair_Test_Explore.html,arrival,🚪 Arrival · prior lesson retrieval,arrival,Standard,screen,,,"If two things change at once in a test, why can we not tell which one mattered?"
GROW__SCI_G_W5A_Fair_Test_Explore.html,arrival,🚪 Arrival · prior lesson retrieval,arrival,Stretch,screen,,,Last lesson: explain the trade you found when the pivot moved nearer the load.
GROW__SCI_G_W5A_Fair_Test_Explore.html,arrival,🚪 Arrival · prior lesson retrieval,arrival,Stretch,screen,,,Week 4: explain why a mechanism cannot give you something for nothing.
GROW__SCI_G_W5A_Fair_Test_Explore.html,arrival,🚪 Arrival · prior lesson retrieval,arrival,Stretch,screen,,,Week 3: you compared surfaces. What made that comparison believable?
GROW__SCI_G_W5A_Fair_Test_Explore.html,arrival,🚪 Arrival · prior lesson retrieval,arrival,Stretch,screen,,,A test changes two things at once. Say exactly what it can no longer prove.
GROW__SCI_G_W5A_Fair_Test_Explore.html,arrival,🚪 Arrival · prior lesson retrieval,,,screen,,,Point to where the pivot was when lifting was easiest.
GROW__SCI_G_W5A_Fair_Test_Explore.html,arrival,🚪 Arrival · prior lesson retrieval,,,screen,,,Name one machine that helps you lift.
GROW__SCI_G_W5A_Fair_Test_Explore.html,arrival,🚪 Arrival · prior lesson retrieval,,,screen,,,Say one place friction helps.
GROW__SCI_G_W5A_Fair_Test_Explore.html,arrival,🚪 Arrival · prior lesson retrieval,,,screen,,,Look at the test. Point to the one thing that should change.
GROW__SCI_G_W5A_Fair_Test_Explore.html,arrival,🚪 Arrival · prior lesson retrieval,,,screen,,,Last lesson you moved the pivot. What happened to the effort needed?
GROW__SCI_G_W5A_Fair_Test_Explore.html,arrival,🚪 Arrival · prior lesson retrieval,,,screen,,,"Week 4: name a lever, a pulley or a gear and say what it changes."
GROW__SCI_G_W5A_Fair_Test_Explore.html,arrival,🚪 Arrival · prior lesson retrieval,,,screen,,,Week 3: what does friction do to a sliding object?
GROW__SCI_G_W5A_Fair_Test_Explore.html,arrival,🚪 Arrival · prior lesson retrieval,,,screen,,,"If two things change at once in a test, why can we not tell which one mattered?"
GROW__SCI_G_W5A_Fair_Test_Explore.html,arrival,🚪 Arrival · prior lesson retrieval,,,screen,,,Last lesson: explain the trade you found when the pivot moved nearer the load.
GROW__SCI_G_W5A_Fair_Test_Explore.html,arrival,🚪 Arrival · prior lesson retrieval,,,screen,,,Week 4: explain why a mechanism cannot give you something for nothing.
GROW__SCI_G_W5A_Fair_Test_Explore.html,arrival,🚪 Arrival · prior lesson retrieval,,,screen,,,Week 3: you compared surfaces. What made that comparison believable?
GROW__SCI_G_W5A_Fair_Test_Explore.html,arrival,🚪 Arrival · prior lesson retrieval,,,screen,,,A test changes two things at once. Say exactly what it can no longer prove.
GROW__SCI_G_W5A_Fair_Test_Explore.html,starter,🌱 Starter · make the new idea worth knowing,,,screen,,,Watch a deliberately bad test: I change the surface AND push the trolley harder. The trolley goes further. What caused the change?
GROW__SCI_G_W5A_Fair_Test_Explore.html,independent,✏️ Independent task · evidence of thinking,,,screen,,,Plan tomorrow’s force fair test. Do this before you touch any equipment. Complete I CHANGE / I MEASURE / I KEEP THE SAME. Write the unit you will use. Then decide how many repeats you can really do.
GROW__SCI_G_W5A_Fair_Test_Explore.html,independent,✏️ Independent task · evidence of thinking,,,screen,,,"◆ Use the variable cards. Use the word bank too. Then fill in the three-box planning frame. 🧰 Open scaffold Icons: ◆ CHANGE one thing · ▶ MEASURE with unit · ■ KEEP SAME. Take one box at a time. Adult can read cards aloud. You can point to your card. Sentence: ‘I will change __, measure __ in __, and keep __ and __ the same.’ Fade it: remove the first prompt that is no longer needed; do not keep a scaffold because it was used once."
GROW__SCI_G_W5A_Fair_Test_Explore.html,independent,✏️ Independent task · evidence of thinking,,,screen,,,"▲ Write the method frame on your own. Pick two control variables. Then give a reason for each one. 🧰 Open scaffold Sentence: ‘I will change __, measure __ in __, and keep __ and __ the same.’ Fill each gap from your plan. Check the unit is there. Fade it: remove the first prompt that is no longer needed; do not keep a scaffold because it was used once."
GROW__SCI_G_W5A_Fair_Test_Explore.html,independent,✏️ Independent task · evidence of thinking,,,screen,,,"★ Name one likely source of variation. Then explain how your method cuts its effect. 🧰 Open scaffold Add this line. ‘This control matters because if it changed, __ could affect __.’ Fade it: remove the first prompt that is no longer needed; do not keep a scaffold because it was used once."
GROW__SCI_G_W5A_Fair_Test_Explore.html,exit,🎫 Exit ticket · response becomes the next step,exit,Supported,screen,,,How many things do we deliberately change in a fair test?
GROW__SCI_G_W5A_Fair_Test_Explore.html,exit,🎫 Exit ticket · response becomes the next step,exit,Standard,screen,,,Name one control variable for the planned force test and explain why it stays the same.
GROW__SCI_G_W5A_Fair_Test_Explore.html,exit,🎫 Exit ticket · response becomes the next step,exit,Stretch,screen,,,Explain why repeats help us judge the quality of evidence.
GROW__SCI_G_W5A_Fair_Test_Explore.html,exit,🎫 Exit ticket · response becomes the next step,,,screen,,,How many things do we deliberately change in a fair test?
GROW__SCI_G_W5A_Fair_Test_Explore.html,exit,🎫 Exit ticket · response becomes the next step,,,screen,,,Name one control variable for the planned force test and explain why it stays the same.
GROW__SCI_G_W5A_Fair_Test_Explore.html,exit,🎫 Exit ticket · response becomes the next step,,,screen,,,Explain why repeats help us judge the quality of evidence.
GROW__SCI_G_W5A_Fair_Test_Explore.html,print,print pack,route,Supported,print,,,"Supported independent route ◆ Use the variable cards. Use the word bank too. Then fill in the three-box planning frame. Scaffold Icons: ◆ CHANGE one thing · ▶ MEASURE with unit · ■ KEEP SAME. Take one box at a time. Adult can read cards aloud. You can point to your card. Sentence: ‘I will change __, measure __ in __, and keep __ and __ the same.’"
GROW__SCI_G_W5A_Fair_Test_Explore.html,print,print pack,route,Standard,print,,,"Standard independent route ▲ Write the method frame on your own. Pick two control variables. Then give a reason for each one. Scaffold Sentence: ‘I will change __, measure __ in __, and keep __ and __ the same.’"
GROW__SCI_G_W5A_Fair_Test_Explore.html,print,print pack,route,Stretch,print,,,"Stretch independent route ★ Name one likely source of variation. Then explain how your method cuts its effect. Scaffold Add this line. ‘This control matters because if it changed, __ could affect __.’"
GROW__SCI_G_W5A_Fair_Test_Explore.html,print,print pack,box,,print,,,◆ Use the variable cards. Use the word bank too. Then fill in the three-box planning frame.
GROW__SCI_G_W5A_Fair_Test_Explore.html,print,print pack,box,,print,,,"Icons: ◆ CHANGE one thing · ▶ MEASURE with unit · ■ KEEP SAME. Take one box at a time. Adult can read cards aloud. You can point to your card. Sentence: ‘I will change __, measure __ in __, and keep __ and __ the same.’"
GROW__SCI_G_W5A_Fair_Test_Explore.html,print,print pack,box,,print,,,▲ Write the method frame on your own. Pick two control variables. Then give a reason for each one.
GROW__SCI_G_W5A_Fair_Test_Explore.html,print,print pack,box,,print,,,"Sentence: ‘I will change __, measure __ in __, and keep __ and __ the same.’"
GROW__SCI_G_W5A_Fair_Test_Explore.html,print,print pack,box,,print,,,★ Name one likely source of variation. Then explain how your method cuts its effect.
GROW__SCI_G_W5A_Fair_Test_Explore.html,print,print pack,box,,print,,,"Add this line. ‘This control matters because if it changed, __ could affect __.’"
GROW__SCI_G_W5A_Fair_Test_Explore.html,print,print pack,box,,print,,,"What this model helps us see: It shows one deliberate change set against the variables you decided to control. What this model does not show: It leaves out how much error there is in each measurement, and the judgement about how big a difference has to be before it counts."
GROW__SCI_G_W5A_Fair_Test_Explore.html,print,print pack,box,,print,,,WORD HELP variable — a thing that can change control — keep it the same on purpose fair test — only one thing changed on purpose
GROW__SCI_G_W5A_Fair_Test_Explore.html,print,print pack,box,,print,,,ONE closure line after an adult has genuinely received the response and given one next step: Next I will ____________________________________________________________
GROW__SCI_G_W5A_Fair_Test_Explore.html,print,print pack,box,,print,,,"GROW written close — the pupil writes this line: “What I said, and what it changed:” ________________________________________________________________ ________________________________________________________________"
GROW__SCI_G_W5B_Fair_Test_Do.html,arrival,🚪 Arrival · prior lesson retrieval,arrival,Supported,screen,,,Point to the thing we change in our test.
GROW__SCI_G_W5B_Fair_Test_Do.html,arrival,🚪 Arrival · prior lesson retrieval,arrival,Supported,screen,,,Name one machine that makes lifting easier.
GROW__SCI_G_W5B_Fair_Test_Do.html,arrival,🚪 Arrival · prior lesson retrieval,arrival,Supported,screen,,,Say which surface gripped most.
GROW__SCI_G_W5B_Fair_Test_Do.html,arrival,🚪 Arrival · prior lesson retrieval,arrival,Supported,screen,,,We measure today. Point to the ruler.
GROW__SCI_G_W5B_Fair_Test_Do.html,arrival,🚪 Arrival · prior lesson retrieval,arrival,Standard,screen,,,"Last lesson you named the variable to change, the one to measure, and the ones to keep the same. Name each for our test."
GROW__SCI_G_W5B_Fair_Test_Do.html,arrival,🚪 Arrival · prior lesson retrieval,arrival,Standard,screen,,,Week 4: what does moving a lever's pivot change?
GROW__SCI_G_W5B_Fair_Test_Do.html,arrival,🚪 Arrival · prior lesson retrieval,arrival,Standard,screen,,,"Week 3: which surface gave the most friction, and how did you know?"
GROW__SCI_G_W5B_Fair_Test_Do.html,arrival,🚪 Arrival · prior lesson retrieval,arrival,Standard,screen,,,Today we record results with units. Why does a number with no unit tell us nothing?
GROW__SCI_G_W5B_Fair_Test_Do.html,arrival,🚪 Arrival · prior lesson retrieval,arrival,Stretch,screen,,,Last lesson: explain why the controlled variables decide whether the result means anything.
GROW__SCI_G_W5B_Fair_Test_Do.html,arrival,🚪 Arrival · prior lesson retrieval,arrival,Stretch,screen,,,Week 4: a mechanism trades force for distance. Explain that trade in your own words.
GROW__SCI_G_W5B_Fair_Test_Do.html,arrival,🚪 Arrival · prior lesson retrieval,arrival,Stretch,screen,,,Week 3: what would you repeat before trusting a single surface result?
GROW__SCI_G_W5B_Fair_Test_Do.html,arrival,🚪 Arrival · prior lesson retrieval,arrival,Stretch,screen,,,Two groups get different results for the same test. Name two honest reasons that could happen.
GROW__SCI_G_W5B_Fair_Test_Do.html,arrival,🚪 Arrival · prior lesson retrieval,,,screen,,,Point to the thing we change in our test.
GROW__SCI_G_W5B_Fair_Test_Do.html,arrival,🚪 Arrival · prior lesson retrieval,,,screen,,,Name one machine that makes lifting easier.
GROW__SCI_G_W5B_Fair_Test_Do.html,arrival,🚪 Arrival · prior lesson retrieval,,,screen,,,Say which surface gripped most.
GROW__SCI_G_W5B_Fair_Test_Do.html,arrival,🚪 Arrival · prior lesson retrieval,,,screen,,,We measure today. Point to the ruler.
GROW__SCI_G_W5B_Fair_Test_Do.html,arrival,🚪 Arrival · prior lesson retrieval,,,screen,,,"Last lesson you named the variable to change, the one to measure, and the ones to keep the same. Name each for our test."
GROW__SCI_G_W5B_Fair_Test_Do.html,arrival,🚪 Arrival · prior lesson retrieval,,,screen,,,Week 4: what does moving a lever's pivot change?
GROW__SCI_G_W5B_Fair_Test_Do.html,arrival,🚪 Arrival · prior lesson retrieval,,,screen,,,"Week 3: which surface gave the most friction, and how did you know?"
GROW__SCI_G_W5B_Fair_Test_Do.html,arrival,🚪 Arrival · prior lesson retrieval,,,screen,,,Today we record results with units. Why does a number with no unit tell us nothing?
GROW__SCI_G_W5B_Fair_Test_Do.html,arrival,🚪 Arrival · prior lesson retrieval,,,screen,,,Last lesson: explain why the controlled variables decide whether the result means anything.
GROW__SCI_G_W5B_Fair_Test_Do.html,arrival,🚪 Arrival · prior lesson retrieval,,,screen,,,Week 4: a mechanism trades force for distance. Explain that trade in your own words.
GROW__SCI_G_W5B_Fair_Test_Do.html,arrival,🚪 Arrival · prior lesson retrieval,,,screen,,,Week 3: what would you repeat before trusting a single surface result?
GROW__SCI_G_W5B_Fair_Test_Do.html,arrival,🚪 Arrival · prior lesson retrieval,,,screen,,,Two groups get different results for the same test. Name two honest reasons that could happen.
GROW__SCI_G_W5B_Fair_Test_Do.html,starter,🌱 Starter · make the new idea worth knowing,,,screen,,,"Before equipment comes out, complete aloud: ‘I will change __, keep __ the same, and measure __ in __.’"
GROW__SCI_G_W5B_Fair_Test_Do.html,independent,✏️ Independent task · evidence of thinking,,,screen,,,Run your planned fair test. Aim for three surfaces. Change the surface each time. Measure the distance each time. Do three repeats on each surface. Keep the agreed controls the same. Record every result with units. Do fewer repeats if time or safety is tight.
GROW__SCI_G_W5B_Fair_Test_Do.html,independent,✏️ Independent task · evidence of thinking,,,screen,,,"◆ Prepared table + marked release point. An adult reads each step aloud. 🧰 Open scaffold Sequence card: set → release → measure → record → reset. Show only the next step. Cover the rest of the method. Conclusion stem: ‘As ___ changed, ___ changed. My evidence for this is ___.’ Fade it: remove the first prompt that is no longer needed; do not keep a scaffold because it was used once."
GROW__SCI_G_W5B_Fair_Test_Do.html,independent,✏️ Independent task · evidence of thinking,,,screen,,,"▲ Three repeats with units + a clear conclusion. Base it on your results. 🧰 Open scaffold Conclusion stem: ‘As ___ changed, ___ changed. My evidence for this is ___.’ Fade it: remove the first prompt that is no longer needed; do not keep a scaffold because it was used once."
GROW__SCI_G_W5B_Fair_Test_Do.html,independent,✏️ Independent task · evidence of thinking,,,screen,,,★ Work out the mean for each surface. Look for unusual variation. Then evaluate one improvement. 🧰 Open scaffold Evaluation stem: ‘I trust ___ least. I say this because ___. I would improve ___ by ___.’ Fade it: remove the first prompt that is no longer needed; do not keep a scaffold because it was used once.
GROW__SCI_G_W5B_Fair_Test_Do.html,exit,🎫 Exit ticket · response becomes the next step,exit,Supported,screen,,,State one thing you kept the same.
GROW__SCI_G_W5B_Fair_Test_Do.html,exit,🎫 Exit ticket · response becomes the next step,exit,Standard,screen,,,Use one result to answer the investigation question.
GROW__SCI_G_W5B_Fair_Test_Do.html,exit,🎫 Exit ticket · response becomes the next step,exit,Stretch,screen,,,Explain whether the repeats were consistent and what that means for your confidence.
GROW__SCI_G_W5B_Fair_Test_Do.html,exit,🎫 Exit ticket · response becomes the next step,,,screen,,,State one thing you kept the same.
GROW__SCI_G_W5B_Fair_Test_Do.html,exit,🎫 Exit ticket · response becomes the next step,,,screen,,,Use one result to answer the investigation question.
GROW__SCI_G_W5B_Fair_Test_Do.html,exit,🎫 Exit ticket · response becomes the next step,,,screen,,,Explain whether the repeats were consistent and what that means for your confidence.
GROW__SCI_G_W5B_Fair_Test_Do.html,print,print pack,route,Supported,print,,,"Supported independent route ◆ Prepared table + marked release point + adult reads sequence aloud when needed. Scaffold Sequence card: set → release → measure → record → reset. Keep the next step visible, not the whole method. Conclusion: ‘As ___ changed, ___. My evidence is ___.’"
GROW__SCI_G_W5B_Fair_Test_Do.html,print,print pack,route,Standard,print,,,"Standard independent route ▲ Three repeats with units + evidence-based conclusion. Scaffold Conclusion: ‘As ___ changed, ___. My evidence is ___.’"
GROW__SCI_G_W5B_Fair_Test_Do.html,print,print pack,route,Stretch,print,,,"Stretch independent route ★ Calculate means, identify unusual variation and evaluate one specific improvement. Scaffold Evaluation: ‘The result I trust least is ___ because ___. I would improve ___ by ___.’"
GROW__SCI_G_W5B_Fair_Test_Do.html,print,print pack,box,,print,,,◆ Prepared table + marked release point + adult reads sequence aloud when needed.
GROW__SCI_G_W5B_Fair_Test_Do.html,print,print pack,box,,print,,,"Sequence card: set → release → measure → record → reset. Keep the next step visible, not the whole method. Conclusion: ‘As ___ changed, ___. My evidence is ___.’"
GROW__SCI_G_W5B_Fair_Test_Do.html,print,print pack,box,,print,,,▲ Three repeats with units + evidence-based conclusion.
GROW__SCI_G_W5B_Fair_Test_Do.html,print,print pack,box,,print,,,"Conclusion: ‘As ___ changed, ___. My evidence is ___.’"
GROW__SCI_G_W5B_Fair_Test_Do.html,print,print pack,box,,print,,,"★ Calculate means, identify unusual variation and evaluate one specific improvement."
GROW__SCI_G_W5B_Fair_Test_Do.html,print,print pack,box,,print,,,Evaluation: ‘The result I trust least is ___ because ___. I would improve ___ by ___.’
GROW__SCI_G_W5B_Fair_Test_Do.html,print,print pack,box,,print,,,"What this model helps us see: It shows the pattern across your repeats once each set is averaged. What this model does not show: It leaves out how carefully each reading was taken, and whether the difference is bigger than the error in your measuring."
GROW__SCI_G_W5B_Fair_Test_Do.html,print,print pack,box,,print,,,"WORD HELP mean — the total of the repeats divided by the number of repeats unit — what the number is measured in evidence — what you found out, written down"
GROW__SCI_G_W5B_Fair_Test_Do.html,print,print pack,box,,print,,,ONE closure line after an adult has genuinely received the response and given one next step: Next I will ____________________________________________________________
GROW__SCI_G_W5B_Fair_Test_Do.html,print,print pack,box,,print,,,"GROW written close — the pupil writes this line: “What I said, and what it changed:” ________________________________________________________________ ________________________________________________________________"
GROW__SCI_G_W6A_Earth_And_Planets_Explore.html,arrival,🚪 Arrival · prior lesson retrieval,arrival,Supported,screen,,,Point to the units we wrote next to our numbers.
GROW__SCI_G_W6A_Earth_And_Planets_Explore.html,arrival,🚪 Arrival · prior lesson retrieval,arrival,Supported,screen,,,Say the one thing we change in a fair test.
GROW__SCI_G_W6A_Earth_And_Planets_Explore.html,arrival,🚪 Arrival · prior lesson retrieval,arrival,Supported,screen,,,Point to something that turns.
GROW__SCI_G_W6A_Earth_And_Planets_Explore.html,arrival,🚪 Arrival · prior lesson retrieval,arrival,Supported,screen,,,Look at the Solar System picture. Point to Earth.
GROW__SCI_G_W6A_Earth_And_Planets_Explore.html,arrival,🚪 Arrival · prior lesson retrieval,arrival,Standard,screen,,,Last lesson you recorded results with units. Why did you repeat the readings?
GROW__SCI_G_W6A_Earth_And_Planets_Explore.html,arrival,🚪 Arrival · prior lesson retrieval,arrival,Standard,screen,,,"Week 5: what must stay the same in a fair test, and why?"
GROW__SCI_G_W6A_Earth_And_Planets_Explore.html,arrival,🚪 Arrival · prior lesson retrieval,arrival,Standard,screen,,,Week 4: what does a gear change about a turning force?
GROW__SCI_G_W6A_Earth_And_Planets_Explore.html,arrival,🚪 Arrival · prior lesson retrieval,arrival,Standard,screen,,,The planets do not fly off into space. What do you think holds them on their paths?
GROW__SCI_G_W6A_Earth_And_Planets_Explore.html,arrival,🚪 Arrival · prior lesson retrieval,arrival,Stretch,screen,,,Last lesson: explain how repeats changed how much you trusted the evidence.
GROW__SCI_G_W6A_Earth_And_Planets_Explore.html,arrival,🚪 Arrival · prior lesson retrieval,arrival,Stretch,screen,,,"Week 5: explain why a fair test is about the claim you want to make, not the equipment."
GROW__SCI_G_W6A_Earth_And_Planets_Explore.html,arrival,🚪 Arrival · prior lesson retrieval,arrival,Stretch,screen,,,Week 4: a force can be redirected or changed in size. Give one example of each.
GROW__SCI_G_W6A_Earth_And_Planets_Explore.html,arrival,🚪 Arrival · prior lesson retrieval,arrival,Stretch,screen,,,A planet moves forward and is pulled inward at the same time. What shape does that make?
GROW__SCI_G_W6A_Earth_And_Planets_Explore.html,arrival,🚪 Arrival · prior lesson retrieval,,,screen,,,Point to the units we wrote next to our numbers.
GROW__SCI_G_W6A_Earth_And_Planets_Explore.html,arrival,🚪 Arrival · prior lesson retrieval,,,screen,,,Say the one thing we change in a fair test.
GROW__SCI_G_W6A_Earth_And_Planets_Explore.html,arrival,🚪 Arrival · prior lesson retrieval,,,screen,,,Point to something that turns.
GROW__SCI_G_W6A_Earth_And_Planets_Explore.html,arrival,🚪 Arrival · prior lesson retrieval,,,screen,,,Look at the Solar System picture. Point to Earth.
GROW__SCI_G_W6A_Earth_And_Planets_Explore.html,arrival,🚪 Arrival · prior lesson retrieval,,,screen,,,Last lesson you recorded results with units. Why did you repeat the readings?
GROW__SCI_G_W6A_Earth_And_Planets_Explore.html,arrival,🚪 Arrival · prior lesson retrieval,,,screen,,,"Week 5: what must stay the same in a fair test, and why?"
GROW__SCI_G_W6A_Earth_And_Planets_Explore.html,arrival,🚪 Arrival · prior lesson retrieval,,,screen,,,Week 4: what does a gear change about a turning force?
GROW__SCI_G_W6A_Earth_And_Planets_Explore.html,arrival,🚪 Arrival · prior lesson retrieval,,,screen,,,The planets do not fly off into space. What do you think holds them on their paths?
GROW__SCI_G_W6A_Earth_And_Planets_Explore.html,arrival,🚪 Arrival · prior lesson retrieval,,,screen,,,Last lesson: explain how repeats changed how much you trusted the evidence.
GROW__SCI_G_W6A_Earth_And_Planets_Explore.html,arrival,🚪 Arrival · prior lesson retrieval,,,screen,,,"Week 5: explain why a fair test is about the claim you want to make, not the equipment."
GROW__SCI_G_W6A_Earth_And_Planets_Explore.html,arrival,🚪 Arrival · prior lesson retrieval,,,screen,,,Week 4: a force can be redirected or changed in size. Give one example of each.
GROW__SCI_G_W6A_Earth_And_Planets_Explore.html,arrival,🚪 Arrival · prior lesson retrieval,,,screen,,,A planet moves forward and is pulled inward at the same time. What shape does that make?
GROW__SCI_G_W6A_Earth_And_Planets_Explore.html,starter,🌱 Starter · make the new idea worth knowing,,,screen,,,Imagine you are sending a probe away from Earth. Put these four in your best guess order from the Sun: Mercury · Earth · Jupiter · Neptune. Guessing is allowed.
GROW__SCI_G_W6A_Earth_And_Planets_Explore.html,independent,✏️ Independent task · evidence of thinking,,,screen,,,Make a Solar System strip or desk model. Put the planets in the right order. Label each planet type. Add an orbit note that shows MOTION and GRAVITY. Then write one sentence about scale. Say what your model does not show.
GROW__SCI_G_W6A_Earth_And_Planets_Explore.html,independent,✏️ Independent task · evidence of thinking,,,screen,,,◆ Use the labelled cards. Follow the mnemonic strip. The gravity arrow is already drawn. 🧰 Open scaffold Mnemonic + numbered positions + icon key: ● rocky · ◯ gas giant · ◇ ice giant. Orbit stem: ‘The planet keeps moving __. Gravity pulls it towards __. So the path is __.’ Fade it: remove the first prompt that is no longer needed; do not keep a scaffold because it was used once.
GROW__SCI_G_W6A_Earth_And_Planets_Explore.html,independent,✏️ Independent task · evidence of thinking,,,screen,,,▲ Put all eight planets in order. Classify each one by type. Add gravity and motion arrows. 🧰 Open scaffold Orbit stem: ‘The planet keeps moving __. Gravity pulls it towards __. So the path is __.’ Fade it: remove the first prompt that is no longer needed; do not keep a scaffold because it was used once.
GROW__SCI_G_W6A_Earth_And_Planets_Explore.html,independent,✏️ Independent task · evidence of thinking,,,screen,,,"★ Explain why an outer planet has a longer year. Then name one limit of the classroom model. 🧰 Open scaffold Model critique: check order, relative size, distance and movement. Which of these does your model show? Which ones does it leave out? Fade it: remove the first prompt that is no longer needed; do not keep a scaffold because it was used once."
GROW__SCI_G_W6A_Earth_And_Planets_Explore.html,exit,🎫 Exit ticket · response becomes the next step,exit,Supported,screen,,,Which planet is third from the Sun?
GROW__SCI_G_W6A_Earth_And_Planets_Explore.html,exit,🎫 Exit ticket · response becomes the next step,exit,Standard,screen,,,What force keeps planets in orbit around the Sun?
GROW__SCI_G_W6A_Earth_And_Planets_Explore.html,exit,🎫 Exit ticket · response becomes the next step,exit,Stretch,screen,,,Explain why a planet does not simply fly away in a straight line.
GROW__SCI_G_W6A_Earth_And_Planets_Explore.html,exit,🎫 Exit ticket · response becomes the next step,,,screen,,,Which planet is third from the Sun?
GROW__SCI_G_W6A_Earth_And_Planets_Explore.html,exit,🎫 Exit ticket · response becomes the next step,,,screen,,,What force keeps planets in orbit around the Sun?
GROW__SCI_G_W6A_Earth_And_Planets_Explore.html,exit,🎫 Exit ticket · response becomes the next step,,,screen,,,Explain why a planet does not simply fly away in a straight line.
GROW__SCI_G_W6A_Earth_And_Planets_Explore.html,print,print pack,route,Supported,print,,,"Supported independent route ◆ Use the labelled cards and the mnemonic strip. The gravity arrow is already drawn. Scaffold Mnemonic + numbered positions + icon key: ● rocky · ◯ gas giant · ◇ ice giant. Orbit stem: ‘The planet keeps moving __ while gravity pulls __, so the path __.’"
GROW__SCI_G_W6A_Earth_And_Planets_Explore.html,print,print pack,route,Standard,print,,,"Standard independent route ▲ Order all eight, classify them and add gravity/motion arrows. Scaffold Orbit stem: ‘The planet keeps moving __ while gravity pulls __, so the path __.’"
GROW__SCI_G_W6A_Earth_And_Planets_Explore.html,print,print pack,route,Stretch,print,,,"Stretch independent route ★ Explain why an outer planet has a longer year and identify a limitation of the classroom model. Scaffold Model critique: distinguish order, relative size, distance and movement — which are represented and which are not?"
GROW__SCI_G_W6A_Earth_And_Planets_Explore.html,print,print pack,box,,print,,,◆ Use the labelled cards and the mnemonic strip. The gravity arrow is already drawn.
GROW__SCI_G_W6A_Earth_And_Planets_Explore.html,print,print pack,box,,print,,,"Mnemonic + numbered positions + icon key: ● rocky · ◯ gas giant · ◇ ice giant. Orbit stem: ‘The planet keeps moving __ while gravity pulls __, so the path __.’"
GROW__SCI_G_W6A_Earth_And_Planets_Explore.html,print,print pack,box,,print,,,"▲ Order all eight, classify them and add gravity/motion arrows."
GROW__SCI_G_W6A_Earth_And_Planets_Explore.html,print,print pack,box,,print,,,"Orbit stem: ‘The planet keeps moving __ while gravity pulls __, so the path __.’"
GROW__SCI_G_W6A_Earth_And_Planets_Explore.html,print,print pack,box,,print,,,★ Explain why an outer planet has a longer year and identify a limitation of the classroom model.
GROW__SCI_G_W6A_Earth_And_Planets_Explore.html,print,print pack,box,,print,,,"Model critique: distinguish order, relative size, distance and movement — which are represented and which are not?"
GROW__SCI_G_W6A_Earth_And_Planets_Explore.html,print,print pack,box,,print,,,"What this model helps us see: It shows the order of the planets and that each orbit is a closed path around the Sun. What this model does not show: It leaves out the true sizes and distances, and the fact that a real orbit is a stretched circle rather than a perfect one."
GROW__SCI_G_W6A_Earth_And_Planets_Explore.html,print,print pack,box,,print,,,WORD HELP orbit — the path one object takes around another gravity — the pull between masses Solar System — the Sun and everything going round it
GROW__SCI_G_W6A_Earth_And_Planets_Explore.html,print,print pack,box,,print,,,ONE closure line after an adult has genuinely received the response and given one next step: Next I will ____________________________________________________________
GROW__SCI_G_W6A_Earth_And_Planets_Explore.html,print,print pack,box,,print,,,"GROW written close — the pupil writes this line: “What I said, and what it changed:” ________________________________________________________________ ________________________________________________________________"
GROW__SCI_G_W6B_Earth_And_Planets_Do.html,arrival,🚪 Arrival · prior lesson retrieval,arrival,Supported,screen,,,Point to the planet closest to the Sun.
GROW__SCI_G_W6B_Earth_And_Planets_Do.html,arrival,🚪 Arrival · prior lesson retrieval,arrival,Supported,screen,,,Say the one thing we change in a fair test.
GROW__SCI_G_W6B_Earth_And_Planets_Do.html,arrival,🚪 Arrival · prior lesson retrieval,arrival,Supported,screen,,,Point to a surface that grips.
GROW__SCI_G_W6B_Earth_And_Planets_Do.html,arrival,🚪 Arrival · prior lesson retrieval,arrival,Supported,screen,,,We build a model today. Point to what it should show.
GROW__SCI_G_W6B_Earth_And_Planets_Do.html,arrival,🚪 Arrival · prior lesson retrieval,arrival,Standard,screen,,,Last lesson you put the planets in order. Which one is third from the Sun?
GROW__SCI_G_W6B_Earth_And_Planets_Do.html,arrival,🚪 Arrival · prior lesson retrieval,arrival,Standard,screen,,,"Week 5: name what to change, what to measure and what to keep the same."
GROW__SCI_G_W6B_Earth_And_Planets_Do.html,arrival,🚪 Arrival · prior lesson retrieval,arrival,Standard,screen,,,Week 3: what does friction do to a moving object?
GROW__SCI_G_W6B_Earth_And_Planets_Do.html,arrival,🚪 Arrival · prior lesson retrieval,arrival,Standard,screen,,,Our model cannot show the right size and the right distance at once. Which should we choose?
GROW__SCI_G_W6B_Earth_And_Planets_Do.html,arrival,🚪 Arrival · prior lesson retrieval,arrival,Stretch,screen,,,Last lesson: explain how gravity keeps a planet in orbit instead of moving in a straight line.
GROW__SCI_G_W6B_Earth_And_Planets_Do.html,arrival,🚪 Arrival · prior lesson retrieval,arrival,Stretch,screen,,,"Week 5: explain why a model, like a test, has to be honest about its limits."
GROW__SCI_G_W6B_Earth_And_Planets_Do.html,arrival,🚪 Arrival · prior lesson retrieval,arrival,Stretch,screen,,,Week 3: there is almost no friction in space. Say what that changes about motion.
GROW__SCI_G_W6B_Earth_And_Planets_Do.html,arrival,🚪 Arrival · prior lesson retrieval,arrival,Stretch,screen,,,Every model gets something wrong on purpose. What must ours get right to be useful?
GROW__SCI_G_W6B_Earth_And_Planets_Do.html,arrival,🚪 Arrival · prior lesson retrieval,,,screen,,,Point to the planet closest to the Sun.
GROW__SCI_G_W6B_Earth_And_Planets_Do.html,arrival,🚪 Arrival · prior lesson retrieval,,,screen,,,Say the one thing we change in a fair test.
GROW__SCI_G_W6B_Earth_And_Planets_Do.html,arrival,🚪 Arrival · prior lesson retrieval,,,screen,,,Point to a surface that grips.
GROW__SCI_G_W6B_Earth_And_Planets_Do.html,arrival,🚪 Arrival · prior lesson retrieval,,,screen,,,We build a model today. Point to what it should show.
GROW__SCI_G_W6B_Earth_And_Planets_Do.html,arrival,🚪 Arrival · prior lesson retrieval,,,screen,,,Last lesson you put the planets in order. Which one is third from the Sun?
GROW__SCI_G_W6B_Earth_And_Planets_Do.html,arrival,🚪 Arrival · prior lesson retrieval,,,screen,,,"Week 5: name what to change, what to measure and what to keep the same."
GROW__SCI_G_W6B_Earth_And_Planets_Do.html,arrival,🚪 Arrival · prior lesson retrieval,,,screen,,,Week 3: what does friction do to a moving object?
GROW__SCI_G_W6B_Earth_And_Planets_Do.html,arrival,🚪 Arrival · prior lesson retrieval,,,screen,,,Our model cannot show the right size and the right distance at once. Which should we choose?
GROW__SCI_G_W6B_Earth_And_Planets_Do.html,arrival,🚪 Arrival · prior lesson retrieval,,,screen,,,Last lesson: explain how gravity keeps a planet in orbit instead of moving in a straight line.
GROW__SCI_G_W6B_Earth_And_Planets_Do.html,arrival,🚪 Arrival · prior lesson retrieval,,,screen,,,"Week 5: explain why a model, like a test, has to be honest about its limits."
GROW__SCI_G_W6B_Earth_And_Planets_Do.html,arrival,🚪 Arrival · prior lesson retrieval,,,screen,,,Week 3: there is almost no friction in space. Say what that changes about motion.
GROW__SCI_G_W6B_Earth_And_Planets_Do.html,arrival,🚪 Arrival · prior lesson retrieval,,,screen,,,Every model gets something wrong on purpose. What must ours get right to be useful?
GROW__SCI_G_W6B_Earth_And_Planets_Do.html,starter,🌱 Starter · make the new idea worth knowing,,,screen,,,"If the Sun’s gravity disappeared in our model, what would you predict happens to Earth’s path? Choose a direction before the model runs."
GROW__SCI_G_W6B_Earth_And_Planets_Do.html,independent,✏️ Independent task · evidence of thinking,,,screen,,,Build a desk or floor model. Place the planets in order. Show one orbit safely. Add MOTION FORWARD + GRAVITY INWARD labels. Then explain one limit. Say what your model cannot show.
GROW__SCI_G_W6B_Earth_And_Planets_Do.html,independent,✏️ Independent task · evidence of thinking,,,screen,,,◆ Use the numbered planet cards. The type key is given. The orbit arrows are drawn. 🧰 Open scaffold Show only the next three planet cards. Keep the rest face down. Use the order strip too. Fade it: remove the first prompt that is no longer needed; do not keep a scaffold because it was used once.
GROW__SCI_G_W6B_Earth_And_Planets_Do.html,independent,✏️ Independent task · evidence of thinking,,,screen,,,▲ Build the correct order yourself. Then annotate your model. Show gravity with one arrow. Show motion with another. 🧰 Open scaffold Two-arrow frame: ‘Motion carries the planet forward. Gravity pulls it inward. So it orbits the Sun.’ Fade it: remove the first prompt that is no longer needed; do not keep a scaffold because it was used once.
GROW__SCI_G_W6B_Earth_And_Planets_Do.html,independent,✏️ Independent task · evidence of thinking,,,screen,,,★ Outer planets have longer years. Explain why this happens. Then evaluate your model. Say which part is least realistic. 🧰 Open scaffold Compare two models you could build. Pick the better one. Say why it answers today’s scientific question. Fade it: remove the first prompt that is no longer needed; do not keep a scaffold because it was used once.
GROW__SCI_G_W6B_Earth_And_Planets_Do.html,exit,🎫 Exit ticket · response becomes the next step,exit,Supported,screen,,,Name the force pulling planets towards the Sun.
GROW__SCI_G_W6B_Earth_And_Planets_Do.html,exit,🎫 Exit ticket · response becomes the next step,exit,Standard,screen,,,Explain how gravity and forward motion combine to make an orbit.
GROW__SCI_G_W6B_Earth_And_Planets_Do.html,exit,🎫 Exit ticket · response becomes the next step,exit,Stretch,screen,,,Evaluate one strength and one limitation of your model.
GROW__SCI_G_W6B_Earth_And_Planets_Do.html,exit,🎫 Exit ticket · response becomes the next step,,,screen,,,Name the force pulling planets towards the Sun.
GROW__SCI_G_W6B_Earth_And_Planets_Do.html,exit,🎫 Exit ticket · response becomes the next step,,,screen,,,Explain how gravity and forward motion combine to make an orbit.
GROW__SCI_G_W6B_Earth_And_Planets_Do.html,exit,🎫 Exit ticket · response becomes the next step,,,screen,,,Evaluate one strength and one limitation of your model.
GROW__SCI_G_W6B_Earth_And_Planets_Do.html,print,print pack,route,Supported,print,,,Supported independent route ◆ Use the numbered planet cards. The type key and the orbit arrows are given. Scaffold Keep only the next three planet cards visible at a time; use order strip if needed.
GROW__SCI_G_W6B_Earth_And_Planets_Do.html,print,print pack,route,Standard,print,,,Standard independent route ▲ Build order independently and annotate gravity/motion. Scaffold Two-arrow explanation frame.
GROW__SCI_G_W6B_Earth_And_Planets_Do.html,print,print pack,route,Stretch,print,,,Stretch independent route ★ Explain longer years for outer planets and evaluate which part of the model is least realistic. Scaffold Compare two possible models and decide which better answers today’s scientific question.
GROW__SCI_G_W6B_Earth_And_Planets_Do.html,print,print pack,box,,print,,,◆ Use the numbered planet cards. The type key and the orbit arrows are given.
GROW__SCI_G_W6B_Earth_And_Planets_Do.html,print,print pack,box,,print,,,Keep only the next three planet cards visible at a time; use order strip if needed.
GROW__SCI_G_W6B_Earth_And_Planets_Do.html,print,print pack,box,,print,,,▲ Build order independently and annotate gravity/motion.
GROW__SCI_G_W6B_Earth_And_Planets_Do.html,print,print pack,box,,print,,,Two-arrow explanation frame.
GROW__SCI_G_W6B_Earth_And_Planets_Do.html,print,print pack,box,,print,,,★ Explain longer years for outer planets and evaluate which part of the model is least realistic.
GROW__SCI_G_W6B_Earth_And_Planets_Do.html,print,print pack,box,,print,,,Compare two possible models and decide which better answers today’s scientific question.
GROW__SCI_G_W6B_Earth_And_Planets_Do.html,print,print pack,box,,print,,,What this model helps us see: It shows the order of the planets and the direction they travel around the Sun. What this model does not show: It leaves out scale — a model that is honest about distance cannot be honest about size on the same page.
GROW__SCI_G_W6B_Earth_And_Planets_Do.html,print,print pack,box,,print,,,WORD HELP model — something built to stand for the real thing orbit — the path one object takes around another represent — stand for something real
GROW__SCI_G_W6B_Earth_And_Planets_Do.html,print,print pack,box,,print,,,ONE closure line after an adult has genuinely received the response and given one next step: Next I will ____________________________________________________________
GROW__SCI_G_W6B_Earth_And_Planets_Do.html,print,print pack,box,,print,,,"GROW written close — the pupil writes this line: “What I said, and what it changed:” ________________________________________________________________ ________________________________________________________________"
GROW__SCI_G_W7A_The_Moon_Explore.html,arrival,🚪 Arrival · prior lesson retrieval,arrival,Supported,screen,,,Point to the part of your model that was accurate.
GROW__SCI_G_W7A_The_Moon_Explore.html,arrival,🚪 Arrival · prior lesson retrieval,arrival,Supported,screen,,,Point to Earth in the picture.
GROW__SCI_G_W7A_The_Moon_Explore.html,arrival,🚪 Arrival · prior lesson retrieval,arrival,Supported,screen,,,Say the one thing we change in a fair test.
GROW__SCI_G_W7A_The_Moon_Explore.html,arrival,🚪 Arrival · prior lesson retrieval,arrival,Supported,screen,,,Look at the Moon pictures. Point to the fullest one.
GROW__SCI_G_W7A_The_Moon_Explore.html,arrival,🚪 Arrival · prior lesson retrieval,arrival,Standard,screen,,,Last lesson you built a Solar System model. Name one thing it showed well and one it could not show.
GROW__SCI_G_W7A_The_Moon_Explore.html,arrival,🚪 Arrival · prior lesson retrieval,arrival,Standard,screen,,,Week 6: what holds the planets on their orbits around the Sun?
GROW__SCI_G_W7A_The_Moon_Explore.html,arrival,🚪 Arrival · prior lesson retrieval,arrival,Standard,screen,,,Week 5: why do we repeat measurements?
GROW__SCI_G_W7A_The_Moon_Explore.html,arrival,🚪 Arrival · prior lesson retrieval,arrival,Standard,screen,,,The Moon looks a different shape each week. Does the Moon itself really change?
GROW__SCI_G_W7A_The_Moon_Explore.html,arrival,🚪 Arrival · prior lesson retrieval,arrival,Stretch,screen,,,Last lesson: explain how you decided what your model was allowed to get wrong.
GROW__SCI_G_W7A_The_Moon_Explore.html,arrival,🚪 Arrival · prior lesson retrieval,arrival,Stretch,screen,,,Week 6: explain how movement and gravity together produce an orbit.
GROW__SCI_G_W7A_The_Moon_Explore.html,arrival,🚪 Arrival · prior lesson retrieval,arrival,Stretch,screen,,,Week 5: explain how you would check an observation you could not repeat.
GROW__SCI_G_W7A_The_Moon_Explore.html,arrival,🚪 Arrival · prior lesson retrieval,arrival,Stretch,screen,,,The Sun always lights half the Moon. So why do we see different shapes?
GROW__SCI_G_W7A_The_Moon_Explore.html,arrival,🚪 Arrival · prior lesson retrieval,,,screen,,,Point to the part of your model that was accurate.
GROW__SCI_G_W7A_The_Moon_Explore.html,arrival,🚪 Arrival · prior lesson retrieval,,,screen,,,Point to Earth in the picture.
GROW__SCI_G_W7A_The_Moon_Explore.html,arrival,🚪 Arrival · prior lesson retrieval,,,screen,,,Say the one thing we change in a fair test.
GROW__SCI_G_W7A_The_Moon_Explore.html,arrival,🚪 Arrival · prior lesson retrieval,,,screen,,,Look at the Moon pictures. Point to the fullest one.
GROW__SCI_G_W7A_The_Moon_Explore.html,arrival,🚪 Arrival · prior lesson retrieval,,,screen,,,Last lesson you built a Solar System model. Name one thing it showed well and one it could not show.
GROW__SCI_G_W7A_The_Moon_Explore.html,arrival,🚪 Arrival · prior lesson retrieval,,,screen,,,Week 6: what holds the planets on their orbits around the Sun?
GROW__SCI_G_W7A_The_Moon_Explore.html,arrival,🚪 Arrival · prior lesson retrieval,,,screen,,,Week 5: why do we repeat measurements?
GROW__SCI_G_W7A_The_Moon_Explore.html,arrival,🚪 Arrival · prior lesson retrieval,,,screen,,,The Moon looks a different shape each week. Does the Moon itself really change?
GROW__SCI_G_W7A_The_Moon_Explore.html,arrival,🚪 Arrival · prior lesson retrieval,,,screen,,,Last lesson: explain how you decided what your model was allowed to get wrong.
GROW__SCI_G_W7A_The_Moon_Explore.html,arrival,🚪 Arrival · prior lesson retrieval,,,screen,,,Week 6: explain how movement and gravity together produce an orbit.
GROW__SCI_G_W7A_The_Moon_Explore.html,arrival,🚪 Arrival · prior lesson retrieval,,,screen,,,Week 5: explain how you would check an observation you could not repeat.
GROW__SCI_G_W7A_The_Moon_Explore.html,arrival,🚪 Arrival · prior lesson retrieval,,,screen,,,The Sun always lights half the Moon. So why do we see different shapes?
GROW__SCI_G_W7A_The_Moon_Explore.html,starter,🌱 Starter · make the new idea worth knowing,,,screen,,,"Look at four Moon pictures: crescent, half, full, almost invisible. What might be changing? You do not need the answer yet — choose a hypothesis."
GROW__SCI_G_W7A_The_Moon_Explore.html,independent,✏️ Independent task · evidence of thinking,,,screen,,,Make or sequence a four-position phase strip or wheel. Do this for each position: SUNLIGHT DIRECTION → LIT HALF → WHAT WE SEE FROM EARTH. Then write one sentence about eclipses. Say how a phase and an eclipse differ.
GROW__SCI_G_W7A_The_Moon_Explore.html,independent,✏️ Independent task · evidence of thinking,,,screen,,,◆ Match the four labelled phases. Put each one in its position. Follow the printed sunlight arrow. 🧰 Open scaffold Start with NEW · QUARTER · FULL · QUARTER only. Add the crescents once the core idea is secure. Stem: ‘The Moon looks ___ tonight. This is because the Sun lights one half. We can see ___ of that lit half.’ Fade it: remove the first prompt that is no longer needed; do not keep a scaffold because it was used once.
GROW__SCI_G_W7A_The_Moon_Explore.html,independent,✏️ Independent task · evidence of thinking,,,screen,,,▲ Put the phases in order. Then explain one phase. Use reflected-light words in your answer. 🧰 Open scaffold Stem: ‘The Moon looks ___ tonight. This is because the Sun lights one half. We can see ___ of that lit half.’ Fade it: remove the first prompt that is no longer needed; do not keep a scaffold because it was used once.
GROW__SCI_G_W7A_The_Moon_Explore.html,independent,✏️ Independent task · evidence of thinking,,,screen,,,★ An eclipse is not part of the normal phase cycle. Say why this is so. Then critique one limit of the model. 🧰 Open scaffold Talk about the observer and the viewing angle. Then compare the geometry of an eclipse. Fade it: remove the first prompt that is no longer needed; do not keep a scaffold because it was used once.
GROW__SCI_G_W7A_The_Moon_Explore.html,exit,🎫 Exit ticket · response becomes the next step,exit,Supported,screen,,,Does the Moon make its own visible light?
GROW__SCI_G_W7A_The_Moon_Explore.html,exit,🎫 Exit ticket · response becomes the next step,exit,Standard,screen,,,Explain why the Moon appears to change shape during the month.
GROW__SCI_G_W7A_The_Moon_Explore.html,exit,🎫 Exit ticket · response becomes the next step,exit,Stretch,screen,,,Explain why normal phases are not caused by Earth’s shadow.
GROW__SCI_G_W7A_The_Moon_Explore.html,exit,🎫 Exit ticket · response becomes the next step,,,screen,,,Does the Moon make its own visible light?
GROW__SCI_G_W7A_The_Moon_Explore.html,exit,🎫 Exit ticket · response becomes the next step,,,screen,,,Explain why the Moon appears to change shape during the month.
GROW__SCI_G_W7A_The_Moon_Explore.html,exit,🎫 Exit ticket · response becomes the next step,,,screen,,,Explain why normal phases are not caused by Earth’s shadow.
GROW__SCI_G_W7A_The_Moon_Explore.html,print,print pack,route,Supported,print,,,Supported independent route ◆ Match four labelled phases to positions and follow a printed sunlight arrow. Scaffold Use only NEW · QUARTER · FULL · QUARTER first; add crescents after the core idea is secure. Stem: ‘The Moon looks ___ because we can see ___ of the half lit by the Sun.’
GROW__SCI_G_W7A_The_Moon_Explore.html,print,print pack,route,Standard,print,,,Standard independent route ▲ Sequence phases and explain one using reflected-light language. Scaffold Stem: ‘The Moon looks ___ because we can see ___ of the half lit by the Sun.’
GROW__SCI_G_W7A_The_Moon_Explore.html,print,print pack,route,Stretch,print,,,Stretch independent route ★ Explain why an eclipse is not part of the normal phase cycle and critique one model limitation. Scaffold Use observer/viewing-angle language and explicitly compare eclipse geometry.
GROW__SCI_G_W7A_The_Moon_Explore.html,print,print pack,box,,print,,,◆ Match four labelled phases to positions and follow a printed sunlight arrow.
GROW__SCI_G_W7A_The_Moon_Explore.html,print,print pack,box,,print,,,Use only NEW · QUARTER · FULL · QUARTER first; add crescents after the core idea is secure. Stem: ‘The Moon looks ___ because we can see ___ of the half lit by the Sun.’
GROW__SCI_G_W7A_The_Moon_Explore.html,print,print pack,box,,print,,,▲ Sequence phases and explain one using reflected-light language.
GROW__SCI_G_W7A_The_Moon_Explore.html,print,print pack,box,,print,,,Stem: ‘The Moon looks ___ because we can see ___ of the half lit by the Sun.’
GROW__SCI_G_W7A_The_Moon_Explore.html,print,print pack,box,,print,,,★ Explain why an eclipse is not part of the normal phase cycle and critique one model limitation.
GROW__SCI_G_W7A_The_Moon_Explore.html,print,print pack,box,,print,,,Use observer/viewing-angle language and explicitly compare eclipse geometry.
GROW__SCI_G_W7A_The_Moon_Explore.html,print,print pack,box,,print,,,"What this model helps us see: It shows that the lit half always faces the Sun while the part we can see changes. What this model does not show: It leaves out the tilt of the Moon's orbit, which is why we do not get an eclipse every month."
GROW__SCI_G_W7A_The_Moon_Explore.html,print,print pack,box,,print,,,WORD HELP phase — the shape of the Moon we can see orbit — the path one object takes around another observer — the person looking
GROW__SCI_G_W7A_The_Moon_Explore.html,print,print pack,box,,print,,,ONE closure line after an adult has genuinely received the response and given one next step: Next I will ____________________________________________________________
GROW__SCI_G_W7A_The_Moon_Explore.html,print,print pack,box,,print,,,"GROW written close — the pupil writes this line: “What I said, and what it changed:” ________________________________________________________________ ________________________________________________________________"
GROW__SCI_G_W7B_The_Moon_Do.html,arrival,🚪 Arrival · prior lesson retrieval,arrival,Supported,screen,,,Point to the Full Moon picture.
GROW__SCI_G_W7B_The_Moon_Do.html,arrival,🚪 Arrival · prior lesson retrieval,arrival,Supported,screen,,,Point to the Sun in the model.
GROW__SCI_G_W7B_The_Moon_Do.html,arrival,🚪 Arrival · prior lesson retrieval,arrival,Supported,screen,,,Point to something that turns.
GROW__SCI_G_W7B_The_Moon_Do.html,arrival,🚪 Arrival · prior lesson retrieval,arrival,Supported,screen,,,We make the phases with a ball and a lamp. Point to the lamp.
GROW__SCI_G_W7B_The_Moon_Do.html,arrival,🚪 Arrival · prior lesson retrieval,arrival,Standard,screen,,,Last lesson you explained why the Moon seems to change shape. What is really changing?
GROW__SCI_G_W7B_The_Moon_Do.html,arrival,🚪 Arrival · prior lesson retrieval,arrival,Standard,screen,,,Week 6: what keeps the planets travelling around the Sun?
GROW__SCI_G_W7B_The_Moon_Do.html,arrival,🚪 Arrival · prior lesson retrieval,arrival,Standard,screen,,,Week 4: what does a mechanism change about a force?
GROW__SCI_G_W7B_The_Moon_Do.html,arrival,🚪 Arrival · prior lesson retrieval,arrival,Standard,screen,,,Today you make the phases appear on command. What will the lamp stand for?
GROW__SCI_G_W7B_The_Moon_Do.html,arrival,🚪 Arrival · prior lesson retrieval,arrival,Stretch,screen,,,Last lesson: explain why the lit half of the Moon stays the same even though our view does not.
GROW__SCI_G_W7B_The_Moon_Do.html,arrival,🚪 Arrival · prior lesson retrieval,arrival,Stretch,screen,,,Week 6: explain why an orbit needs motion and gravity acting together.
GROW__SCI_G_W7B_The_Moon_Do.html,arrival,🚪 Arrival · prior lesson retrieval,arrival,Stretch,screen,,,Week 4: explain what a model of a mechanism can show and what it hides.
GROW__SCI_G_W7B_The_Moon_Do.html,arrival,🚪 Arrival · prior lesson retrieval,arrival,Stretch,screen,,,A phase and an eclipse look related but are not the same. What must your model separate?
GROW__SCI_G_W7B_The_Moon_Do.html,arrival,🚪 Arrival · prior lesson retrieval,,,screen,,,Point to the Full Moon picture.
GROW__SCI_G_W7B_The_Moon_Do.html,arrival,🚪 Arrival · prior lesson retrieval,,,screen,,,Point to the Sun in the model.
GROW__SCI_G_W7B_The_Moon_Do.html,arrival,🚪 Arrival · prior lesson retrieval,,,screen,,,Point to something that turns.
GROW__SCI_G_W7B_The_Moon_Do.html,arrival,🚪 Arrival · prior lesson retrieval,,,screen,,,We make the phases with a ball and a lamp. Point to the lamp.
GROW__SCI_G_W7B_The_Moon_Do.html,arrival,🚪 Arrival · prior lesson retrieval,,,screen,,,Last lesson you explained why the Moon seems to change shape. What is really changing?
GROW__SCI_G_W7B_The_Moon_Do.html,arrival,🚪 Arrival · prior lesson retrieval,,,screen,,,Week 6: what keeps the planets travelling around the Sun?
GROW__SCI_G_W7B_The_Moon_Do.html,arrival,🚪 Arrival · prior lesson retrieval,,,screen,,,Week 4: what does a mechanism change about a force?
GROW__SCI_G_W7B_The_Moon_Do.html,arrival,🚪 Arrival · prior lesson retrieval,,,screen,,,Today you make the phases appear on command. What will the lamp stand for?
GROW__SCI_G_W7B_The_Moon_Do.html,arrival,🚪 Arrival · prior lesson retrieval,,,screen,,,Last lesson: explain why the lit half of the Moon stays the same even though our view does not.
GROW__SCI_G_W7B_The_Moon_Do.html,arrival,🚪 Arrival · prior lesson retrieval,,,screen,,,Week 6: explain why an orbit needs motion and gravity acting together.
GROW__SCI_G_W7B_The_Moon_Do.html,arrival,🚪 Arrival · prior lesson retrieval,,,screen,,,Week 4: explain what a model of a mechanism can show and what it hides.
GROW__SCI_G_W7B_The_Moon_Do.html,arrival,🚪 Arrival · prior lesson retrieval,,,screen,,,A phase and an eclipse look related but are not the same. What must your model separate?
GROW__SCI_G_W7B_The_Moon_Do.html,starter,🌱 Starter · make the new idea worth knowing,,,screen,,,Predict what the observer will see when the Moon is between Earth and the Sun in our model. Commit before the light/ball moves.
GROW__SCI_G_W7B_The_Moon_Do.html,independent,✏️ Independent task · evidence of thinking,,,screen,,,Work in pairs or in a group set by your teacher. Run the torch-and-ball model. Stop at four positions. Sketch or choose what the observer sees. Then build or label a phase wheel. Mark the sunlight direction on it.
GROW__SCI_G_W7B_The_Moon_Do.html,independent,✏️ Independent task · evidence of thinking,,,screen,,,◆ Use the four-position wheel. The sunlight arrow is printed for you. Match what the observer sees. 🧰 Open scaffold An adult can hold the torch if needed. The pupil moves the Moon to each position. The pupil then chooses the matching view. Fade it: remove the first prompt that is no longer needed; do not keep a scaffold because it was used once.
GROW__SCI_G_W7B_The_Moon_Do.html,independent,✏️ Independent task · evidence of thinking,,,screen,,,▲ Build and label the wheel. Then explain why the shape we see changes. 🧰 Open scaffold Reasoning frame: light source → Moon position → visible part → phase. Work along the arrows in order. Fade it: remove the first prompt that is no longer needed; do not keep a scaffold because it was used once.
GROW__SCI_G_W7B_The_Moon_Do.html,independent,✏️ Independent task · evidence of thinking,,,screen,,,★ Compare a phase with an eclipse. Then evaluate one limit of the physical model. 🧰 Open scaffold Name one geometrical feature the model shows well. Then name one scale feature it does not show. Fade it: remove the first prompt that is no longer needed; do not keep a scaffold because it was used once.
GROW__SCI_G_W7B_The_Moon_Do.html,exit,🎫 Exit ticket · response becomes the next step,exit,Supported,screen,,,"How long does the Moon take to orbit Earth, roughly?"
GROW__SCI_G_W7B_The_Moon_Do.html,exit,🎫 Exit ticket · response becomes the next step,exit,Standard,screen,,,Use the model to explain one Moon phase.
GROW__SCI_G_W7B_The_Moon_Do.html,exit,🎫 Exit ticket · response becomes the next step,exit,Stretch,screen,,,Explain why an eclipse is different from the normal phase cycle and name one model limitation.
GROW__SCI_G_W7B_The_Moon_Do.html,exit,🎫 Exit ticket · response becomes the next step,,,screen,,,"How long does the Moon take to orbit Earth, roughly?"
GROW__SCI_G_W7B_The_Moon_Do.html,exit,🎫 Exit ticket · response becomes the next step,,,screen,,,Use the model to explain one Moon phase.
GROW__SCI_G_W7B_The_Moon_Do.html,exit,🎫 Exit ticket · response becomes the next step,,,screen,,,Explain why an eclipse is different from the normal phase cycle and name one model limitation.
GROW__SCI_G_W7B_The_Moon_Do.html,print,print pack,route,Supported,print,,,Supported independent route ◆ Use the four-position wheel. The sunlight arrow is already printed. Match what the observer sees. Scaffold Adult controls torch if needed; pupil directs Moon position and chooses the matching view.
GROW__SCI_G_W7B_The_Moon_Do.html,print,print pack,route,Standard,print,,,Standard independent route ▲ Build/label the wheel and explain why the apparent shape changes. Scaffold Reasoning frame: light source → Moon position → visible part → phase.
GROW__SCI_G_W7B_The_Moon_Do.html,print,print pack,route,Stretch,print,,,Stretch independent route ★ Add an eclipse comparison and evaluate one limitation of the physical model. Scaffold Explain which geometrical feature the model captures well and which scale feature it does not.
GROW__SCI_G_W7B_The_Moon_Do.html,print,print pack,box,,print,,,◆ Use the four-position wheel. The sunlight arrow is already printed. Match what the observer sees.
GROW__SCI_G_W7B_The_Moon_Do.html,print,print pack,box,,print,,,Adult controls torch if needed; pupil directs Moon position and chooses the matching view.
GROW__SCI_G_W7B_The_Moon_Do.html,print,print pack,box,,print,,,▲ Build/label the wheel and explain why the apparent shape changes.
GROW__SCI_G_W7B_The_Moon_Do.html,print,print pack,box,,print,,,Reasoning frame: light source → Moon position → visible part → phase.
GROW__SCI_G_W7B_The_Moon_Do.html,print,print pack,box,,print,,,★ Add an eclipse comparison and evaluate one limitation of the physical model.
GROW__SCI_G_W7B_The_Moon_Do.html,print,print pack,box,,print,,,Explain which geometrical feature the model captures well and which scale feature it does not.
GROW__SCI_G_W7B_The_Moon_Do.html,print,print pack,box,,print,,,"What this model helps us see: It lets you produce each phase on demand and see the positions that cause it. What this model does not show: It leaves out the tilt of the Moon's orbit and the real distances, which is why eclipses are rare rather than monthly."
GROW__SCI_G_W7B_The_Moon_Do.html,print,print pack,box,,print,,,WORD HELP phase — the shape of the Moon we can see eclipse — one object blocking light to another model — something built to stand for the real thing
GROW__SCI_G_W7B_The_Moon_Do.html,print,print pack,box,,print,,,ONE closure line after an adult has genuinely received the response and given one next step: Next I will ____________________________________________________________
GROW__SCI_G_W7B_The_Moon_Do.html,print,print pack,box,,print,,,"GROW written close — the pupil writes this line: “What I said, and what it changed:” ________________________________________________________________ ________________________________________________________________"
LAUNCH__SCI_L_W3L1_Microscopy_Introduce.html,arrival,🚪 Arrival · what you already know,arrival,Supported,screen,,,Point to something in this room you would need to look at very closely to see properly.
LAUNCH__SCI_L_W3L1_Microscopy_Introduce.html,arrival,🚪 Arrival · what you already know,arrival,Supported,screen,,,"Say or point: does a magnifying glass make things bigger, or clearer?"
LAUNCH__SCI_L_W3L1_Microscopy_Introduce.html,arrival,🚪 Arrival · what you already know,arrival,Supported,screen,,,Show with your hands how close you would hold something small to see it.
LAUNCH__SCI_L_W3L1_Microscopy_Introduce.html,arrival,🚪 Arrival · what you already know,arrival,Supported,screen,,,Look at the microscope. Point to the eyepiece — the part you look through.
LAUNCH__SCI_L_W3L1_Microscopy_Introduce.html,arrival,🚪 Arrival · what you already know,arrival,Standard,screen,,,Name one thing too small to see clearly with just your eyes.
LAUNCH__SCI_L_W3L1_Microscopy_Introduce.html,arrival,🚪 Arrival · what you already know,arrival,Standard,screen,,,A magnifying glass makes things look bigger. Does bigger always mean you can see more detail?
LAUNCH__SCI_L_W3L1_Microscopy_Introduce.html,arrival,🚪 Arrival · what you already know,arrival,Standard,screen,,,Why do things look blurred when you bring them too close to your eyes?
LAUNCH__SCI_L_W3L1_Microscopy_Introduce.html,arrival,🚪 Arrival · what you already know,arrival,Standard,screen,,,"A microscope has two lenses, not one. Why do you think it needs both?"
LAUNCH__SCI_L_W3L1_Microscopy_Introduce.html,arrival,🚪 Arrival · what you already know,arrival,Stretch,screen,,,Name something scientists need to see that no eye could ever resolve unaided.
LAUNCH__SCI_L_W3L1_Microscopy_Introduce.html,arrival,🚪 Arrival · what you already know,arrival,Stretch,screen,,,Zooming a phone photo makes it bigger but not clearer. Say what that tells you about size and detail.
LAUNCH__SCI_L_W3L1_Microscopy_Introduce.html,arrival,🚪 Arrival · what you already know,arrival,Stretch,screen,,,Your eye has a limit on the fine detail it can separate. What would you need to get past it?
LAUNCH__SCI_L_W3L1_Microscopy_Introduce.html,arrival,🚪 Arrival · what you already know,arrival,Stretch,screen,,,"A microscope multiplies the eyepiece by the objective. Predict what that does to the image, and what it cannot fix."
LAUNCH__SCI_L_W3L1_Microscopy_Introduce.html,arrival,🚪 Arrival · what you already know,,,screen,,,Point to something in this room you would need to look at very closely to see properly.
LAUNCH__SCI_L_W3L1_Microscopy_Introduce.html,arrival,🚪 Arrival · what you already know,,,screen,,,"Say or point: does a magnifying glass make things bigger, or clearer?"
LAUNCH__SCI_L_W3L1_Microscopy_Introduce.html,arrival,🚪 Arrival · what you already know,,,screen,,,Show with your hands how close you would hold something small to see it.
LAUNCH__SCI_L_W3L1_Microscopy_Introduce.html,arrival,🚪 Arrival · what you already know,,,screen,,,Look at the microscope. Point to the eyepiece — the part you look through.
LAUNCH__SCI_L_W3L1_Microscopy_Introduce.html,arrival,🚪 Arrival · what you already know,,,screen,,,Name one thing too small to see clearly with just your eyes.
LAUNCH__SCI_L_W3L1_Microscopy_Introduce.html,arrival,🚪 Arrival · what you already know,,,screen,,,A magnifying glass makes things look bigger. Does bigger always mean you can see more detail?
LAUNCH__SCI_L_W3L1_Microscopy_Introduce.html,arrival,🚪 Arrival · what you already know,,,screen,,,Why do things look blurred when you bring them too close to your eyes?
LAUNCH__SCI_L_W3L1_Microscopy_Introduce.html,arrival,🚪 Arrival · what you already know,,,screen,,,"A microscope has two lenses, not one. Why do you think it needs both?"
LAUNCH__SCI_L_W3L1_Microscopy_Introduce.html,arrival,🚪 Arrival · what you already know,,,screen,,,Name something scientists need to see that no eye could ever resolve unaided.
LAUNCH__SCI_L_W3L1_Microscopy_Introduce.html,arrival,🚪 Arrival · what you already know,,,screen,,,Zooming a phone photo makes it bigger but not clearer. Say what that tells you about size and detail.
LAUNCH__SCI_L_W3L1_Microscopy_Introduce.html,arrival,🚪 Arrival · what you already know,,,screen,,,Your eye has a limit on the fine detail it can separate. What would you need to get past it?
LAUNCH__SCI_L_W3L1_Microscopy_Introduce.html,arrival,🚪 Arrival · what you already know,,,screen,,,"A microscope multiplies the eyepiece by the objective. Predict what that does to the image, and what it cannot fix."
LAUNCH__SCI_L_W3L1_Microscopy_Introduce.html,starter,🌱 Starter · observe / predict,,,screen,,,"Two cell images are equally large, but only one is sharp. Which gives more scientific information — and why?"
LAUNCH__SCI_L_W3L1_Microscopy_Introduce.html,independent,✏️ Independent · evidence & transfer,,,screen,,,Use a prepared microscope image. Or a real microscope. Find the eyepiece power. Find the objective power. Times the two. That is the total magnification. Write it down. Now look at one cell. Add a note. Is it bigger? Is it clearer? Say which.
LAUNCH__SCI_L_W3L1_Microscopy_Introduce.html,independent,✏️ Independent · evidence & transfer,,,screen,,,◆ Label the microscope. Then match BIGGER / CLEARER. 🧰 Scaffold magnification = BIGGER. resolution = CLEARER DETAIL. Use both. Fade: remove the first prompt that no longer changes success.
LAUNCH__SCI_L_W3L1_Microscopy_Introduce.html,independent,✏️ Independent · evidence & transfer,,,screen,,,▲ Label the parts. Try three lens pairs. Work each one out. Then annotate one cell. 🧰 Scaffold total magnification = eyepiece × objective. Times the two. Fade: remove the first prompt that no longer changes success.
LAUNCH__SCI_L_W3L1_Microscopy_Introduce.html,independent,✏️ Independent · evidence & transfer,,,screen,,,★ Compare light and electron microscopes. Which gives more magnification? Which gives more resolution? 🧰 Scaffold Use real science words. Not the phone-zoom idea. Fade: remove the first prompt that no longer changes success.
LAUNCH__SCI_L_W3L1_Microscopy_Introduce.html,exit,🎫 Exit · receive and use the response,exit,Supported,screen,,,Name the lens you look through.
LAUNCH__SCI_L_W3L1_Microscopy_Introduce.html,exit,🎫 Exit · receive and use the response,exit,Standard,screen,,,State the difference between magnification and resolution.
LAUNCH__SCI_L_W3L1_Microscopy_Introduce.html,exit,🎫 Exit · receive and use the response,exit,Stretch,screen,,,Increasing magnification does not always reveal more detail. Explain why.
LAUNCH__SCI_L_W3L1_Microscopy_Introduce.html,exit,🎫 Exit · receive and use the response,,,screen,,,Name the lens you look through.
LAUNCH__SCI_L_W3L1_Microscopy_Introduce.html,exit,🎫 Exit · receive and use the response,,,screen,,,State the difference between magnification and resolution.
LAUNCH__SCI_L_W3L1_Microscopy_Introduce.html,exit,🎫 Exit · receive and use the response,,,screen,,,Increasing magnification does not always reveal more detail. Explain why.
LAUNCH__SCI_L_W3L1_Microscopy_Introduce.html,print,print pack,route,Supported,print,,,◆ Label the microscope and match BIGGER / CLEARER.
LAUNCH__SCI_L_W3L1_Microscopy_Introduce.html,print,print pack,route,Standard,print,,,"▲ Label, calculate three lens combinations and annotate a cell observation."
LAUNCH__SCI_L_W3L1_Microscopy_Introduce.html,print,print pack,route,Stretch,print,,,★ Compare light/electron microscopy in terms of magnification and resolution.
LAUNCH__SCI_L_W3L1_Microscopy_Introduce.html,print,print pack,box,,print,,,Name: _______________________________ Date: ______________________
LAUNCH__SCI_L_W3L1_Microscopy_Introduce.html,print,print pack,box,,print,,,"New to this class, or not sure? Everything you need is in the Arrival box below — read it, then answer."
LAUNCH__SCI_L_W3L1_Microscopy_Introduce.html,print,print pack,box,,print,,,Learning objective: I can distinguish magnification from resolution and explain how a light microscope produces a useful cell image.
LAUNCH__SCI_L_W3L1_Microscopy_Introduce.html,print,print pack,box,,print,,,Arrival — what you already know: Weeks 1 and 2 were baseline. There is no previous lesson to recall — this is where the teaching starts.
LAUNCH__SCI_L_W3L1_Microscopy_Introduce.html,print,print pack,box,,print,,,R1 · What you already know: Name one thing too small to see clearly with just your eyes.
LAUNCH__SCI_L_W3L1_Microscopy_Introduce.html,print,print pack,box,,print,,,R2 · What you already know: A magnifying glass makes things look bigger. Does bigger always mean you can see more detail?
LAUNCH__SCI_L_W3L1_Microscopy_Introduce.html,print,print pack,box,,print,,,R3 · What you already know: Why do things look blurred when you bring them too close to your eyes?
LAUNCH__SCI_L_W3L1_Microscopy_Introduce.html,print,print pack,box,,print,,,"Lead-in · Into today: A microscope has two lenses, not one. Why do you think it needs both?"
LAUNCH__SCI_L_W3L1_Microscopy_Introduce.html,print,print pack,box,,print,,,◆ Label the microscope and match BIGGER / CLEARER.
LAUNCH__SCI_L_W3L1_Microscopy_Introduce.html,print,print pack,box,,print,,,"▲ Label, calculate three lens combinations and annotate a cell observation."
LAUNCH__SCI_L_W3L1_Microscopy_Introduce.html,print,print pack,box,,print,,,★ Compare light/electron microscopy in terms of magnification and resolution.
LAUNCH__SCI_L_W3L1_Microscopy_Introduce.html,print,print pack,box,,print,,,Labelled observation/drawing + total magnification + pupil explanation of magnification versus resolution.
LAUNCH__SCI_L_W3L1_Microscopy_Introduce.html,print,print pack,box,,print,,,Supported: Name the lens you look through.
LAUNCH__SCI_L_W3L1_Microscopy_Introduce.html,print,print pack,box,,print,,,Standard: State the difference between magnification and resolution.
LAUNCH__SCI_L_W3L1_Microscopy_Introduce.html,print,print pack,box,,print,,,Stretch: Increasing magnification does not always reveal more detail. Explain why.
LAUNCH__SCI_L_W3L1_Microscopy_Introduce.html,print,print pack,box,,print,,,Adult genuinely receives the response. No signature/initial is required.
LAUNCH__SCI_L_W3L1_Microscopy_Introduce.html,print,print pack,box,,print,,,"Closing the loop: this one ends on paper — your own hand, or your words scribed by an adult. Saying it aloud starts the loop; writing it is what closes it. Pass is always allowed."
LAUNCH__SCI_L_W3L1_Microscopy_Introduce.html,print,print pack,box,,print,,,"What I said, and what it changed:"
LAUNCH__SCI_L_W3L1_Microscopy_Introduce.html,print,print pack,box,,print,,,"Pearson Edexcel GCSE (9–1) Biology 1BI0 (Foundation, grades 1–5); GCSE Combined Science 1SC0 F where appropriate; AQA UAS science units Records what was observed, and at which level of independence."
LAUNCH__SCI_L_W3L1_Microscopy_Introduce.html,print,print pack,box,,print,,,Observed in this lesson
LAUNCH__SCI_L_W3L1_Microscopy_Introduce.html,print,print pack,box,,print,,,☐ Named the eyepiece and objective lenses.
LAUNCH__SCI_L_W3L1_Microscopy_Introduce.html,print,print pack,box,,print,,,☐ Distinguished magnification from resolution.
LAUNCH__SCI_L_W3L1_Microscopy_Introduce.html,print,print pack,box,,print,,,☐ Produced a labelled drawing with the magnification recorded.
LAUNCH__SCI_L_W3L1_Microscopy_Introduce.html,print,print pack,box,,print,,,Assessor comment
LAUNCH__SCI_L_W3L1_Microscopy_Introduce.html,print,print pack,box,,print,,,Ring the tier the pupil actually worked at
LAUNCH__SCI_L_W3L1_Microscopy_Introduce.html,print,print pack,box,,print,,,Assessor name ______________ Role ____________ Signature ______________ Date ________
LAUNCH__SCI_L_W3L2_Calculating_Magnification_Explore.html,arrival,🚪 Arrival · previous learning,arrival,Supported,screen,,,Point to the eyepiece on the microscope diagram.
LAUNCH__SCI_L_W3L2_Calculating_Magnification_Explore.html,arrival,🚪 Arrival · previous learning,arrival,Supported,screen,,,Which is longer: 1 millimetre or 1 centimetre? Point to the longer one.
LAUNCH__SCI_L_W3L2_Calculating_Magnification_Explore.html,arrival,🚪 Arrival · previous learning,arrival,Supported,screen,,,"Say or point: if something is 10 times bigger, is it larger or smaller?"
LAUNCH__SCI_L_W3L2_Calculating_Magnification_Explore.html,arrival,🚪 Arrival · previous learning,arrival,Supported,screen,,,Look at the drawing and the real cell. Point to the bigger one.
LAUNCH__SCI_L_W3L2_Calculating_Magnification_Explore.html,arrival,🚪 Arrival · previous learning,arrival,Standard,screen,,,Last lesson you separated magnification from resolution. Say what each one means.
LAUNCH__SCI_L_W3L2_Calculating_Magnification_Explore.html,arrival,🚪 Arrival · previous learning,arrival,Standard,screen,,,How many millimetres are there in one centimetre?
LAUNCH__SCI_L_W3L2_Calculating_Magnification_Explore.html,arrival,🚪 Arrival · previous learning,arrival,Standard,screen,,,"If a picture is 10 times bigger than the real object, how do you get back to the real size?"
LAUNCH__SCI_L_W3L2_Calculating_Magnification_Explore.html,arrival,🚪 Arrival · previous learning,arrival,Standard,screen,,,A drawn cell is far bigger than the real one. How could we work out how much bigger?
LAUNCH__SCI_L_W3L2_Calculating_Magnification_Explore.html,arrival,🚪 Arrival · previous learning,arrival,Stretch,screen,,,Last lesson: a bigger image is not automatically more useful. Explain why.
LAUNCH__SCI_L_W3L2_Calculating_Magnification_Explore.html,arrival,🚪 Arrival · previous learning,arrival,Stretch,screen,,,Why does a calculation go wrong if two measurements are in different units?
LAUNCH__SCI_L_W3L2_Calculating_Magnification_Explore.html,arrival,🚪 Arrival · previous learning,arrival,Stretch,screen,,,"Name the operation that undoes multiplying, and say when you would need it here."
LAUNCH__SCI_L_W3L2_Calculating_Magnification_Explore.html,arrival,🚪 Arrival · previous learning,arrival,Stretch,screen,,,You have a drawing and the real size. Predict which calculation gives magnification.
LAUNCH__SCI_L_W3L2_Calculating_Magnification_Explore.html,arrival,🚪 Arrival · previous learning,,,screen,,,Point to the eyepiece on the microscope diagram.
LAUNCH__SCI_L_W3L2_Calculating_Magnification_Explore.html,arrival,🚪 Arrival · previous learning,,,screen,,,Which is longer: 1 millimetre or 1 centimetre? Point to the longer one.
LAUNCH__SCI_L_W3L2_Calculating_Magnification_Explore.html,arrival,🚪 Arrival · previous learning,,,screen,,,"Say or point: if something is 10 times bigger, is it larger or smaller?"
LAUNCH__SCI_L_W3L2_Calculating_Magnification_Explore.html,arrival,🚪 Arrival · previous learning,,,screen,,,Look at the drawing and the real cell. Point to the bigger one.
LAUNCH__SCI_L_W3L2_Calculating_Magnification_Explore.html,arrival,🚪 Arrival · previous learning,,,screen,,,Last lesson you separated magnification from resolution. Say what each one means.
LAUNCH__SCI_L_W3L2_Calculating_Magnification_Explore.html,arrival,🚪 Arrival · previous learning,,,screen,,,How many millimetres are there in one centimetre?
LAUNCH__SCI_L_W3L2_Calculating_Magnification_Explore.html,arrival,🚪 Arrival · previous learning,,,screen,,,"If a picture is 10 times bigger than the real object, how do you get back to the real size?"
LAUNCH__SCI_L_W3L2_Calculating_Magnification_Explore.html,arrival,🚪 Arrival · previous learning,,,screen,,,A drawn cell is far bigger than the real one. How could we work out how much bigger?
LAUNCH__SCI_L_W3L2_Calculating_Magnification_Explore.html,arrival,🚪 Arrival · previous learning,,,screen,,,Last lesson: a bigger image is not automatically more useful. Explain why.
LAUNCH__SCI_L_W3L2_Calculating_Magnification_Explore.html,arrival,🚪 Arrival · previous learning,,,screen,,,Why does a calculation go wrong if two measurements are in different units?
LAUNCH__SCI_L_W3L2_Calculating_Magnification_Explore.html,arrival,🚪 Arrival · previous learning,,,screen,,,"Name the operation that undoes multiplying, and say when you would need it here."
LAUNCH__SCI_L_W3L2_Calculating_Magnification_Explore.html,arrival,🚪 Arrival · previous learning,,,screen,,,You have a drawing and the real size. Predict which calculation gives magnification.
LAUNCH__SCI_L_W3L2_Calculating_Magnification_Explore.html,starter,🌱 Starter · observe / predict,,,screen,,,A cell image is 40 mm across but the real cell is 0.10 mm. How can one number describe how much bigger the image is?
LAUNCH__SCI_L_W3L2_Calculating_Magnification_Explore.html,independent,✏️ Independent · evidence & transfer,,,screen,,,Work through the mixed magnification problems. Some ask for actual size. Some ask for image size. Use the calculation lab. Then pick one answer. Explain your conversion. Or how you rearranged.
LAUNCH__SCI_L_W3L2_Calculating_Magnification_Explore.html,independent,✏️ Independent · evidence & transfer,,,screen,,,◆ Do six calculations. Keep the equation visible. Keep the conversion ladder visible. 🧰 Scaffold Keep the formula in view. Keep the mm↔µm ladder too. Fade: remove the first prompt that no longer changes success.
LAUNCH__SCI_L_W3L2_Calculating_Magnification_Explore.html,independent,✏️ Independent · evidence & transfer,,,screen,,,▲ Do eight mixed calculations. Some need a conversion. Some need rearranging. 🧰 Scaffold Find the unknown. Highlight it. Then rearrange. Fade: remove the first prompt that no longer changes success.
LAUNCH__SCI_L_W3L2_Calculating_Magnification_Explore.html,independent,✏️ Independent · evidence & transfer,,,screen,,,★ Do the mixed calculations. Add a small lens/image data table. 🧰 Scaffold Check it looks right. An enlarged image is bigger. Magnification is usually > ×1. Fade: remove the first prompt that no longer changes success.
LAUNCH__SCI_L_W3L2_Calculating_Magnification_Explore.html,exit,🎫 Exit · receive and use the response,exit,Supported,screen,,,Does magnification have a unit?
LAUNCH__SCI_L_W3L2_Calculating_Magnification_Explore.html,exit,🎫 Exit · receive and use the response,exit,Standard,screen,,,Rearrange the equation for actual size.
LAUNCH__SCI_L_W3L2_Calculating_Magnification_Explore.html,exit,🎫 Exit · receive and use the response,exit,Stretch,screen,,,Explain why mixed mm/µm units must be converted first.
LAUNCH__SCI_L_W3L2_Calculating_Magnification_Explore.html,exit,🎫 Exit · receive and use the response,,,screen,,,Does magnification have a unit?
LAUNCH__SCI_L_W3L2_Calculating_Magnification_Explore.html,exit,🎫 Exit · receive and use the response,,,screen,,,Rearrange the equation for actual size.
LAUNCH__SCI_L_W3L2_Calculating_Magnification_Explore.html,exit,🎫 Exit · receive and use the response,,,screen,,,Explain why mixed mm/µm units must be converted first.
LAUNCH__SCI_L_W3L2_Calculating_Magnification_Explore.html,print,print pack,route,Supported,print,,,◆ Six calculations with equation/conversion ladder visible.
LAUNCH__SCI_L_W3L2_Calculating_Magnification_Explore.html,print,print pack,route,Standard,print,,,▲ Eight mixed calculations including conversions and rearrangement.
LAUNCH__SCI_L_W3L2_Calculating_Magnification_Explore.html,print,print pack,route,Stretch,print,,,★ Mixed calculations plus a small lens/image data table.
LAUNCH__SCI_L_W3L2_Calculating_Magnification_Explore.html,print,print pack,box,,print,,,Name: _______________________________ Date: ______________________
LAUNCH__SCI_L_W3L2_Calculating_Magnification_Explore.html,print,print pack,box,,print,,,"Not here last lesson? Everything you need is in the Retrieval box below — read it, then answer."
LAUNCH__SCI_L_W3L2_Calculating_Magnification_Explore.html,print,print pack,box,,print,,,"Learning objective: I can calculate magnification, image size and actual size using consistent units."
LAUNCH__SCI_L_W3L2_Calculating_Magnification_Explore.html,print,print pack,box,,print,,,Retrieval: W3L1 magnification/resolution and lens combinations. Total magnification = eyepiece × objective.
LAUNCH__SCI_L_W3L2_Calculating_Magnification_Explore.html,print,print pack,box,,print,,,R1 · Last lesson: Last lesson you separated magnification from resolution. Say what each one means.
LAUNCH__SCI_L_W3L2_Calculating_Magnification_Explore.html,print,print pack,box,,print,,,R2 · What you already know: How many millimetres are there in one centimetre?
LAUNCH__SCI_L_W3L2_Calculating_Magnification_Explore.html,print,print pack,box,,print,,,"R3 · What you already know: If a picture is 10 times bigger than the real object, how do you get back to the real size?"
LAUNCH__SCI_L_W3L2_Calculating_Magnification_Explore.html,print,print pack,box,,print,,,Lead-in · Into today: A drawn cell is far bigger than the real one. How could we work out how much bigger?
LAUNCH__SCI_L_W3L2_Calculating_Magnification_Explore.html,print,print pack,box,,print,,,◆ Six calculations with equation/conversion ladder visible.
LAUNCH__SCI_L_W3L2_Calculating_Magnification_Explore.html,print,print pack,box,,print,,,▲ Eight mixed calculations including conversions and rearrangement.
LAUNCH__SCI_L_W3L2_Calculating_Magnification_Explore.html,print,print pack,box,,print,,,★ Mixed calculations plus a small lens/image data table.
LAUNCH__SCI_L_W3L2_Calculating_Magnification_Explore.html,print,print pack,box,,print,,,GCSE-style four-line workings + correct unit handling + one explained correction.
LAUNCH__SCI_L_W3L2_Calculating_Magnification_Explore.html,print,print pack,box,,print,,,Supported: Does magnification have a unit?
LAUNCH__SCI_L_W3L2_Calculating_Magnification_Explore.html,print,print pack,box,,print,,,Standard: Rearrange the equation for actual size.
LAUNCH__SCI_L_W3L2_Calculating_Magnification_Explore.html,print,print pack,box,,print,,,Stretch: Explain why mixed mm/µm units must be converted first.
LAUNCH__SCI_L_W3L2_Calculating_Magnification_Explore.html,print,print pack,box,,print,,,Adult genuinely receives the response. No signature/initial is required.
LAUNCH__SCI_L_W3L2_Calculating_Magnification_Explore.html,print,print pack,box,,print,,,"Closing the loop: this one ends on paper — your own hand, or your words scribed by an adult. Saying it aloud starts the loop; writing it is what closes it. Pass is always allowed."
LAUNCH__SCI_L_W3L2_Calculating_Magnification_Explore.html,print,print pack,box,,print,,,"What I said, and what it changed:"
LAUNCH__SCI_L_W3L2_Calculating_Magnification_Explore.html,print,print pack,box,,print,,,"Pearson Edexcel GCSE (9–1) Biology 1BI0 (Foundation, grades 1–5); GCSE Combined Science 1SC0 F where appropriate; AQA UAS science units Records what was observed, and at which level of independence."
LAUNCH__SCI_L_W3L2_Calculating_Magnification_Explore.html,print,print pack,box,,print,,,Observed in this lesson
LAUNCH__SCI_L_W3L2_Calculating_Magnification_Explore.html,print,print pack,box,,print,,,☐ Stated and rearranged the magnification equation.
LAUNCH__SCI_L_W3L2_Calculating_Magnification_Explore.html,print,print pack,box,,print,,,☐ Converted correctly between mm and µm.
LAUNCH__SCI_L_W3L2_Calculating_Magnification_Explore.html,print,print pack,box,,print,,,☐ Calculated total magnification from two lenses.
LAUNCH__SCI_L_W3L2_Calculating_Magnification_Explore.html,print,print pack,box,,print,,,Assessor comment
LAUNCH__SCI_L_W3L2_Calculating_Magnification_Explore.html,print,print pack,box,,print,,,Ring the tier the pupil actually worked at
LAUNCH__SCI_L_W3L2_Calculating_Magnification_Explore.html,print,print pack,box,,print,,,Assessor name ______________ Role ____________ Signature ______________ Date ________
LAUNCH__SCI_L_W3L3_Magnification_Lab_Do.html,arrival,🚪 Arrival · previous learning,arrival,Supported,screen,,,Point to the magnification formula on the card.
LAUNCH__SCI_L_W3L3_Magnification_Lab_Do.html,arrival,🚪 Arrival · previous learning,arrival,Supported,screen,,,Say which lens you look through.
LAUNCH__SCI_L_W3L3_Magnification_Lab_Do.html,arrival,🚪 Arrival · previous learning,arrival,Supported,screen,,,Point to the millimetre marks on a ruler.
LAUNCH__SCI_L_W3L3_Magnification_Lab_Do.html,arrival,🚪 Arrival · previous learning,arrival,Supported,screen,,,You will solve problems on your own today. Point to the first question.
LAUNCH__SCI_L_W3L3_Magnification_Lab_Do.html,arrival,🚪 Arrival · previous learning,arrival,Standard,screen,,,Last lesson you calculated magnification. Say what you divide by what.
LAUNCH__SCI_L_W3L3_Magnification_Lab_Do.html,arrival,🚪 Arrival · previous learning,arrival,Standard,screen,,,What is the difference between magnification and resolution?
LAUNCH__SCI_L_W3L3_Magnification_Lab_Do.html,arrival,🚪 Arrival · previous learning,arrival,Standard,screen,,,How many micrometres are there in one millimetre?
LAUNCH__SCI_L_W3L3_Magnification_Lab_Do.html,arrival,🚪 Arrival · previous learning,arrival,Standard,screen,,,Today you work independently. What would make your method clear to someone reading it?
LAUNCH__SCI_L_W3L3_Magnification_Lab_Do.html,arrival,🚪 Arrival · previous learning,arrival,Stretch,screen,,,Last lesson: explain why the units must match before you divide.
LAUNCH__SCI_L_W3L3_Magnification_Lab_Do.html,arrival,🚪 Arrival · previous learning,arrival,Stretch,screen,,,"Past a microscope's resolution, more magnification adds no new detail. Explain why."
LAUNCH__SCI_L_W3L3_Magnification_Lab_Do.html,arrival,🚪 Arrival · previous learning,arrival,Stretch,screen,,,Explain why cell sizes are usually quoted in micrometres rather than millimetres.
LAUNCH__SCI_L_W3L3_Magnification_Lab_Do.html,arrival,🚪 Arrival · previous learning,arrival,Stretch,screen,,,An answer with the right number but no method loses more than marks. Say what it loses scientifically.
LAUNCH__SCI_L_W3L3_Magnification_Lab_Do.html,arrival,🚪 Arrival · previous learning,,,screen,,,Point to the magnification formula on the card.
LAUNCH__SCI_L_W3L3_Magnification_Lab_Do.html,arrival,🚪 Arrival · previous learning,,,screen,,,Say which lens you look through.
LAUNCH__SCI_L_W3L3_Magnification_Lab_Do.html,arrival,🚪 Arrival · previous learning,,,screen,,,Point to the millimetre marks on a ruler.
LAUNCH__SCI_L_W3L3_Magnification_Lab_Do.html,arrival,🚪 Arrival · previous learning,,,screen,,,You will solve problems on your own today. Point to the first question.
LAUNCH__SCI_L_W3L3_Magnification_Lab_Do.html,arrival,🚪 Arrival · previous learning,,,screen,,,Last lesson you calculated magnification. Say what you divide by what.
LAUNCH__SCI_L_W3L3_Magnification_Lab_Do.html,arrival,🚪 Arrival · previous learning,,,screen,,,What is the difference between magnification and resolution?
LAUNCH__SCI_L_W3L3_Magnification_Lab_Do.html,arrival,🚪 Arrival · previous learning,,,screen,,,How many micrometres are there in one millimetre?
LAUNCH__SCI_L_W3L3_Magnification_Lab_Do.html,arrival,🚪 Arrival · previous learning,,,screen,,,Today you work independently. What would make your method clear to someone reading it?
LAUNCH__SCI_L_W3L3_Magnification_Lab_Do.html,arrival,🚪 Arrival · previous learning,,,screen,,,Last lesson: explain why the units must match before you divide.
LAUNCH__SCI_L_W3L3_Magnification_Lab_Do.html,arrival,🚪 Arrival · previous learning,,,screen,,,"Past a microscope's resolution, more magnification adds no new detail. Explain why."
LAUNCH__SCI_L_W3L3_Magnification_Lab_Do.html,arrival,🚪 Arrival · previous learning,,,screen,,,Explain why cell sizes are usually quoted in micrometres rather than millimetres.
LAUNCH__SCI_L_W3L3_Magnification_Lab_Do.html,arrival,🚪 Arrival · previous learning,,,screen,,,An answer with the right number but no method loses more than marks. Say what it loses scientifically.
LAUNCH__SCI_L_W3L3_Magnification_Lab_Do.html,starter,🌱 Starter · observe / predict,,,screen,,,An exam answer says ‘400 mm’ for magnification. The arithmetic is correct. Why can the answer still lose the mark?
LAUNCH__SCI_L_W3L3_Magnification_Lab_Do.html,independent,✏️ Independent · evidence & transfer,,,screen,,,Do a short set of mixed exam questions. One uses a measured image. Now check one answer. Check it yourself. Make one clear correction. Show it to an adult. Say why you changed it.
LAUNCH__SCI_L_W3L3_Magnification_Lab_Do.html,independent,✏️ Independent · evidence & transfer,,,screen,,,◆ Do five questions. Use the formula prompts. Use the conversion prompts. 🧰 Scaffold Equation → units → substitute → answer. Fade: remove the first prompt that no longer changes success.
LAUNCH__SCI_L_W3L3_Magnification_Lab_Do.html,independent,✏️ Independent · evidence & transfer,,,screen,,,▲ Do seven mixed questions. One is a measured-image task. 🧰 Scaffold Check the command word. Then highlight the data. Fade: remove the first prompt that no longer changes success.
LAUNCH__SCI_L_W3L3_Magnification_Lab_Do.html,independent,✏️ Independent · evidence & transfer,,,screen,,,★ Do seven questions. Some use a new context. Find your errors. Then explain them. 🧰 Scaffold Use estimation where it helps. Use significant figures too. Fade: remove the first prompt that no longer changes success.
LAUNCH__SCI_L_W3L3_Magnification_Lab_Do.html,exit,🎫 Exit · receive and use the response,exit,Supported,screen,,,What is the first check before calculating?
LAUNCH__SCI_L_W3L3_Magnification_Lab_Do.html,exit,🎫 Exit · receive and use the response,exit,Standard,screen,,,Why is ×400 correct but 400 mm not?
LAUNCH__SCI_L_W3L3_Magnification_Lab_Do.html,exit,🎫 Exit · receive and use the response,exit,Stretch,screen,,,How can you check if a calculated actual size is plausible?
LAUNCH__SCI_L_W3L3_Magnification_Lab_Do.html,exit,🎫 Exit · receive and use the response,,,screen,,,What is the first check before calculating?
LAUNCH__SCI_L_W3L3_Magnification_Lab_Do.html,exit,🎫 Exit · receive and use the response,,,screen,,,Why is ×400 correct but 400 mm not?
LAUNCH__SCI_L_W3L3_Magnification_Lab_Do.html,exit,🎫 Exit · receive and use the response,,,screen,,,How can you check if a calculated actual size is plausible?
LAUNCH__SCI_L_W3L3_Magnification_Lab_Do.html,print,print pack,route,Supported,print,,,◆ Five questions with formula and conversion prompts.
LAUNCH__SCI_L_W3L3_Magnification_Lab_Do.html,print,print pack,route,Standard,print,,,▲ Seven mixed questions including measured-image task.
LAUNCH__SCI_L_W3L3_Magnification_Lab_Do.html,print,print pack,route,Stretch,print,,,★ Seven questions plus unfamiliar context and error analysis.
LAUNCH__SCI_L_W3L3_Magnification_Lab_Do.html,print,print pack,box,,print,,,Name: _______________________________ Date: ______________________
LAUNCH__SCI_L_W3L3_Magnification_Lab_Do.html,print,print pack,box,,print,,,"Not here last lesson? Everything you need is in the Retrieval box below — read it, then answer."
LAUNCH__SCI_L_W3L3_Magnification_Lab_Do.html,print,print pack,box,,print,,,Learning objective: I can independently solve and check GCSE magnification problems and communicate my method clearly.
LAUNCH__SCI_L_W3L3_Magnification_Lab_Do.html,print,print pack,box,,print,,,"Retrieval: W3L2 equation, rearrangement and conversions. Magnification = image size ÷ actual size."
LAUNCH__SCI_L_W3L3_Magnification_Lab_Do.html,print,print pack,box,,print,,,R1 · Last lesson: Last lesson you calculated magnification. Say what you divide by what.
LAUNCH__SCI_L_W3L3_Magnification_Lab_Do.html,print,print pack,box,,print,,,R2 · Week 3 · lesson 1: What is the difference between magnification and resolution?
LAUNCH__SCI_L_W3L3_Magnification_Lab_Do.html,print,print pack,box,,print,,,R3 · Week 3 again — declared: How many micrometres are there in one millimetre?
LAUNCH__SCI_L_W3L3_Magnification_Lab_Do.html,print,print pack,box,,print,,,Lead-in · Into today: Today you work independently. What would make your method clear to someone reading it?
LAUNCH__SCI_L_W3L3_Magnification_Lab_Do.html,print,print pack,box,,print,,,◆ Five questions with formula and conversion prompts.
LAUNCH__SCI_L_W3L3_Magnification_Lab_Do.html,print,print pack,box,,print,,,▲ Seven mixed questions including measured-image task.
LAUNCH__SCI_L_W3L3_Magnification_Lab_Do.html,print,print pack,box,,print,,,★ Seven questions plus unfamiliar context and error analysis.
LAUNCH__SCI_L_W3L3_Magnification_Lab_Do.html,print,print pack,box,,print,,,Independent set + visible correction/re-attempt + adult-received explanation.
LAUNCH__SCI_L_W3L3_Magnification_Lab_Do.html,print,print pack,box,,print,,,Supported: What is the first check before calculating?
LAUNCH__SCI_L_W3L3_Magnification_Lab_Do.html,print,print pack,box,,print,,,Standard: Why is ×400 correct but 400 mm not?
LAUNCH__SCI_L_W3L3_Magnification_Lab_Do.html,print,print pack,box,,print,,,Stretch: How can you check if a calculated actual size is plausible?
LAUNCH__SCI_L_W3L3_Magnification_Lab_Do.html,print,print pack,box,,print,,,Adult genuinely receives the response. No signature/initial is required.
LAUNCH__SCI_L_W3L3_Magnification_Lab_Do.html,print,print pack,box,,print,,,"Closing the loop: this one ends on paper — your own hand, or your words scribed by an adult. Saying it aloud starts the loop; writing it is what closes it. Pass is always allowed."
LAUNCH__SCI_L_W3L3_Magnification_Lab_Do.html,print,print pack,box,,print,,,"What I said, and what it changed:"
LAUNCH__SCI_L_W3L3_Magnification_Lab_Do.html,print,print pack,box,,print,,,"Pearson Edexcel GCSE (9–1) Biology 1BI0 (Foundation, grades 1–5); GCSE Combined Science 1SC0 F where appropriate; AQA UAS science units Records what was observed, and at which level of independence."
LAUNCH__SCI_L_W3L3_Magnification_Lab_Do.html,print,print pack,box,,print,,,Observed in this lesson
LAUNCH__SCI_L_W3L3_Magnification_Lab_Do.html,print,print pack,box,,print,,,☐ Read the command word and answered to it.
LAUNCH__SCI_L_W3L3_Magnification_Lab_Do.html,print,print pack,box,,print,,,☐ Showed four-line working on a calculation.
LAUNCH__SCI_L_W3L3_Magnification_Lab_Do.html,print,print pack,box,,print,,,☐ Checked the unit (or no unit for magnification) before finishing.
LAUNCH__SCI_L_W3L3_Magnification_Lab_Do.html,print,print pack,box,,print,,,Assessor comment
LAUNCH__SCI_L_W3L3_Magnification_Lab_Do.html,print,print pack,box,,print,,,Ring the tier the pupil actually worked at
LAUNCH__SCI_L_W3L3_Magnification_Lab_Do.html,print,print pack,box,,print,,,Assessor name ______________ Role ____________ Signature ______________ Date ________
LAUNCH__SCI_L_W4L1_Diffusion_Introduce.html,arrival,🚪 Arrival · previous learning,arrival,Supported,screen,,,Point to the units you wrote in your answer.
LAUNCH__SCI_L_W4L1_Diffusion_Introduce.html,arrival,🚪 Arrival · previous learning,arrival,Supported,screen,,,Say which lens is closest to the specimen.
LAUNCH__SCI_L_W4L1_Diffusion_Introduce.html,arrival,🚪 Arrival · previous learning,arrival,Supported,screen,,,Point to something you could only see with a microscope.
LAUNCH__SCI_L_W4L1_Diffusion_Introduce.html,arrival,🚪 Arrival · previous learning,arrival,Supported,screen,,,Someone opens perfume at the front. Point to where you would smell it first.
LAUNCH__SCI_L_W4L1_Diffusion_Introduce.html,arrival,🚪 Arrival · previous learning,arrival,Standard,screen,,,Last lesson you solved magnification problems. Why did the units have to match?
LAUNCH__SCI_L_W4L1_Diffusion_Introduce.html,arrival,🚪 Arrival · previous learning,arrival,Standard,screen,,,Week 3: what is the difference between magnification and resolution?
LAUNCH__SCI_L_W4L1_Diffusion_Introduce.html,arrival,🚪 Arrival · previous learning,arrival,Standard,screen,,,Week 3: why do we measure cells in micrometres?
LAUNCH__SCI_L_W4L1_Diffusion_Introduce.html,arrival,🚪 Arrival · previous learning,arrival,Standard,screen,,,Perfume opened at the front of the room reaches the back with nobody fanning it. How?
LAUNCH__SCI_L_W4L1_Diffusion_Introduce.html,arrival,🚪 Arrival · previous learning,arrival,Stretch,screen,,,Last lesson: explain how you checked whether your answer was sensible.
LAUNCH__SCI_L_W4L1_Diffusion_Introduce.html,arrival,🚪 Arrival · previous learning,arrival,Stretch,screen,,,Week 3: a light microscope has a limit. Explain why magnification cannot get past it.
LAUNCH__SCI_L_W4L1_Diffusion_Introduce.html,arrival,🚪 Arrival · previous learning,arrival,Stretch,screen,,,Week 3: cells are small. Say why that matters for how substances get in and out.
LAUNCH__SCI_L_W4L1_Diffusion_Introduce.html,arrival,🚪 Arrival · previous learning,arrival,Stretch,screen,,,"Particles move randomly in all directions, yet the smell spreads one way overall. Explain how both can be true."
LAUNCH__SCI_L_W4L1_Diffusion_Introduce.html,arrival,🚪 Arrival · previous learning,,,screen,,,Point to the units you wrote in your answer.
LAUNCH__SCI_L_W4L1_Diffusion_Introduce.html,arrival,🚪 Arrival · previous learning,,,screen,,,Say which lens is closest to the specimen.
LAUNCH__SCI_L_W4L1_Diffusion_Introduce.html,arrival,🚪 Arrival · previous learning,,,screen,,,Point to something you could only see with a microscope.
LAUNCH__SCI_L_W4L1_Diffusion_Introduce.html,arrival,🚪 Arrival · previous learning,,,screen,,,Someone opens perfume at the front. Point to where you would smell it first.
LAUNCH__SCI_L_W4L1_Diffusion_Introduce.html,arrival,🚪 Arrival · previous learning,,,screen,,,Last lesson you solved magnification problems. Why did the units have to match?
LAUNCH__SCI_L_W4L1_Diffusion_Introduce.html,arrival,🚪 Arrival · previous learning,,,screen,,,Week 3: what is the difference between magnification and resolution?
LAUNCH__SCI_L_W4L1_Diffusion_Introduce.html,arrival,🚪 Arrival · previous learning,,,screen,,,Week 3: why do we measure cells in micrometres?
LAUNCH__SCI_L_W4L1_Diffusion_Introduce.html,arrival,🚪 Arrival · previous learning,,,screen,,,Perfume opened at the front of the room reaches the back with nobody fanning it. How?
LAUNCH__SCI_L_W4L1_Diffusion_Introduce.html,arrival,🚪 Arrival · previous learning,,,screen,,,Last lesson: explain how you checked whether your answer was sensible.
LAUNCH__SCI_L_W4L1_Diffusion_Introduce.html,arrival,🚪 Arrival · previous learning,,,screen,,,Week 3: a light microscope has a limit. Explain why magnification cannot get past it.
LAUNCH__SCI_L_W4L1_Diffusion_Introduce.html,arrival,🚪 Arrival · previous learning,,,screen,,,Week 3: cells are small. Say why that matters for how substances get in and out.
LAUNCH__SCI_L_W4L1_Diffusion_Introduce.html,arrival,🚪 Arrival · previous learning,,,screen,,,"Particles move randomly in all directions, yet the smell spreads one way overall. Explain how both can be true."
LAUNCH__SCI_L_W4L1_Diffusion_Introduce.html,starter,🌱 Starter · observe / predict,,,screen,,,Particles move randomly both ways. How can there still be an overall direction?
LAUNCH__SCI_L_W4L1_Diffusion_Introduce.html,independent,✏️ Independent · evidence & transfer,,,screen,,,Annotate the diffusion diagram. Then open the simulator. Pick one factor. Test it. Does the rate change? Now test a second factor. Write down the variable you changed. Write down the pattern you saw. Then explain it.
LAUNCH__SCI_L_W4L1_Diffusion_Introduce.html,independent,✏️ Independent · evidence & transfer,,,screen,,,◆ Finish the high→low diagram. Then test one variable. 🧰 Scaffold net movement · particles · high → low. Fade: remove the first prompt that no longer changes success.
LAUNCH__SCI_L_W4L1_Diffusion_Introduce.html,independent,✏️ Independent · evidence & transfer,,,screen,,,▲ Test two variables. Then explain both patterns. 🧰 Scaffold Pattern → because frame. Fade: remove the first prompt that no longer changes success.
LAUNCH__SCI_L_W4L1_Diffusion_Introduce.html,independent,✏️ Independent · evidence & transfer,,,screen,,,★ Explain how two factors work. Say what particles do. Particles move at random. Net movement is not the same. 🧰 Scaffold The simulator is only a model. It cannot prove every biological factor. Fade: remove the first prompt that no longer changes success.
LAUNCH__SCI_L_W4L1_Diffusion_Introduce.html,exit,🎫 Exit · receive and use the response,exit,Supported,screen,,,Diffusion moves overall from high to ___.
LAUNCH__SCI_L_W4L1_Diffusion_Introduce.html,exit,🎫 Exit · receive and use the response,exit,Standard,screen,,,Name two factors increasing rate.
LAUNCH__SCI_L_W4L1_Diffusion_Introduce.html,exit,🎫 Exit · receive and use the response,exit,Stretch,screen,,,Explain why a thin barrier speeds diffusion.
LAUNCH__SCI_L_W4L1_Diffusion_Introduce.html,exit,🎫 Exit · receive and use the response,,,screen,,,Diffusion moves overall from high to ___.
LAUNCH__SCI_L_W4L1_Diffusion_Introduce.html,exit,🎫 Exit · receive and use the response,,,screen,,,Name two factors increasing rate.
LAUNCH__SCI_L_W4L1_Diffusion_Introduce.html,exit,🎫 Exit · receive and use the response,,,screen,,,Explain why a thin barrier speeds diffusion.
LAUNCH__SCI_L_W4L1_Diffusion_Introduce.html,print,print pack,route,Supported,print,,,◆ Complete high→low diagram and test one variable.
LAUNCH__SCI_L_W4L1_Diffusion_Introduce.html,print,print pack,route,Standard,print,,,▲ Test two variables and explain both patterns.
LAUNCH__SCI_L_W4L1_Diffusion_Introduce.html,print,print pack,route,Stretch,print,,,★ Explain two factors mechanistically and distinguish random from net movement.
LAUNCH__SCI_L_W4L1_Diffusion_Introduce.html,print,print pack,box,,print,,,Name: _______________________________ Date: ______________________
LAUNCH__SCI_L_W4L1_Diffusion_Introduce.html,print,print pack,box,,print,,,"Not here last lesson? Everything you need is in the Retrieval box below — read it, then answer."
LAUNCH__SCI_L_W4L1_Diffusion_Introduce.html,print,print pack,box,,print,,,Learning objective: I can explain diffusion as net movement down a concentration gradient and identify factors affecting rate.
LAUNCH__SCI_L_W4L1_Diffusion_Introduce.html,print,print pack,box,,print,,,Retrieval: W3 cells/membranes and precise GCSE terminology.
LAUNCH__SCI_L_W4L1_Diffusion_Introduce.html,print,print pack,box,,print,,,R1 · Last lesson: Last lesson you solved magnification problems. Why did the units have to match?
LAUNCH__SCI_L_W4L1_Diffusion_Introduce.html,print,print pack,box,,print,,,R2 · Week 3: Week 3: what is the difference between magnification and resolution?
LAUNCH__SCI_L_W4L1_Diffusion_Introduce.html,print,print pack,box,,print,,,R3 · Week 3: Week 3: why do we measure cells in micrometres?
LAUNCH__SCI_L_W4L1_Diffusion_Introduce.html,print,print pack,box,,print,,,Lead-in · Into today: Perfume opened at the front of the room reaches the back with nobody fanning it. How?
LAUNCH__SCI_L_W4L1_Diffusion_Introduce.html,print,print pack,box,,print,,,◆ Complete high→low diagram and test one variable.
LAUNCH__SCI_L_W4L1_Diffusion_Introduce.html,print,print pack,box,,print,,,▲ Test two variables and explain both patterns.
LAUNCH__SCI_L_W4L1_Diffusion_Introduce.html,print,print pack,box,,print,,,★ Explain two factors mechanistically and distinguish random from net movement.
LAUNCH__SCI_L_W4L1_Diffusion_Introduce.html,print,print pack,box,,print,,,Annotated model + variable/pattern/explanation record.
LAUNCH__SCI_L_W4L1_Diffusion_Introduce.html,print,print pack,box,,print,,,Supported: Diffusion moves overall from high to ___.
LAUNCH__SCI_L_W4L1_Diffusion_Introduce.html,print,print pack,box,,print,,,Standard: Name two factors increasing rate.
LAUNCH__SCI_L_W4L1_Diffusion_Introduce.html,print,print pack,box,,print,,,Stretch: Explain why a thin barrier speeds diffusion.
LAUNCH__SCI_L_W4L1_Diffusion_Introduce.html,print,print pack,box,,print,,,Adult genuinely receives the response. No signature/initial is required.
LAUNCH__SCI_L_W4L1_Diffusion_Introduce.html,print,print pack,box,,print,,,"Closing the loop: this one ends on paper — your own hand, or your words scribed by an adult. Saying it aloud starts the loop; writing it is what closes it. Pass is always allowed."
LAUNCH__SCI_L_W4L1_Diffusion_Introduce.html,print,print pack,box,,print,,,"What I said, and what it changed:"
LAUNCH__SCI_L_W4L1_Diffusion_Introduce.html,print,print pack,box,,print,,,"Pearson Edexcel GCSE (9–1) Biology 1BI0 (Foundation, grades 1–5); GCSE Combined Science 1SC0 F where appropriate; AQA UAS science units Records what was observed, and at which level of independence."
LAUNCH__SCI_L_W4L1_Diffusion_Introduce.html,print,print pack,box,,print,,,Observed in this lesson
LAUNCH__SCI_L_W4L1_Diffusion_Introduce.html,print,print pack,box,,print,,,☐ Defined diffusion using 'net movement' and 'concentration gradient'.
LAUNCH__SCI_L_W4L1_Diffusion_Introduce.html,print,print pack,box,,print,,,☐ Named three factors affecting rate.
LAUNCH__SCI_L_W4L1_Diffusion_Introduce.html,print,print pack,box,,print,,,☐ Applied diffusion to gas exchange in the alveoli.
LAUNCH__SCI_L_W4L1_Diffusion_Introduce.html,print,print pack,box,,print,,,Assessor comment
LAUNCH__SCI_L_W4L1_Diffusion_Introduce.html,print,print pack,box,,print,,,Ring the tier the pupil actually worked at
LAUNCH__SCI_L_W4L1_Diffusion_Introduce.html,print,print pack,box,,print,,,Assessor name ______________ Role ____________ Signature ______________ Date ________
LAUNCH__SCI_L_W4L2_Diffusion_Lungs_Explore.html,arrival,🚪 Arrival · previous learning,arrival,Supported,screen,,,Point to the crowded side of the diagram.
LAUNCH__SCI_L_W4L2_Diffusion_Lungs_Explore.html,arrival,🚪 Arrival · previous learning,arrival,Supported,screen,,,Say what a microscope helps you see.
LAUNCH__SCI_L_W4L2_Diffusion_Lungs_Explore.html,arrival,🚪 Arrival · previous learning,arrival,Supported,screen,,,Point to the eyepiece.
LAUNCH__SCI_L_W4L2_Diffusion_Lungs_Explore.html,arrival,🚪 Arrival · previous learning,arrival,Supported,screen,,,Look at the lung diagram. Point to the air sacs.
LAUNCH__SCI_L_W4L2_Diffusion_Lungs_Explore.html,arrival,🚪 Arrival · previous learning,arrival,Standard,screen,,,Last lesson you defined diffusion. Which way is the net movement?
LAUNCH__SCI_L_W4L2_Diffusion_Lungs_Explore.html,arrival,🚪 Arrival · previous learning,arrival,Standard,screen,,,Week 3: why do we measure cells in micrometres?
LAUNCH__SCI_L_W4L2_Diffusion_Lungs_Explore.html,arrival,🚪 Arrival · previous learning,arrival,Standard,screen,,,Week 3: what is the difference between magnification and resolution?
LAUNCH__SCI_L_W4L2_Diffusion_Lungs_Explore.html,arrival,🚪 Arrival · previous learning,arrival,Standard,screen,,,Your lungs hold millions of tiny air sacs instead of two big bags. Why so many small ones?
LAUNCH__SCI_L_W4L2_Diffusion_Lungs_Explore.html,arrival,🚪 Arrival · previous learning,arrival,Stretch,screen,,,"Last lesson: name two factors that change how fast diffusion happens, and say why."
LAUNCH__SCI_L_W4L2_Diffusion_Lungs_Explore.html,arrival,🚪 Arrival · previous learning,arrival,Stretch,screen,,,Week 3: explain how a microscope let biologists see the structures we are about to explain.
LAUNCH__SCI_L_W4L2_Diffusion_Lungs_Explore.html,arrival,🚪 Arrival · previous learning,arrival,Stretch,screen,,,"Week 3: resolution decides what detail you can report, not magnification. Explain why."
LAUNCH__SCI_L_W4L2_Diffusion_Lungs_Explore.html,arrival,🚪 Arrival · previous learning,arrival,Stretch,screen,,,"Predict which features of an exchange surface would make diffusion fastest, and say why for each."
LAUNCH__SCI_L_W4L2_Diffusion_Lungs_Explore.html,arrival,🚪 Arrival · previous learning,,,screen,,,Point to the crowded side of the diagram.
LAUNCH__SCI_L_W4L2_Diffusion_Lungs_Explore.html,arrival,🚪 Arrival · previous learning,,,screen,,,Say what a microscope helps you see.
LAUNCH__SCI_L_W4L2_Diffusion_Lungs_Explore.html,arrival,🚪 Arrival · previous learning,,,screen,,,Point to the eyepiece.
LAUNCH__SCI_L_W4L2_Diffusion_Lungs_Explore.html,arrival,🚪 Arrival · previous learning,,,screen,,,Look at the lung diagram. Point to the air sacs.
LAUNCH__SCI_L_W4L2_Diffusion_Lungs_Explore.html,arrival,🚪 Arrival · previous learning,,,screen,,,Last lesson you defined diffusion. Which way is the net movement?
LAUNCH__SCI_L_W4L2_Diffusion_Lungs_Explore.html,arrival,🚪 Arrival · previous learning,,,screen,,,Week 3: why do we measure cells in micrometres?
LAUNCH__SCI_L_W4L2_Diffusion_Lungs_Explore.html,arrival,🚪 Arrival · previous learning,,,screen,,,Week 3: what is the difference between magnification and resolution?
LAUNCH__SCI_L_W4L2_Diffusion_Lungs_Explore.html,arrival,🚪 Arrival · previous learning,,,screen,,,Your lungs hold millions of tiny air sacs instead of two big bags. Why so many small ones?
LAUNCH__SCI_L_W4L2_Diffusion_Lungs_Explore.html,arrival,🚪 Arrival · previous learning,,,screen,,,"Last lesson: name two factors that change how fast diffusion happens, and say why."
LAUNCH__SCI_L_W4L2_Diffusion_Lungs_Explore.html,arrival,🚪 Arrival · previous learning,,,screen,,,Week 3: explain how a microscope let biologists see the structures we are about to explain.
LAUNCH__SCI_L_W4L2_Diffusion_Lungs_Explore.html,arrival,🚪 Arrival · previous learning,,,screen,,,"Week 3: resolution decides what detail you can report, not magnification. Explain why."
LAUNCH__SCI_L_W4L2_Diffusion_Lungs_Explore.html,arrival,🚪 Arrival · previous learning,,,screen,,,"Predict which features of an exchange surface would make diffusion fastest, and say why for each."
LAUNCH__SCI_L_W4L2_Diffusion_Lungs_Explore.html,starter,🌱 Starter · observe / predict,,,screen,,,"An alveolus is tiny, thin and wrapped in capillaries. Why spend so much structure on making gas exchange fast?"
LAUNCH__SCI_L_W4L2_Diffusion_Lungs_Explore.html,independent,✏️ Independent · evidence & transfer,,,screen,,,Pick one route. Do the practical. Or use the diagram and data. Write your prediction first. Write what you saw. Then explain it. Link your evidence to diffusion. And to alveolus structure.
LAUNCH__SCI_L_W4L2_Diffusion_Lungs_Explore.html,independent,✏️ Independent · evidence & transfer,,,screen,,,◆ Label the adaptations. You get limewater observations. Say what they show. 🧰 Scaffold Adaptation → diffusion factor matching. Fade: remove the first prompt that no longer changes success.
LAUNCH__SCI_L_W4L2_Diffusion_Lungs_Explore.html,independent,✏️ Independent · evidence & transfer,,,screen,,,▲ Watch or run the safe demo. Record the result. Explain two adaptations. 🧰 Scaffold Result → conclusion → diffusion reason. Fade: remove the first prompt that no longer changes success.
LAUNCH__SCI_L_W4L2_Diffusion_Lungs_Explore.html,independent,✏️ Independent · evidence & transfer,,,screen,,,★ Explain the adaptations. Find one limit in the method. Evaluate it. 🧰 Scaffold Judge the evidence first. Then give the biological explanation. Keep them apart. Fade: remove the first prompt that no longer changes success.
LAUNCH__SCI_L_W4L2_Diffusion_Lungs_Explore.html,exit,🎫 Exit · receive and use the response,exit,Supported,screen,,,Which gas diffuses into blood?
LAUNCH__SCI_L_W4L2_Diffusion_Lungs_Explore.html,exit,🎫 Exit · receive and use the response,exit,Standard,screen,,,Explain one alveolus adaptation.
LAUNCH__SCI_L_W4L2_Diffusion_Lungs_Explore.html,exit,🎫 Exit · receive and use the response,exit,Stretch,screen,,,Explain how thin wall and blood flow work together.
LAUNCH__SCI_L_W4L2_Diffusion_Lungs_Explore.html,exit,🎫 Exit · receive and use the response,,,screen,,,Which gas diffuses into blood?
LAUNCH__SCI_L_W4L2_Diffusion_Lungs_Explore.html,exit,🎫 Exit · receive and use the response,,,screen,,,Explain one alveolus adaptation.
LAUNCH__SCI_L_W4L2_Diffusion_Lungs_Explore.html,exit,🎫 Exit · receive and use the response,,,screen,,,Explain how thin wall and blood flow work together.
LAUNCH__SCI_L_W4L2_Diffusion_Lungs_Explore.html,print,print pack,route,Supported,print,,,◆ Label adaptations and interpret provided limewater observations.
LAUNCH__SCI_L_W4L2_Diffusion_Lungs_Explore.html,print,print pack,route,Standard,print,,,"▲ Observe/run safe demo, record result and explain two adaptations."
LAUNCH__SCI_L_W4L2_Diffusion_Lungs_Explore.html,print,print pack,route,Stretch,print,,,★ Explain adaptations and evaluate one method limitation.
LAUNCH__SCI_L_W4L2_Diffusion_Lungs_Explore.html,print,print pack,box,,print,,,Name: _______________________________ Date: ______________________
LAUNCH__SCI_L_W4L2_Diffusion_Lungs_Explore.html,print,print pack,box,,print,,,"Not here last lesson? Everything you need is in the Retrieval box below — read it, then answer."
LAUNCH__SCI_L_W4L2_Diffusion_Lungs_Explore.html,print,print pack,box,,print,,,Learning objective: I can apply diffusion to alveoli and use evidence to explain rapid gas exchange.
LAUNCH__SCI_L_W4L2_Diffusion_Lungs_Explore.html,print,print pack,box,,print,,,Retrieval: W4L1 definition and rate factors. Diffusion is the net movement of particles from higher to lower concentration.
LAUNCH__SCI_L_W4L2_Diffusion_Lungs_Explore.html,print,print pack,box,,print,,,R1 · Last lesson: Last lesson you defined diffusion. Which way is the net movement?
LAUNCH__SCI_L_W4L2_Diffusion_Lungs_Explore.html,print,print pack,box,,print,,,R2 · Week 3: Week 3: why do we measure cells in micrometres?
LAUNCH__SCI_L_W4L2_Diffusion_Lungs_Explore.html,print,print pack,box,,print,,,R3 · Week 3: Week 3: what is the difference between magnification and resolution?
LAUNCH__SCI_L_W4L2_Diffusion_Lungs_Explore.html,print,print pack,box,,print,,,Lead-in · Into today: Your lungs hold millions of tiny air sacs instead of two big bags. Why so many small ones?
LAUNCH__SCI_L_W4L2_Diffusion_Lungs_Explore.html,print,print pack,box,,print,,,◆ Label adaptations and interpret provided limewater observations.
LAUNCH__SCI_L_W4L2_Diffusion_Lungs_Explore.html,print,print pack,box,,print,,,"▲ Observe/run safe demo, record result and explain two adaptations."
LAUNCH__SCI_L_W4L2_Diffusion_Lungs_Explore.html,print,print pack,box,,print,,,★ Explain adaptations and evaluate one method limitation.
LAUNCH__SCI_L_W4L2_Diffusion_Lungs_Explore.html,print,print pack,box,,print,,,Annotated alveolus + result/observation + pupil explanation.
LAUNCH__SCI_L_W4L2_Diffusion_Lungs_Explore.html,print,print pack,box,,print,,,Supported: Which gas diffuses into blood?
LAUNCH__SCI_L_W4L2_Diffusion_Lungs_Explore.html,print,print pack,box,,print,,,Standard: Explain one alveolus adaptation.
LAUNCH__SCI_L_W4L2_Diffusion_Lungs_Explore.html,print,print pack,box,,print,,,Stretch: Explain how thin wall and blood flow work together.
LAUNCH__SCI_L_W4L2_Diffusion_Lungs_Explore.html,print,print pack,box,,print,,,Adult genuinely receives the response. No signature/initial is required.
LAUNCH__SCI_L_W4L2_Diffusion_Lungs_Explore.html,print,print pack,box,,print,,,"Closing the loop: this one ends on paper — your own hand, or your words scribed by an adult. Saying it aloud starts the loop; writing it is what closes it. Pass is always allowed."
LAUNCH__SCI_L_W4L2_Diffusion_Lungs_Explore.html,print,print pack,box,,print,,,"What I said, and what it changed:"
LAUNCH__SCI_L_W4L2_Diffusion_Lungs_Explore.html,print,print pack,box,,print,,,"Pearson Edexcel GCSE (9–1) Biology 1BI0 (Foundation, grades 1–5); GCSE Combined Science 1SC0 F where appropriate; AQA UAS science units Records what was observed, and at which level of independence."
LAUNCH__SCI_L_W4L2_Diffusion_Lungs_Explore.html,print,print pack,box,,print,,,Observed in this lesson
LAUNCH__SCI_L_W4L2_Diffusion_Lungs_Explore.html,print,print pack,box,,print,,,☐ Linked three alveolus adaptations to diffusion.
LAUNCH__SCI_L_W4L2_Diffusion_Lungs_Explore.html,print,print pack,box,,print,,,"☐ Predicted, ran and recorded the limewater test."
LAUNCH__SCI_L_W4L2_Diffusion_Lungs_Explore.html,print,print pack,box,,print,,,☐ Concluded that breathed-out air has more carbon dioxide.
LAUNCH__SCI_L_W4L2_Diffusion_Lungs_Explore.html,print,print pack,box,,print,,,Assessor comment
LAUNCH__SCI_L_W4L2_Diffusion_Lungs_Explore.html,print,print pack,box,,print,,,Ring the tier the pupil actually worked at
LAUNCH__SCI_L_W4L2_Diffusion_Lungs_Explore.html,print,print pack,box,,print,,,Assessor name ______________ Role ____________ Signature ______________ Date ________
LAUNCH__SCI_L_W4L3_Diffusion_Explanation_Do.html,arrival,🚪 Arrival · previous learning,arrival,Supported,screen,,,Point to the air sac on the diagram.
LAUNCH__SCI_L_W4L3_Diffusion_Explanation_Do.html,arrival,🚪 Arrival · previous learning,arrival,Supported,screen,,,Say which way particles move overall in diffusion.
LAUNCH__SCI_L_W4L3_Diffusion_Explanation_Do.html,arrival,🚪 Arrival · previous learning,arrival,Supported,screen,,,Point to something too small to see without a microscope.
LAUNCH__SCI_L_W4L3_Diffusion_Explanation_Do.html,arrival,🚪 Arrival · previous learning,arrival,Supported,screen,,,Today you write the explanation. Point to the first sentence starter.
LAUNCH__SCI_L_W4L3_Diffusion_Explanation_Do.html,arrival,🚪 Arrival · previous learning,arrival,Standard,screen,,,Last lesson you applied diffusion to the lungs. Name one adaptation and what it does.
LAUNCH__SCI_L_W4L3_Diffusion_Explanation_Do.html,arrival,🚪 Arrival · previous learning,arrival,Standard,screen,,,Week 4: define diffusion using the words net movement and gradient.
LAUNCH__SCI_L_W4L3_Diffusion_Explanation_Do.html,arrival,🚪 Arrival · previous learning,arrival,Standard,screen,,,Week 3: why are cells measured in micrometres?
LAUNCH__SCI_L_W4L3_Diffusion_Explanation_Do.html,arrival,🚪 Arrival · previous learning,arrival,Standard,screen,,,Today you build a full explanation. What has to be in it besides the word diffusion?
LAUNCH__SCI_L_W4L3_Diffusion_Explanation_Do.html,arrival,🚪 Arrival · previous learning,arrival,Stretch,screen,,,Last lesson: explain how three alveolar adaptations act together on the rate.
LAUNCH__SCI_L_W4L3_Diffusion_Explanation_Do.html,arrival,🚪 Arrival · previous learning,arrival,Stretch,screen,,,Week 4: explain why diffusion needs no energy from the cell.
LAUNCH__SCI_L_W4L3_Diffusion_Explanation_Do.html,arrival,🚪 Arrival · previous learning,arrival,Stretch,screen,,,Week 3: explain why small size and short distances matter for exchange.
LAUNCH__SCI_L_W4L3_Diffusion_Explanation_Do.html,arrival,🚪 Arrival · previous learning,arrival,Stretch,screen,,,An explanation that names a process but never links it to evidence is incomplete. Say what is missing.
LAUNCH__SCI_L_W4L3_Diffusion_Explanation_Do.html,arrival,🚪 Arrival · previous learning,,,screen,,,Point to the air sac on the diagram.
LAUNCH__SCI_L_W4L3_Diffusion_Explanation_Do.html,arrival,🚪 Arrival · previous learning,,,screen,,,Say which way particles move overall in diffusion.
LAUNCH__SCI_L_W4L3_Diffusion_Explanation_Do.html,arrival,🚪 Arrival · previous learning,,,screen,,,Point to something too small to see without a microscope.
LAUNCH__SCI_L_W4L3_Diffusion_Explanation_Do.html,arrival,🚪 Arrival · previous learning,,,screen,,,Today you write the explanation. Point to the first sentence starter.
LAUNCH__SCI_L_W4L3_Diffusion_Explanation_Do.html,arrival,🚪 Arrival · previous learning,,,screen,,,Last lesson you applied diffusion to the lungs. Name one adaptation and what it does.
LAUNCH__SCI_L_W4L3_Diffusion_Explanation_Do.html,arrival,🚪 Arrival · previous learning,,,screen,,,Week 4: define diffusion using the words net movement and gradient.
LAUNCH__SCI_L_W4L3_Diffusion_Explanation_Do.html,arrival,🚪 Arrival · previous learning,,,screen,,,Week 3: why are cells measured in micrometres?
LAUNCH__SCI_L_W4L3_Diffusion_Explanation_Do.html,arrival,🚪 Arrival · previous learning,,,screen,,,Today you build a full explanation. What has to be in it besides the word diffusion?
LAUNCH__SCI_L_W4L3_Diffusion_Explanation_Do.html,arrival,🚪 Arrival · previous learning,,,screen,,,Last lesson: explain how three alveolar adaptations act together on the rate.
LAUNCH__SCI_L_W4L3_Diffusion_Explanation_Do.html,arrival,🚪 Arrival · previous learning,,,screen,,,Week 4: explain why diffusion needs no energy from the cell.
LAUNCH__SCI_L_W4L3_Diffusion_Explanation_Do.html,arrival,🚪 Arrival · previous learning,,,screen,,,Week 3: explain why small size and short distances matter for exchange.
LAUNCH__SCI_L_W4L3_Diffusion_Explanation_Do.html,arrival,🚪 Arrival · previous learning,,,screen,,,An explanation that names a process but never links it to evidence is incomplete. Say what is missing.
LAUNCH__SCI_L_W4L3_Diffusion_Explanation_Do.html,starter,🌱 Starter · observe / predict,,,screen,,,‘Explain why oxygen enters blood quickly.’ Why is ‘It diffuses’ not enough?
LAUNCH__SCI_L_W4L3_Diffusion_Explanation_Do.html,independent,✏️ Independent · evidence & transfer,,,screen,,,Answer the mixed questions. Some say describe. Some say explain. Some say apply. Pick one answer. Read the model. Compare the two. Make one clear edit. Say why it improved.
LAUNCH__SCI_L_W4L3_Diffusion_Explanation_Do.html,independent,✏️ Independent · evidence & transfer,,,screen,,,◆ Four questions. Each has a prompt. It names the command word. 🧰 Scaffold What happens? → why? → factor/adaptation. Fade: remove the first prompt that no longer changes success.
LAUNCH__SCI_L_W4L3_Diffusion_Explanation_Do.html,independent,✏️ Independent · evidence & transfer,,,screen,,,▲ Six mixed questions. One is new. It uses a new context. 🧰 Scaffold Highlight the command word. Then the technical terms. Fade: remove the first prompt that no longer changes success.
LAUNCH__SCI_L_W4L3_Diffusion_Explanation_Do.html,independent,✏️ Independent · evidence & transfer,,,screen,,,★ Six questions. Then one more. Evaluate a damaged exchange surface. 🧰 Scaffold Be precise. Extra detail is off the point. It does not help. Fade: remove the first prompt that no longer changes success.
LAUNCH__SCI_L_W4L3_Diffusion_Explanation_Do.html,exit,🎫 Exit · receive and use the response,exit,Supported,screen,,,What does explain need that describe does not?
LAUNCH__SCI_L_W4L3_Diffusion_Explanation_Do.html,exit,🎫 Exit · receive and use the response,exit,Standard,screen,,,Give one causal O₂ diffusion sentence.
LAUNCH__SCI_L_W4L3_Diffusion_Explanation_Do.html,exit,🎫 Exit · receive and use the response,exit,Stretch,screen,,,Explain effect of reduced surface area.
LAUNCH__SCI_L_W4L3_Diffusion_Explanation_Do.html,exit,🎫 Exit · receive and use the response,,,screen,,,What does explain need that describe does not?
LAUNCH__SCI_L_W4L3_Diffusion_Explanation_Do.html,exit,🎫 Exit · receive and use the response,,,screen,,,Give one causal O₂ diffusion sentence.
LAUNCH__SCI_L_W4L3_Diffusion_Explanation_Do.html,exit,🎫 Exit · receive and use the response,,,screen,,,Explain effect of reduced surface area.
LAUNCH__SCI_L_W4L3_Diffusion_Explanation_Do.html,print,print pack,route,Supported,print,,,◆ Four questions with command-word prompts.
LAUNCH__SCI_L_W4L3_Diffusion_Explanation_Do.html,print,print pack,route,Standard,print,,,▲ Six mixed questions including unfamiliar context.
LAUNCH__SCI_L_W4L3_Diffusion_Explanation_Do.html,print,print pack,route,Stretch,print,,,★ Six plus evaluation of damaged exchange surface.
LAUNCH__SCI_L_W4L3_Diffusion_Explanation_Do.html,print,print pack,box,,print,,,Name: _______________________________ Date: ______________________
LAUNCH__SCI_L_W4L3_Diffusion_Explanation_Do.html,print,print pack,box,,print,,,"Not here last lesson? Everything you need is in the Retrieval box below — read it, then answer."
LAUNCH__SCI_L_W4L3_Diffusion_Explanation_Do.html,print,print pack,box,,print,,,"Learning objective: I can construct GCSE diffusion explanations linking direction, gradient and adaptations."
LAUNCH__SCI_L_W4L3_Diffusion_Explanation_Do.html,print,print pack,box,,print,,,"Retrieval: W4L1–2 definition, factors, gas exchange and evidence."
LAUNCH__SCI_L_W4L3_Diffusion_Explanation_Do.html,print,print pack,box,,print,,,R1 · Last lesson: Last lesson you applied diffusion to the lungs. Name one adaptation and what it does.
LAUNCH__SCI_L_W4L3_Diffusion_Explanation_Do.html,print,print pack,box,,print,,,R2 · Week 4 · lesson 1: Week 4: define diffusion using the words net movement and gradient.
LAUNCH__SCI_L_W4L3_Diffusion_Explanation_Do.html,print,print pack,box,,print,,,R3 · Week 3: Week 3: why are cells measured in micrometres?
LAUNCH__SCI_L_W4L3_Diffusion_Explanation_Do.html,print,print pack,box,,print,,,Lead-in · Into today: Today you build a full explanation. What has to be in it besides the word diffusion?
LAUNCH__SCI_L_W4L3_Diffusion_Explanation_Do.html,print,print pack,box,,print,,,◆ Four questions with command-word prompts.
LAUNCH__SCI_L_W4L3_Diffusion_Explanation_Do.html,print,print pack,box,,print,,,▲ Six mixed questions including unfamiliar context.
LAUNCH__SCI_L_W4L3_Diffusion_Explanation_Do.html,print,print pack,box,,print,,,★ Six plus evaluation of damaged exchange surface.
LAUNCH__SCI_L_W4L3_Diffusion_Explanation_Do.html,print,print pack,box,,print,,,Independent answers + one self-edit/re-attempt + adult Audience.
LAUNCH__SCI_L_W4L3_Diffusion_Explanation_Do.html,print,print pack,box,,print,,,Supported: What does explain need that describe does not?
LAUNCH__SCI_L_W4L3_Diffusion_Explanation_Do.html,print,print pack,box,,print,,,Standard: Give one causal O₂ diffusion sentence.
LAUNCH__SCI_L_W4L3_Diffusion_Explanation_Do.html,print,print pack,box,,print,,,Stretch: Explain effect of reduced surface area.
LAUNCH__SCI_L_W4L3_Diffusion_Explanation_Do.html,print,print pack,box,,print,,,Adult genuinely receives the response. No signature/initial is required.
LAUNCH__SCI_L_W4L3_Diffusion_Explanation_Do.html,print,print pack,box,,print,,,"Closing the loop: this one ends on paper — your own hand, or your words scribed by an adult. Saying it aloud starts the loop; writing it is what closes it. Pass is always allowed."
LAUNCH__SCI_L_W4L3_Diffusion_Explanation_Do.html,print,print pack,box,,print,,,"What I said, and what it changed:"
LAUNCH__SCI_L_W4L3_Diffusion_Explanation_Do.html,print,print pack,box,,print,,,"Pearson Edexcel GCSE (9–1) Biology 1BI0 (Foundation, grades 1–5); GCSE Combined Science 1SC0 F where appropriate; AQA UAS science units Records what was observed, and at which level of independence."
LAUNCH__SCI_L_W4L3_Diffusion_Explanation_Do.html,print,print pack,box,,print,,,Observed in this lesson
LAUNCH__SCI_L_W4L3_Diffusion_Explanation_Do.html,print,print pack,box,,print,,,☐ Distinguished describe from explain.
LAUNCH__SCI_L_W4L3_Diffusion_Explanation_Do.html,print,print pack,box,,print,,,☐ Matched the number of points to the marks.
LAUNCH__SCI_L_W4L3_Diffusion_Explanation_Do.html,print,print pack,box,,print,,,"☐ Built a full explain answer: direction, reason, adaptation."
LAUNCH__SCI_L_W4L3_Diffusion_Explanation_Do.html,print,print pack,box,,print,,,Assessor comment
LAUNCH__SCI_L_W4L3_Diffusion_Explanation_Do.html,print,print pack,box,,print,,,Ring the tier the pupil actually worked at
LAUNCH__SCI_L_W4L3_Diffusion_Explanation_Do.html,print,print pack,box,,print,,,Assessor name ______________ Role ____________ Signature ______________ Date ________
LAUNCH__SCI_L_W5L1_Osmosis_Introduce.html,arrival,🚪 Arrival · previous learning,arrival,Supported,screen,,,Point to the word diffusion on the card.
LAUNCH__SCI_L_W5L1_Osmosis_Introduce.html,arrival,🚪 Arrival · previous learning,arrival,Supported,screen,,,Say which way particles spread.
LAUNCH__SCI_L_W5L1_Osmosis_Introduce.html,arrival,🚪 Arrival · previous learning,arrival,Supported,screen,,,Point to the lens you look through.
LAUNCH__SCI_L_W5L1_Osmosis_Introduce.html,arrival,🚪 Arrival · previous learning,arrival,Supported,screen,,,Look at the two sides of the bag. Point to the side with more water.
LAUNCH__SCI_L_W5L1_Osmosis_Introduce.html,arrival,🚪 Arrival · previous learning,arrival,Standard,screen,,,Last lesson you wrote diffusion explanations. What must a good explanation link?
LAUNCH__SCI_L_W5L1_Osmosis_Introduce.html,arrival,🚪 Arrival · previous learning,arrival,Standard,screen,,,"Week 4: define diffusion, and name one factor that changes its rate."
LAUNCH__SCI_L_W5L1_Osmosis_Introduce.html,arrival,🚪 Arrival · previous learning,arrival,Standard,screen,,,Week 3: what does resolution mean?
LAUNCH__SCI_L_W5L1_Osmosis_Introduce.html,arrival,🚪 Arrival · previous learning,arrival,Standard,screen,,,A membrane lets water through but blocks sugar. Predict which way the water moves.
LAUNCH__SCI_L_W5L1_Osmosis_Introduce.html,arrival,🚪 Arrival · previous learning,arrival,Stretch,screen,,,"Last lesson: an answer needs direction, gradient and adaptation. Explain how they combine."
LAUNCH__SCI_L_W5L1_Osmosis_Introduce.html,arrival,🚪 Arrival · previous learning,arrival,Stretch,screen,,,"Week 4: explain why a thin, large exchange surface speeds diffusion up."
LAUNCH__SCI_L_W5L1_Osmosis_Introduce.html,arrival,🚪 Arrival · previous learning,arrival,Stretch,screen,,,Week 3: explain why we needed microscopy before we could explain membranes at all.
LAUNCH__SCI_L_W5L1_Osmosis_Introduce.html,arrival,🚪 Arrival · previous learning,arrival,Stretch,screen,,,"If only water can cross, explain what happens to the concentrations on both sides over time."
LAUNCH__SCI_L_W5L1_Osmosis_Introduce.html,arrival,🚪 Arrival · previous learning,,,screen,,,Point to the word diffusion on the card.
LAUNCH__SCI_L_W5L1_Osmosis_Introduce.html,arrival,🚪 Arrival · previous learning,,,screen,,,Say which way particles spread.
LAUNCH__SCI_L_W5L1_Osmosis_Introduce.html,arrival,🚪 Arrival · previous learning,,,screen,,,Point to the lens you look through.
LAUNCH__SCI_L_W5L1_Osmosis_Introduce.html,arrival,🚪 Arrival · previous learning,,,screen,,,Look at the two sides of the bag. Point to the side with more water.
LAUNCH__SCI_L_W5L1_Osmosis_Introduce.html,arrival,🚪 Arrival · previous learning,,,screen,,,Last lesson you wrote diffusion explanations. What must a good explanation link?
LAUNCH__SCI_L_W5L1_Osmosis_Introduce.html,arrival,🚪 Arrival · previous learning,,,screen,,,"Week 4: define diffusion, and name one factor that changes its rate."
LAUNCH__SCI_L_W5L1_Osmosis_Introduce.html,arrival,🚪 Arrival · previous learning,,,screen,,,Week 3: what does resolution mean?
LAUNCH__SCI_L_W5L1_Osmosis_Introduce.html,arrival,🚪 Arrival · previous learning,,,screen,,,A membrane lets water through but blocks sugar. Predict which way the water moves.
LAUNCH__SCI_L_W5L1_Osmosis_Introduce.html,arrival,🚪 Arrival · previous learning,,,screen,,,"Last lesson: an answer needs direction, gradient and adaptation. Explain how they combine."
LAUNCH__SCI_L_W5L1_Osmosis_Introduce.html,arrival,🚪 Arrival · previous learning,,,screen,,,"Week 4: explain why a thin, large exchange surface speeds diffusion up."
LAUNCH__SCI_L_W5L1_Osmosis_Introduce.html,arrival,🚪 Arrival · previous learning,,,screen,,,Week 3: explain why we needed microscopy before we could explain membranes at all.
LAUNCH__SCI_L_W5L1_Osmosis_Introduce.html,arrival,🚪 Arrival · previous learning,,,screen,,,"If only water can cross, explain what happens to the concentrations on both sides over time."
LAUNCH__SCI_L_W5L1_Osmosis_Introduce.html,starter,🌱 Starter · observe / predict,,,screen,,,"A membrane lets water through but blocks sugar. If one side has more water and one less, which substance can change sides?"
LAUNCH__SCI_L_W5L1_Osmosis_Introduce.html,independent,✏️ Independent · evidence & transfer,,,screen,,,Look at both scenarios. Label each one. Then use the membrane model. Which way does water move? Predict it. Write the full definition. Then explain one result.
LAUNCH__SCI_L_W5L1_Osmosis_Introduce.html,independent,✏️ Independent · evidence & transfer,,,screen,,,◆ Label the dilute side. Then the concentrated side. Complete the definition. 🧰 Scaffold Use the four key phrases. Tick each one. Fade: remove the first prompt that no longer changes success.
LAUNCH__SCI_L_W5L1_Osmosis_Introduce.html,independent,✏️ Independent · evidence & transfer,,,screen,,,▲ Write the definition. Do it alone. Then explain two diagrams. 🧰 Scaffold Describe both sides. Then give the direction. Fade: remove the first prompt that no longer changes success.
LAUNCH__SCI_L_W5L1_Osmosis_Introduce.html,independent,✏️ Independent · evidence & transfer,,,screen,,,★ Compare osmosis and diffusion. Say what is the same. Then what differs. 🧰 Scaffold Say net movement. Say membrane selectivity. Be precise. Fade: remove the first prompt that no longer changes success.
LAUNCH__SCI_L_W5L1_Osmosis_Introduce.html,exit,🎫 Exit · receive and use the response,exit,Supported,screen,,,Osmosis is movement of ___.
LAUNCH__SCI_L_W5L1_Osmosis_Introduce.html,exit,🎫 Exit · receive and use the response,exit,Standard,screen,,,Why does sugar not cross?
LAUNCH__SCI_L_W5L1_Osmosis_Introduce.html,exit,🎫 Exit · receive and use the response,exit,Stretch,screen,,,Why is osmosis a special case of diffusion?
LAUNCH__SCI_L_W5L1_Osmosis_Introduce.html,exit,🎫 Exit · receive and use the response,,,screen,,,Osmosis is movement of ___.
LAUNCH__SCI_L_W5L1_Osmosis_Introduce.html,exit,🎫 Exit · receive and use the response,,,screen,,,Why does sugar not cross?
LAUNCH__SCI_L_W5L1_Osmosis_Introduce.html,exit,🎫 Exit · receive and use the response,,,screen,,,Why is osmosis a special case of diffusion?
LAUNCH__SCI_L_W5L1_Osmosis_Introduce.html,print,print pack,route,Supported,print,,,◆ Label dilute/concentrated and complete definition.
LAUNCH__SCI_L_W5L1_Osmosis_Introduce.html,print,print pack,route,Standard,print,,,▲ Write definition unaided and explain two diagrams.
LAUNCH__SCI_L_W5L1_Osmosis_Introduce.html,print,print pack,route,Stretch,print,,,★ Compare osmosis and diffusion with similarities/differences.
LAUNCH__SCI_L_W5L1_Osmosis_Introduce.html,print,print pack,box,,print,,,Name: _______________________________ Date: ______________________
LAUNCH__SCI_L_W5L1_Osmosis_Introduce.html,print,print pack,box,,print,,,"Not here last lesson? Everything you need is in the Retrieval box below — read it, then answer."
LAUNCH__SCI_L_W5L1_Osmosis_Introduce.html,print,print pack,box,,print,,,Learning objective: I can define osmosis and explain how water movement depends on a partially permeable membrane.
LAUNCH__SCI_L_W5L1_Osmosis_Introduce.html,print,print pack,box,,print,,,"Retrieval: W4 diffusion down a gradient with no cell energy. Diffusion is the net movement of particles from higher to lower concentration, down a gradient, with no cell energy."
LAUNCH__SCI_L_W5L1_Osmosis_Introduce.html,print,print pack,box,,print,,,R1 · Last lesson: Last lesson you wrote diffusion explanations. What must a good explanation link?
LAUNCH__SCI_L_W5L1_Osmosis_Introduce.html,print,print pack,box,,print,,,"R2 · Week 4: Week 4: define diffusion, and name one factor that changes its rate."
LAUNCH__SCI_L_W5L1_Osmosis_Introduce.html,print,print pack,box,,print,,,R3 · Week 3: Week 3: what does resolution mean?
LAUNCH__SCI_L_W5L1_Osmosis_Introduce.html,print,print pack,box,,print,,,Lead-in · Into today: A membrane lets water through but blocks sugar. Predict which way the water moves.
LAUNCH__SCI_L_W5L1_Osmosis_Introduce.html,print,print pack,box,,print,,,◆ Label dilute/concentrated and complete definition.
LAUNCH__SCI_L_W5L1_Osmosis_Introduce.html,print,print pack,box,,print,,,▲ Write definition unaided and explain two diagrams.
LAUNCH__SCI_L_W5L1_Osmosis_Introduce.html,print,print pack,box,,print,,,★ Compare osmosis and diffusion with similarities/differences.
LAUNCH__SCI_L_W5L1_Osmosis_Introduce.html,print,print pack,box,,print,,,Annotated scenarios + precise definition + one explanation/re-attempt.
LAUNCH__SCI_L_W5L1_Osmosis_Introduce.html,print,print pack,box,,print,,,Supported: Osmosis is movement of ___.
LAUNCH__SCI_L_W5L1_Osmosis_Introduce.html,print,print pack,box,,print,,,Standard: Why does sugar not cross?
LAUNCH__SCI_L_W5L1_Osmosis_Introduce.html,print,print pack,box,,print,,,Stretch: Why is osmosis a special case of diffusion?
LAUNCH__SCI_L_W5L1_Osmosis_Introduce.html,print,print pack,box,,print,,,Adult genuinely receives the response. No signature/initial is required.
LAUNCH__SCI_L_W5L1_Osmosis_Introduce.html,print,print pack,box,,print,,,"Closing the loop: this one ends on paper — your own hand, or your words scribed by an adult. Saying it aloud starts the loop; writing it is what closes it. Pass is always allowed."
LAUNCH__SCI_L_W5L1_Osmosis_Introduce.html,print,print pack,box,,print,,,"What I said, and what it changed:"
LAUNCH__SCI_L_W5L1_Osmosis_Introduce.html,print,print pack,box,,print,,,"Pearson Edexcel GCSE (9–1) Biology 1BI0 (Foundation, grades 1–5); GCSE Combined Science 1SC0 F where appropriate; AQA UAS science units Records what was observed, and at which level of independence."
LAUNCH__SCI_L_W5L1_Osmosis_Introduce.html,print,print pack,box,,print,,,Observed in this lesson
LAUNCH__SCI_L_W5L1_Osmosis_Introduce.html,print,print pack,box,,print,,,☐ Defined osmosis including 'partially permeable membrane'.
LAUNCH__SCI_L_W5L1_Osmosis_Introduce.html,print,print pack,box,,print,,,☐ Stated water moves from dilute to concentrated.
LAUNCH__SCI_L_W5L1_Osmosis_Introduce.html,print,print pack,box,,print,,,☐ Explained osmosis as a special case of diffusion.
LAUNCH__SCI_L_W5L1_Osmosis_Introduce.html,print,print pack,box,,print,,,Assessor comment
LAUNCH__SCI_L_W5L1_Osmosis_Introduce.html,print,print pack,box,,print,,,Ring the tier the pupil actually worked at
LAUNCH__SCI_L_W5L1_Osmosis_Introduce.html,print,print pack,box,,print,,,Assessor name ______________ Role ____________ Signature ______________ Date ________
LAUNCH__SCI_L_W5L2_Osmosis_Core_Practical_Explore.html,arrival,🚪 Arrival · previous learning,arrival,Supported,screen,,,Point to the membrane in the diagram.
LAUNCH__SCI_L_W5L2_Osmosis_Core_Practical_Explore.html,arrival,🚪 Arrival · previous learning,arrival,Supported,screen,,,Say which way particles spread in diffusion.
LAUNCH__SCI_L_W5L2_Osmosis_Core_Practical_Explore.html,arrival,🚪 Arrival · previous learning,arrival,Supported,screen,,,Point to the millimetre marks on the ruler.
LAUNCH__SCI_L_W5L2_Osmosis_Core_Practical_Explore.html,arrival,🚪 Arrival · previous learning,arrival,Supported,screen,,,You will weigh potato pieces today. Point to the balance.
LAUNCH__SCI_L_W5L2_Osmosis_Core_Practical_Explore.html,arrival,🚪 Arrival · previous learning,arrival,Standard,screen,,,"Last lesson you defined osmosis. Which way does water move, and what must the membrane be?"
LAUNCH__SCI_L_W5L2_Osmosis_Core_Practical_Explore.html,arrival,🚪 Arrival · previous learning,arrival,Standard,screen,,,Week 4: what is the difference between diffusion and osmosis?
LAUNCH__SCI_L_W5L2_Osmosis_Core_Practical_Explore.html,arrival,🚪 Arrival · previous learning,arrival,Standard,screen,,,Week 3: why must units match before you calculate?
LAUNCH__SCI_L_W5L2_Osmosis_Core_Practical_Explore.html,arrival,🚪 Arrival · previous learning,arrival,Standard,screen,,,Today you measure mass before and after. Why would we use percentage change rather than grams?
LAUNCH__SCI_L_W5L2_Osmosis_Core_Practical_Explore.html,arrival,🚪 Arrival · previous learning,arrival,Stretch,screen,,,Last lesson: explain osmosis. Use the words partially permeable and concentration.
LAUNCH__SCI_L_W5L2_Osmosis_Core_Practical_Explore.html,arrival,🚪 Arrival · previous learning,arrival,Stretch,screen,,,Week 4: explain why osmosis is a special case of diffusion rather than a separate idea.
LAUNCH__SCI_L_W5L2_Osmosis_Core_Practical_Explore.html,arrival,🚪 Arrival · previous learning,arrival,Stretch,screen,,,Week 3: explain why percentage change is used instead of raw mass change.
LAUNCH__SCI_L_W5L2_Osmosis_Core_Practical_Explore.html,arrival,🚪 Arrival · previous learning,arrival,Stretch,screen,,,Different pieces start at different masses. Explain how percentage change makes them comparable.
LAUNCH__SCI_L_W5L2_Osmosis_Core_Practical_Explore.html,arrival,🚪 Arrival · previous learning,,,screen,,,Point to the membrane in the diagram.
LAUNCH__SCI_L_W5L2_Osmosis_Core_Practical_Explore.html,arrival,🚪 Arrival · previous learning,,,screen,,,Say which way particles spread in diffusion.
LAUNCH__SCI_L_W5L2_Osmosis_Core_Practical_Explore.html,arrival,🚪 Arrival · previous learning,,,screen,,,Point to the millimetre marks on the ruler.
LAUNCH__SCI_L_W5L2_Osmosis_Core_Practical_Explore.html,arrival,🚪 Arrival · previous learning,,,screen,,,You will weigh potato pieces today. Point to the balance.
LAUNCH__SCI_L_W5L2_Osmosis_Core_Practical_Explore.html,arrival,🚪 Arrival · previous learning,,,screen,,,"Last lesson you defined osmosis. Which way does water move, and what must the membrane be?"
LAUNCH__SCI_L_W5L2_Osmosis_Core_Practical_Explore.html,arrival,🚪 Arrival · previous learning,,,screen,,,Week 4: what is the difference between diffusion and osmosis?
LAUNCH__SCI_L_W5L2_Osmosis_Core_Practical_Explore.html,arrival,🚪 Arrival · previous learning,,,screen,,,Week 3: why must units match before you calculate?
LAUNCH__SCI_L_W5L2_Osmosis_Core_Practical_Explore.html,arrival,🚪 Arrival · previous learning,,,screen,,,Today you measure mass before and after. Why would we use percentage change rather than grams?
LAUNCH__SCI_L_W5L2_Osmosis_Core_Practical_Explore.html,arrival,🚪 Arrival · previous learning,,,screen,,,Last lesson: explain osmosis. Use the words partially permeable and concentration.
LAUNCH__SCI_L_W5L2_Osmosis_Core_Practical_Explore.html,arrival,🚪 Arrival · previous learning,,,screen,,,Week 4: explain why osmosis is a special case of diffusion rather than a separate idea.
LAUNCH__SCI_L_W5L2_Osmosis_Core_Practical_Explore.html,arrival,🚪 Arrival · previous learning,,,screen,,,Week 3: explain why percentage change is used instead of raw mass change.
LAUNCH__SCI_L_W5L2_Osmosis_Core_Practical_Explore.html,arrival,🚪 Arrival · previous learning,,,screen,,,Different pieces start at different masses. Explain how percentage change makes them comparable.
LAUNCH__SCI_L_W5L2_Osmosis_Core_Practical_Explore.html,starter,🌱 Starter · observe / predict,,,screen,,,"Two identical potato cylinders start equal. One goes in water, one in concentrated sugar. Which result would convince you water moved?"
LAUNCH__SCI_L_W5L2_Osmosis_Core_Practical_Explore.html,independent,✏️ Independent · evidence & transfer,,,screen,,,You have a practical role. Do it. Collect the class data. Use that data. Then calculate the percentage change. Explain one result. Use osmosis.
LAUNCH__SCI_L_W5L2_Osmosis_Core_Practical_Explore.html,independent,✏️ Independent · evidence & transfer,,,screen,,,◆ Two concentrations. The table is pre-drawn. The formula is printed. 🧰 Scaffold Follow the visual method sequence. Then use the calculator template. Fade: remove the first prompt that no longer changes success.
LAUNCH__SCI_L_W5L2_Osmosis_Core_Practical_Explore.html,independent,✏️ Independent · evidence & transfer,,,screen,,,▲ Use the full range. Then work out each percentage change. 🧰 Scaffold Use the controls checklist. Do the % calculation. Sign it plus or minus. Fade: remove the first prompt that no longer changes success.
LAUNCH__SCI_L_W5L2_Osmosis_Core_Practical_Explore.html,independent,✏️ Independent · evidence & transfer,,,screen,,,★ Use the full range. Make the data graph-ready. Predict the no-net-change point. 🧰 Scaffold Get your graph evidence ready. Then estimate the zero point. Fade: remove the first prompt that no longer changes success.
LAUNCH__SCI_L_W5L2_Osmosis_Core_Practical_Explore.html,exit,🎫 Exit · receive and use the response,exit,Supported,screen,,,What does negative % mean?
LAUNCH__SCI_L_W5L2_Osmosis_Core_Practical_Explore.html,exit,🎫 Exit · receive and use the response,exit,Standard,screen,,,Name two controls.
LAUNCH__SCI_L_W5L2_Osmosis_Core_Practical_Explore.html,exit,🎫 Exit · receive and use the response,exit,Stretch,screen,,,Why can inconsistent blotting affect mass?
LAUNCH__SCI_L_W5L2_Osmosis_Core_Practical_Explore.html,exit,🎫 Exit · receive and use the response,,,screen,,,What does negative % mean?
LAUNCH__SCI_L_W5L2_Osmosis_Core_Practical_Explore.html,exit,🎫 Exit · receive and use the response,,,screen,,,Name two controls.
LAUNCH__SCI_L_W5L2_Osmosis_Core_Practical_Explore.html,exit,🎫 Exit · receive and use the response,,,screen,,,Why can inconsistent blotting affect mass?
LAUNCH__SCI_L_W5L2_Osmosis_Core_Practical_Explore.html,print,print pack,route,Supported,print,,,"◆ Two concentrations, pre-drawn table and printed formula."
LAUNCH__SCI_L_W5L2_Osmosis_Core_Practical_Explore.html,print,print pack,route,Standard,print,,,▲ Full range and percentage changes.
LAUNCH__SCI_L_W5L2_Osmosis_Core_Practical_Explore.html,print,print pack,route,Stretch,print,,,★ Full range plus graph-ready data and no-net-change prediction.
LAUNCH__SCI_L_W5L2_Osmosis_Core_Practical_Explore.html,print,print pack,box,,print,,,Name: _______________________________ Date: ______________________
LAUNCH__SCI_L_W5L2_Osmosis_Core_Practical_Explore.html,print,print pack,box,,print,,,"Not here last lesson? Everything you need is in the Retrieval box below — read it, then answer."
LAUNCH__SCI_L_W5L2_Osmosis_Core_Practical_Explore.html,print,print pack,box,,print,,,Learning objective: I can carry out the osmosis core practical and calculate percentage change in mass.
LAUNCH__SCI_L_W5L2_Osmosis_Core_Practical_Explore.html,print,print pack,box,,print,,,Retrieval: W5L1 osmosis definition and water direction. Water moves from a dilute to a more concentrated solution.
LAUNCH__SCI_L_W5L2_Osmosis_Core_Practical_Explore.html,print,print pack,box,,print,,,"R1 · Last lesson: Last lesson you defined osmosis. Which way does water move, and what must the membrane be?"
LAUNCH__SCI_L_W5L2_Osmosis_Core_Practical_Explore.html,print,print pack,box,,print,,,R2 · Week 4: Week 4: what is the difference between diffusion and osmosis?
LAUNCH__SCI_L_W5L2_Osmosis_Core_Practical_Explore.html,print,print pack,box,,print,,,R3 · Week 3: Week 3: why must units match before you calculate?
LAUNCH__SCI_L_W5L2_Osmosis_Core_Practical_Explore.html,print,print pack,box,,print,,,Lead-in · Into today: Today you measure mass before and after. Why would we use percentage change rather than grams?
LAUNCH__SCI_L_W5L2_Osmosis_Core_Practical_Explore.html,print,print pack,box,,print,,,"◆ Two concentrations, pre-drawn table and printed formula."
LAUNCH__SCI_L_W5L2_Osmosis_Core_Practical_Explore.html,print,print pack,box,,print,,,▲ Full range and percentage changes.
LAUNCH__SCI_L_W5L2_Osmosis_Core_Practical_Explore.html,print,print pack,box,,print,,,★ Full range plus graph-ready data and no-net-change prediction.
LAUNCH__SCI_L_W5L2_Osmosis_Core_Practical_Explore.html,print,print pack,box,,print,,,Results table + percentage-change calculations + explanation of gain/loss.
LAUNCH__SCI_L_W5L2_Osmosis_Core_Practical_Explore.html,print,print pack,box,,print,,,Supported: What does negative % mean?
LAUNCH__SCI_L_W5L2_Osmosis_Core_Practical_Explore.html,print,print pack,box,,print,,,Standard: Name two controls.
LAUNCH__SCI_L_W5L2_Osmosis_Core_Practical_Explore.html,print,print pack,box,,print,,,Stretch: Why can inconsistent blotting affect mass?
LAUNCH__SCI_L_W5L2_Osmosis_Core_Practical_Explore.html,print,print pack,box,,print,,,Adult genuinely receives the response. No signature/initial is required.
LAUNCH__SCI_L_W5L2_Osmosis_Core_Practical_Explore.html,print,print pack,box,,print,,,"Closing the loop: this one ends on paper — your own hand, or your words scribed by an adult. Saying it aloud starts the loop; writing it is what closes it. Pass is always allowed."
LAUNCH__SCI_L_W5L2_Osmosis_Core_Practical_Explore.html,print,print pack,box,,print,,,"What I said, and what it changed:"
LAUNCH__SCI_L_W5L2_Osmosis_Core_Practical_Explore.html,print,print pack,box,,print,,,"Pearson Edexcel GCSE (9–1) Biology 1BI0 (Foundation, grades 1–5); GCSE Combined Science 1SC0 F where appropriate; AQA UAS science units Records what was observed, and at which level of independence."
LAUNCH__SCI_L_W5L2_Osmosis_Core_Practical_Explore.html,print,print pack,box,,print,,,Observed in this lesson
LAUNCH__SCI_L_W5L2_Osmosis_Core_Practical_Explore.html,print,print pack,box,,print,,,☐ Named the control variables.
LAUNCH__SCI_L_W5L2_Osmosis_Core_Practical_Explore.html,print,print pack,box,,print,,,☐ Carried out the core practical and recorded masses.
LAUNCH__SCI_L_W5L2_Osmosis_Core_Practical_Explore.html,print,print pack,box,,print,,,☐ Calculated percentage change dividing by the initial mass.
LAUNCH__SCI_L_W5L2_Osmosis_Core_Practical_Explore.html,print,print pack,box,,print,,,Assessor comment
LAUNCH__SCI_L_W5L2_Osmosis_Core_Practical_Explore.html,print,print pack,box,,print,,,Ring the tier the pupil actually worked at
LAUNCH__SCI_L_W5L2_Osmosis_Core_Practical_Explore.html,print,print pack,box,,print,,,Assessor name ______________ Role ____________ Signature ______________ Date ________
LAUNCH__SCI_L_W5L3_Osmosis_Data_Do.html,arrival,🚪 Arrival · previous learning,arrival,Supported,screen,,,Point to the balance you used.
LAUNCH__SCI_L_W5L3_Osmosis_Data_Do.html,arrival,🚪 Arrival · previous learning,arrival,Supported,screen,,,Say which way water moves in osmosis.
LAUNCH__SCI_L_W5L3_Osmosis_Data_Do.html,arrival,🚪 Arrival · previous learning,arrival,Supported,screen,,,Point to the crowded side of the diagram.
LAUNCH__SCI_L_W5L3_Osmosis_Data_Do.html,arrival,🚪 Arrival · previous learning,arrival,Supported,screen,,,Look at the graph. Point to where the line crosses zero.
LAUNCH__SCI_L_W5L3_Osmosis_Data_Do.html,arrival,🚪 Arrival · previous learning,arrival,Standard,screen,,,"Last lesson you ran the osmosis practical. Which variable did you change, and which did you keep the same?"
LAUNCH__SCI_L_W5L3_Osmosis_Data_Do.html,arrival,🚪 Arrival · previous learning,arrival,Standard,screen,,,Week 5: define osmosis using the words membrane and concentration.
LAUNCH__SCI_L_W5L3_Osmosis_Data_Do.html,arrival,🚪 Arrival · previous learning,arrival,Standard,screen,,,Week 4: define diffusion and name one factor affecting its rate.
LAUNCH__SCI_L_W5L3_Osmosis_Data_Do.html,arrival,🚪 Arrival · previous learning,arrival,Standard,screen,,,"Somewhere between your concentrations, the potato neither gains nor loses mass. How would you find it?"
LAUNCH__SCI_L_W5L3_Osmosis_Data_Do.html,arrival,🚪 Arrival · previous learning,arrival,Stretch,screen,,,Last lesson: explain why percentage change was the right measure for comparing pieces.
LAUNCH__SCI_L_W5L3_Osmosis_Data_Do.html,arrival,🚪 Arrival · previous learning,arrival,Stretch,screen,,,"Week 5: explain what happens to a cell placed in pure water, and why."
LAUNCH__SCI_L_W5L3_Osmosis_Data_Do.html,arrival,🚪 Arrival · previous learning,arrival,Stretch,screen,,,Week 4: explain how diffusion and osmosis are related but not identical.
LAUNCH__SCI_L_W5L3_Osmosis_Data_Do.html,arrival,🚪 Arrival · previous learning,arrival,Stretch,screen,,,Explain what the crossing point tells you about the solution inside the potato cells.
LAUNCH__SCI_L_W5L3_Osmosis_Data_Do.html,arrival,🚪 Arrival · previous learning,,,screen,,,Point to the balance you used.
LAUNCH__SCI_L_W5L3_Osmosis_Data_Do.html,arrival,🚪 Arrival · previous learning,,,screen,,,Say which way water moves in osmosis.
LAUNCH__SCI_L_W5L3_Osmosis_Data_Do.html,arrival,🚪 Arrival · previous learning,,,screen,,,Point to the crowded side of the diagram.
LAUNCH__SCI_L_W5L3_Osmosis_Data_Do.html,arrival,🚪 Arrival · previous learning,,,screen,,,Look at the graph. Point to where the line crosses zero.
LAUNCH__SCI_L_W5L3_Osmosis_Data_Do.html,arrival,🚪 Arrival · previous learning,,,screen,,,"Last lesson you ran the osmosis practical. Which variable did you change, and which did you keep the same?"
LAUNCH__SCI_L_W5L3_Osmosis_Data_Do.html,arrival,🚪 Arrival · previous learning,,,screen,,,Week 5: define osmosis using the words membrane and concentration.
LAUNCH__SCI_L_W5L3_Osmosis_Data_Do.html,arrival,🚪 Arrival · previous learning,,,screen,,,Week 4: define diffusion and name one factor affecting its rate.
LAUNCH__SCI_L_W5L3_Osmosis_Data_Do.html,arrival,🚪 Arrival · previous learning,,,screen,,,"Somewhere between your concentrations, the potato neither gains nor loses mass. How would you find it?"
LAUNCH__SCI_L_W5L3_Osmosis_Data_Do.html,arrival,🚪 Arrival · previous learning,,,screen,,,Last lesson: explain why percentage change was the right measure for comparing pieces.
LAUNCH__SCI_L_W5L3_Osmosis_Data_Do.html,arrival,🚪 Arrival · previous learning,,,screen,,,"Week 5: explain what happens to a cell placed in pure water, and why."
LAUNCH__SCI_L_W5L3_Osmosis_Data_Do.html,arrival,🚪 Arrival · previous learning,,,screen,,,Week 4: explain how diffusion and osmosis are related but not identical.
LAUNCH__SCI_L_W5L3_Osmosis_Data_Do.html,arrival,🚪 Arrival · previous learning,,,screen,,,Explain what the crossing point tells you about the solution inside the potato cells.
LAUNCH__SCI_L_W5L3_Osmosis_Data_Do.html,starter,🌱 Starter · observe / predict,,,screen,,,Your graph crosses 0% between two concentrations. Why is that crossing biologically interesting?
LAUNCH__SCI_L_W5L3_Osmosis_Data_Do.html,independent,✏️ Independent · evidence & transfer,,,screen,,,Enter your data. Plot the points. Find the pattern. Find the zero crossing. Answer the interpretation questions. Evaluate your method. Add one improvement. Link it to that method.
LAUNCH__SCI_L_W5L3_Osmosis_Data_Do.html,independent,✏️ Independent · evidence & transfer,,,screen,,,◆ The graph is part-prepared. Prompts guide you. 🧰 Scaffold Axes and scale are given. Use the gain or loss frame. Fade: remove the first prompt that no longer changes success.
LAUNCH__SCI_L_W5L3_Osmosis_Data_Do.html,independent,✏️ Independent · evidence & transfer,,,screen,,,▲ Plot it all. Estimate the crossing. Explain two points. 🧰 Scaffold Claim → graph evidence → osmosis explanation. Fade: remove the first prompt that no longer changes success.
LAUNCH__SCI_L_W5L3_Osmosis_Data_Do.html,independent,✏️ Independent · evidence & transfer,,,screen,,,★ Plot it. Interpret it. Evaluate the uncertainty. Justify one improvement. 🧰 Scaffold One value is an estimate. One was measured directly. Keep them apart. Fade: remove the first prompt that no longer changes success.
LAUNCH__SCI_L_W5L3_Osmosis_Data_Do.html,exit,🎫 Exit · receive and use the response,exit,Supported,screen,,,What does 0% mass change mean?
LAUNCH__SCI_L_W5L3_Osmosis_Data_Do.html,exit,🎫 Exit · receive and use the response,exit,Standard,screen,,,Why can potato lose mass in concentrated solution?
LAUNCH__SCI_L_W5L3_Osmosis_Data_Do.html,exit,🎫 Exit · receive and use the response,exit,Stretch,screen,,,Give a specific improvement and what variation it reduces.
LAUNCH__SCI_L_W5L3_Osmosis_Data_Do.html,exit,🎫 Exit · receive and use the response,,,screen,,,What does 0% mass change mean?
LAUNCH__SCI_L_W5L3_Osmosis_Data_Do.html,exit,🎫 Exit · receive and use the response,,,screen,,,Why can potato lose mass in concentrated solution?
LAUNCH__SCI_L_W5L3_Osmosis_Data_Do.html,exit,🎫 Exit · receive and use the response,,,screen,,,Give a specific improvement and what variation it reduces.
LAUNCH__SCI_L_W5L3_Osmosis_Data_Do.html,print,print pack,route,Supported,print,,,◆ Part-prepared graph and guided prompts.
LAUNCH__SCI_L_W5L3_Osmosis_Data_Do.html,print,print pack,route,Standard,print,,,"▲ Full plot, estimate crossing, explain two points."
LAUNCH__SCI_L_W5L3_Osmosis_Data_Do.html,print,print pack,route,Stretch,print,,,"★ Plot/interpret, evaluate uncertainty and justify improvement."
LAUNCH__SCI_L_W5L3_Osmosis_Data_Do.html,print,print pack,box,,print,,,Name: _______________________________ Date: ______________________
LAUNCH__SCI_L_W5L3_Osmosis_Data_Do.html,print,print pack,box,,print,,,"Not here last lesson? Everything you need is in the Retrieval box below — read it, then answer."
LAUNCH__SCI_L_W5L3_Osmosis_Data_Do.html,print,print pack,box,,print,,,"Learning objective: I can graph and interpret osmosis data, estimate the no-net-change concentration and evaluate method."
LAUNCH__SCI_L_W5L3_Osmosis_Data_Do.html,print,print pack,box,,print,,,"Retrieval: W5L2 concentration, % mass change and controls. A positive % change means mass was gained."
LAUNCH__SCI_L_W5L3_Osmosis_Data_Do.html,print,print pack,box,,print,,,"R1 · Last lesson: Last lesson you ran the osmosis practical. Which variable did you change, and which did you keep the same?"
LAUNCH__SCI_L_W5L3_Osmosis_Data_Do.html,print,print pack,box,,print,,,R2 · Week 5 · lesson 1: Week 5: define osmosis using the words membrane and concentration.
LAUNCH__SCI_L_W5L3_Osmosis_Data_Do.html,print,print pack,box,,print,,,R3 · Week 4: Week 4: define diffusion and name one factor affecting its rate.
LAUNCH__SCI_L_W5L3_Osmosis_Data_Do.html,print,print pack,box,,print,,,"Lead-in · Into today: Somewhere between your concentrations, the potato neither gains nor loses mass. How would you find it?"
LAUNCH__SCI_L_W5L3_Osmosis_Data_Do.html,print,print pack,box,,print,,,◆ Part-prepared graph and guided prompts.
LAUNCH__SCI_L_W5L3_Osmosis_Data_Do.html,print,print pack,box,,print,,,"▲ Full plot, estimate crossing, explain two points."
LAUNCH__SCI_L_W5L3_Osmosis_Data_Do.html,print,print pack,box,,print,,,"★ Plot/interpret, evaluate uncertainty and justify improvement."
LAUNCH__SCI_L_W5L3_Osmosis_Data_Do.html,print,print pack,box,,print,,,Graph interpretation + zero-crossing estimate + method improvement.
LAUNCH__SCI_L_W5L3_Osmosis_Data_Do.html,print,print pack,box,,print,,,Supported: What does 0% mass change mean?
LAUNCH__SCI_L_W5L3_Osmosis_Data_Do.html,print,print pack,box,,print,,,Standard: Why can potato lose mass in concentrated solution?
LAUNCH__SCI_L_W5L3_Osmosis_Data_Do.html,print,print pack,box,,print,,,Stretch: Give a specific improvement and what variation it reduces.
LAUNCH__SCI_L_W5L3_Osmosis_Data_Do.html,print,print pack,box,,print,,,Adult genuinely receives the response. No signature/initial is required.
LAUNCH__SCI_L_W5L3_Osmosis_Data_Do.html,print,print pack,box,,print,,,"Closing the loop: this one ends on paper — your own hand, or your words scribed by an adult. Saying it aloud starts the loop; writing it is what closes it. Pass is always allowed."
LAUNCH__SCI_L_W5L3_Osmosis_Data_Do.html,print,print pack,box,,print,,,"What I said, and what it changed:"
LAUNCH__SCI_L_W5L3_Osmosis_Data_Do.html,print,print pack,box,,print,,,"Pearson Edexcel GCSE (9–1) Biology 1BI0 (Foundation, grades 1–5); GCSE Combined Science 1SC0 F where appropriate; AQA UAS science units Records what was observed, and at which level of independence."
LAUNCH__SCI_L_W5L3_Osmosis_Data_Do.html,print,print pack,box,,print,,,Observed in this lesson
LAUNCH__SCI_L_W5L3_Osmosis_Data_Do.html,print,print pack,box,,print,,,☐ Read the cell concentration from the zero-crossing.
LAUNCH__SCI_L_W5L3_Osmosis_Data_Do.html,print,print pack,box,,print,,,☐ Calculated and plotted percentage change correctly.
LAUNCH__SCI_L_W5L3_Osmosis_Data_Do.html,print,print pack,box,,print,,,"☐ Evaluated the method with a strength, a limitation and an improvement."
LAUNCH__SCI_L_W5L3_Osmosis_Data_Do.html,print,print pack,box,,print,,,Assessor comment
LAUNCH__SCI_L_W5L3_Osmosis_Data_Do.html,print,print pack,box,,print,,,Ring the tier the pupil actually worked at
LAUNCH__SCI_L_W5L3_Osmosis_Data_Do.html,print,print pack,box,,print,,,Assessor name ______________ Role ____________ Signature ______________ Date ________
LAUNCH__SCI_L_W6L1_Active_Transport_Introduce.html,arrival,🚪 Arrival · previous learning,arrival,Supported,screen,,,Point to the zero line on the graph.
LAUNCH__SCI_L_W6L1_Active_Transport_Introduce.html,arrival,🚪 Arrival · previous learning,arrival,Supported,screen,,,Say which way water moves across a membrane.
LAUNCH__SCI_L_W6L1_Active_Transport_Introduce.html,arrival,🚪 Arrival · previous learning,arrival,Supported,screen,,,Point to the side with more particles.
LAUNCH__SCI_L_W6L1_Active_Transport_Introduce.html,arrival,🚪 Arrival · previous learning,arrival,Supported,screen,,,Look at the root hair. Point to the soil side.
LAUNCH__SCI_L_W6L1_Active_Transport_Introduce.html,arrival,🚪 Arrival · previous learning,arrival,Standard,screen,,,Last lesson you analysed osmosis data. What did the zero-change point tell you?
LAUNCH__SCI_L_W6L1_Active_Transport_Introduce.html,arrival,🚪 Arrival · previous learning,arrival,Standard,screen,,,"Week 5: define osmosis, and say what the membrane must be."
LAUNCH__SCI_L_W6L1_Active_Transport_Introduce.html,arrival,🚪 Arrival · previous learning,arrival,Standard,screen,,,Week 4: which way is the net movement in diffusion?
LAUNCH__SCI_L_W6L1_Active_Transport_Introduce.html,arrival,🚪 Arrival · previous learning,arrival,Standard,screen,,,A root takes in minerals even when the soil has fewer than the root does. How can that work?
LAUNCH__SCI_L_W6L1_Active_Transport_Introduce.html,arrival,🚪 Arrival · previous learning,arrival,Stretch,screen,,,Last lesson: explain one weakness in the method and how you would reduce it.
LAUNCH__SCI_L_W6L1_Active_Transport_Introduce.html,arrival,🚪 Arrival · previous learning,arrival,Stretch,screen,,,Week 5: explain why osmosis needs no energy from the cell.
LAUNCH__SCI_L_W6L1_Active_Transport_Introduce.html,arrival,🚪 Arrival · previous learning,arrival,Stretch,screen,,,Week 4: explain what diffusion and osmosis have in common about direction.
LAUNCH__SCI_L_W6L1_Active_Transport_Introduce.html,arrival,🚪 Arrival · previous learning,arrival,Stretch,screen,,,Moving something against its gradient cannot happen for free. Predict what the cell must supply.
LAUNCH__SCI_L_W6L1_Active_Transport_Introduce.html,arrival,🚪 Arrival · previous learning,,,screen,,,Point to the zero line on the graph.
LAUNCH__SCI_L_W6L1_Active_Transport_Introduce.html,arrival,🚪 Arrival · previous learning,,,screen,,,Say which way water moves across a membrane.
LAUNCH__SCI_L_W6L1_Active_Transport_Introduce.html,arrival,🚪 Arrival · previous learning,,,screen,,,Point to the side with more particles.
LAUNCH__SCI_L_W6L1_Active_Transport_Introduce.html,arrival,🚪 Arrival · previous learning,,,screen,,,Look at the root hair. Point to the soil side.
LAUNCH__SCI_L_W6L1_Active_Transport_Introduce.html,arrival,🚪 Arrival · previous learning,,,screen,,,Last lesson you analysed osmosis data. What did the zero-change point tell you?
LAUNCH__SCI_L_W6L1_Active_Transport_Introduce.html,arrival,🚪 Arrival · previous learning,,,screen,,,"Week 5: define osmosis, and say what the membrane must be."
LAUNCH__SCI_L_W6L1_Active_Transport_Introduce.html,arrival,🚪 Arrival · previous learning,,,screen,,,Week 4: which way is the net movement in diffusion?
LAUNCH__SCI_L_W6L1_Active_Transport_Introduce.html,arrival,🚪 Arrival · previous learning,,,screen,,,A root takes in minerals even when the soil has fewer than the root does. How can that work?
LAUNCH__SCI_L_W6L1_Active_Transport_Introduce.html,arrival,🚪 Arrival · previous learning,,,screen,,,Last lesson: explain one weakness in the method and how you would reduce it.
LAUNCH__SCI_L_W6L1_Active_Transport_Introduce.html,arrival,🚪 Arrival · previous learning,,,screen,,,Week 5: explain why osmosis needs no energy from the cell.
LAUNCH__SCI_L_W6L1_Active_Transport_Introduce.html,arrival,🚪 Arrival · previous learning,,,screen,,,Week 4: explain what diffusion and osmosis have in common about direction.
LAUNCH__SCI_L_W6L1_Active_Transport_Introduce.html,arrival,🚪 Arrival · previous learning,,,screen,,,Moving something against its gradient cannot happen for free. Predict what the cell must supply.
LAUNCH__SCI_L_W6L1_Active_Transport_Introduce.html,starter,🌱 Starter · observe / predict,,,screen,,,A root hair cell already contains more mineral ions than the soil but still takes more in. Which previous process cannot explain this?
LAUNCH__SCI_L_W6L1_Active_Transport_Introduce.html,independent,✏️ Independent · evidence & transfer,,,screen,,,Compare the three processes. Fill in the table. Then use the model. Take each biological example. Classify it. Look at the direction. Look at the substance. Then look at the energy.
LAUNCH__SCI_L_W6L1_Active_Transport_Introduce.html,independent,✏️ Independent · evidence & transfer,,,screen,,,◆ Fill in the comparison table. Use the word bank. The words are there. 🧰 Scaffold ↓ diffusion · ↓ osmosis(water) · ↑ active transport(energy). Fade: remove the first prompt that no longer changes success.
LAUNCH__SCI_L_W6L1_Active_Transport_Introduce.html,independent,✏️ Independent · evidence & transfer,,,screen,,,▲ Fill in the table. Do it alone. Then explain two examples. 🧰 Scaffold Direction? what moves? energy? Fade: remove the first prompt that no longer changes success.
LAUNCH__SCI_L_W6L1_Active_Transport_Introduce.html,independent,✏️ Independent · evidence & transfer,,,screen,,,★ Compare all three. Then find the link. Link mitochondria to energy demand. 🧰 Scaffold Add carrier proteins. But keep the Foundation core. Do not lose it. Fade: remove the first prompt that no longer changes success.
LAUNCH__SCI_L_W6L1_Active_Transport_Introduce.html,exit,🎫 Exit · receive and use the response,exit,Supported,screen,,,With or against gradient?
LAUNCH__SCI_L_W6L1_Active_Transport_Introduce.html,exit,🎫 Exit · receive and use the response,exit,Standard,screen,,,Why does active transport need energy?
LAUNCH__SCI_L_W6L1_Active_Transport_Introduce.html,exit,🎫 Exit · receive and use the response,exit,Stretch,screen,,,Why can these cells contain many mitochondria?
LAUNCH__SCI_L_W6L1_Active_Transport_Introduce.html,exit,🎫 Exit · receive and use the response,,,screen,,,With or against gradient?
LAUNCH__SCI_L_W6L1_Active_Transport_Introduce.html,exit,🎫 Exit · receive and use the response,,,screen,,,Why does active transport need energy?
LAUNCH__SCI_L_W6L1_Active_Transport_Introduce.html,exit,🎫 Exit · receive and use the response,,,screen,,,Why can these cells contain many mitochondria?
LAUNCH__SCI_L_W6L1_Active_Transport_Introduce.html,print,print pack,route,Supported,print,,,◆ Fill comparison table from word bank.
LAUNCH__SCI_L_W6L1_Active_Transport_Introduce.html,print,print pack,route,Standard,print,,,▲ Complete table unaided and explain two examples.
LAUNCH__SCI_L_W6L1_Active_Transport_Introduce.html,print,print pack,route,Stretch,print,,,★ Compare all three and link mitochondria to energy demand.
LAUNCH__SCI_L_W6L1_Active_Transport_Introduce.html,print,print pack,box,,print,,,Name: _______________________________ Date: ______________________
LAUNCH__SCI_L_W6L1_Active_Transport_Introduce.html,print,print pack,box,,print,,,"Not here last lesson? Everything you need is in the Retrieval box below — read it, then answer."
LAUNCH__SCI_L_W6L1_Active_Transport_Introduce.html,print,print pack,box,,print,,,Learning objective: I can explain active transport as movement against a concentration gradient using energy from respiration.
LAUNCH__SCI_L_W6L1_Active_Transport_Introduce.html,print,print pack,box,,print,,,"Retrieval: W4–5 diffusion/osmosis down gradients without cell energy. Osmosis moves water only, through a partially permeable membrane."
LAUNCH__SCI_L_W6L1_Active_Transport_Introduce.html,print,print pack,box,,print,,,R1 · Last lesson: Last lesson you analysed osmosis data. What did the zero-change point tell you?
LAUNCH__SCI_L_W6L1_Active_Transport_Introduce.html,print,print pack,box,,print,,,"R2 · Week 5: Week 5: define osmosis, and say what the membrane must be."
LAUNCH__SCI_L_W6L1_Active_Transport_Introduce.html,print,print pack,box,,print,,,R3 · Week 4: Week 4: which way is the net movement in diffusion?
LAUNCH__SCI_L_W6L1_Active_Transport_Introduce.html,print,print pack,box,,print,,,Lead-in · Into today: A root takes in minerals even when the soil has fewer than the root does. How can that work?
LAUNCH__SCI_L_W6L1_Active_Transport_Introduce.html,print,print pack,box,,print,,,◆ Fill comparison table from word bank.
LAUNCH__SCI_L_W6L1_Active_Transport_Introduce.html,print,print pack,box,,print,,,▲ Complete table unaided and explain two examples.
LAUNCH__SCI_L_W6L1_Active_Transport_Introduce.html,print,print pack,box,,print,,,★ Compare all three and link mitochondria to energy demand.
LAUNCH__SCI_L_W6L1_Active_Transport_Introduce.html,print,print pack,box,,print,,,Comparison table + classified examples + one causal explanation.
LAUNCH__SCI_L_W6L1_Active_Transport_Introduce.html,print,print pack,box,,print,,,Supported: With or against gradient?
LAUNCH__SCI_L_W6L1_Active_Transport_Introduce.html,print,print pack,box,,print,,,Standard: Why does active transport need energy?
LAUNCH__SCI_L_W6L1_Active_Transport_Introduce.html,print,print pack,box,,print,,,Stretch: Why can these cells contain many mitochondria?
LAUNCH__SCI_L_W6L1_Active_Transport_Introduce.html,print,print pack,box,,print,,,Adult genuinely receives the response. No signature/initial is required.
LAUNCH__SCI_L_W6L1_Active_Transport_Introduce.html,print,print pack,box,,print,,,"Closing the loop: this one ends on paper — your own hand, or your words scribed by an adult. Saying it aloud starts the loop; writing it is what closes it. Pass is always allowed."
LAUNCH__SCI_L_W6L1_Active_Transport_Introduce.html,print,print pack,box,,print,,,"What I said, and what it changed:"
LAUNCH__SCI_L_W6L1_Active_Transport_Introduce.html,print,print pack,box,,print,,,"Pearson Edexcel GCSE (9–1) Biology 1BI0 (Foundation, grades 1–5); GCSE Combined Science 1SC0 F where appropriate; AQA UAS science units Records what was observed, and at which level of independence."
LAUNCH__SCI_L_W6L1_Active_Transport_Introduce.html,print,print pack,box,,print,,,Observed in this lesson
LAUNCH__SCI_L_W6L1_Active_Transport_Introduce.html,print,print pack,box,,print,,,☐ Stated that active transport works against the concentration gradient.
LAUNCH__SCI_L_W6L1_Active_Transport_Introduce.html,print,print pack,box,,print,,,☐ Linked the energy requirement to respiration.
LAUNCH__SCI_L_W6L1_Active_Transport_Introduce.html,print,print pack,box,,print,,,"☐ Compared diffusion, osmosis and active transport correctly."
LAUNCH__SCI_L_W6L1_Active_Transport_Introduce.html,print,print pack,box,,print,,,Assessor comment
LAUNCH__SCI_L_W6L1_Active_Transport_Introduce.html,print,print pack,box,,print,,,Ring the tier the pupil actually worked at
LAUNCH__SCI_L_W6L1_Active_Transport_Introduce.html,print,print pack,box,,print,,,Assessor name ______________ Role ____________ Signature ______________ Date ________
LAUNCH__SCI_L_W6L2_Root_Hairs_And_Gut_Explore.html,arrival,🚪 Arrival · previous learning,arrival,Supported,screen,,,Point to the word energy on the card.
LAUNCH__SCI_L_W6L2_Root_Hairs_And_Gut_Explore.html,arrival,🚪 Arrival · previous learning,arrival,Supported,screen,,,Say which way water moves in osmosis.
LAUNCH__SCI_L_W6L2_Root_Hairs_And_Gut_Explore.html,arrival,🚪 Arrival · previous learning,arrival,Supported,screen,,,Point to the air sac in the lung diagram.
LAUNCH__SCI_L_W6L2_Root_Hairs_And_Gut_Explore.html,arrival,🚪 Arrival · previous learning,arrival,Supported,screen,,,Look at the root hair cell. Point to its long thin shape.
LAUNCH__SCI_L_W6L2_Root_Hairs_And_Gut_Explore.html,arrival,🚪 Arrival · previous learning,arrival,Standard,screen,,,Last lesson you met active transport. What makes it different from diffusion?
LAUNCH__SCI_L_W6L2_Root_Hairs_And_Gut_Explore.html,arrival,🚪 Arrival · previous learning,arrival,Standard,screen,,,Week 5: define osmosis using the word membrane.
LAUNCH__SCI_L_W6L2_Root_Hairs_And_Gut_Explore.html,arrival,🚪 Arrival · previous learning,arrival,Standard,screen,,,Week 4: name one adaptation that speeds up diffusion.
LAUNCH__SCI_L_W6L2_Root_Hairs_And_Gut_Explore.html,arrival,🚪 Arrival · previous learning,arrival,Standard,screen,,,A root hair cell is long and thin. How does that shape help it take in minerals?
LAUNCH__SCI_L_W6L2_Root_Hairs_And_Gut_Explore.html,arrival,🚪 Arrival · previous learning,arrival,Stretch,screen,,,Last lesson: explain why active transport stops if respiration stops.
LAUNCH__SCI_L_W6L2_Root_Hairs_And_Gut_Explore.html,arrival,🚪 Arrival · previous learning,arrival,Stretch,screen,,,Week 5: explain why osmosis and active transport move things for different reasons.
LAUNCH__SCI_L_W6L2_Root_Hairs_And_Gut_Explore.html,arrival,🚪 Arrival · previous learning,arrival,Stretch,screen,,,Week 4: explain how a large surface area helps any exchange process.
LAUNCH__SCI_L_W6L2_Root_Hairs_And_Gut_Explore.html,arrival,🚪 Arrival · previous learning,arrival,Stretch,screen,,,"Predict what an experiment would show if you deprived root cells of oxygen, and say why."
LAUNCH__SCI_L_W6L2_Root_Hairs_And_Gut_Explore.html,arrival,🚪 Arrival · previous learning,,,screen,,,Point to the word energy on the card.
LAUNCH__SCI_L_W6L2_Root_Hairs_And_Gut_Explore.html,arrival,🚪 Arrival · previous learning,,,screen,,,Say which way water moves in osmosis.
LAUNCH__SCI_L_W6L2_Root_Hairs_And_Gut_Explore.html,arrival,🚪 Arrival · previous learning,,,screen,,,Point to the air sac in the lung diagram.
LAUNCH__SCI_L_W6L2_Root_Hairs_And_Gut_Explore.html,arrival,🚪 Arrival · previous learning,,,screen,,,Look at the root hair cell. Point to its long thin shape.
LAUNCH__SCI_L_W6L2_Root_Hairs_And_Gut_Explore.html,arrival,🚪 Arrival · previous learning,,,screen,,,Last lesson you met active transport. What makes it different from diffusion?
LAUNCH__SCI_L_W6L2_Root_Hairs_And_Gut_Explore.html,arrival,🚪 Arrival · previous learning,,,screen,,,Week 5: define osmosis using the word membrane.
LAUNCH__SCI_L_W6L2_Root_Hairs_And_Gut_Explore.html,arrival,🚪 Arrival · previous learning,,,screen,,,Week 4: name one adaptation that speeds up diffusion.
LAUNCH__SCI_L_W6L2_Root_Hairs_And_Gut_Explore.html,arrival,🚪 Arrival · previous learning,,,screen,,,A root hair cell is long and thin. How does that shape help it take in minerals?
LAUNCH__SCI_L_W6L2_Root_Hairs_And_Gut_Explore.html,arrival,🚪 Arrival · previous learning,,,screen,,,Last lesson: explain why active transport stops if respiration stops.
LAUNCH__SCI_L_W6L2_Root_Hairs_And_Gut_Explore.html,arrival,🚪 Arrival · previous learning,,,screen,,,Week 5: explain why osmosis and active transport move things for different reasons.
LAUNCH__SCI_L_W6L2_Root_Hairs_And_Gut_Explore.html,arrival,🚪 Arrival · previous learning,,,screen,,,Week 4: explain how a large surface area helps any exchange process.
LAUNCH__SCI_L_W6L2_Root_Hairs_And_Gut_Explore.html,arrival,🚪 Arrival · previous learning,,,screen,,,"Predict what an experiment would show if you deprived root cells of oxygen, and say why."
LAUNCH__SCI_L_W6L2_Root_Hairs_And_Gut_Explore.html,starter,🌱 Starter · observe / predict,,,screen,,,A graph shows mineral uptake falling when oxygen around roots falls. Oxygen is not the mineral. Why should it affect uptake?
LAUNCH__SCI_L_W6L2_Root_Hairs_And_Gut_Explore.html,independent,✏️ Independent · evidence & transfer,,,screen,,,Label the root hair cell. Then the gut cell. Read the graph. It shows oxygen. It shows uptake. Write one explanation. Use the graph as evidence.
LAUNCH__SCI_L_W6L2_Root_Hairs_And_Gut_Explore.html,independent,✏️ Independent · evidence & transfer,,,screen,,,"◆ Label the cell. Mark the mitochondria. Use the graph sentence frame. 🧰 Scaffold As oxygen ___, uptake ___. This is because ___. Fade: remove the first prompt that no longer changes success."
LAUNCH__SCI_L_W6L2_Root_Hairs_And_Gut_Explore.html,independent,✏️ Independent · evidence & transfer,,,screen,,,▲ Explain the root hair cell. Then the gut. Then the graph. 🧰 Scaffold Direction → energy → adaptation. Fade: remove the first prompt that no longer changes success.
LAUNCH__SCI_L_W6L2_Root_Hairs_And_Gut_Explore.html,independent,✏️ Independent · evidence & transfer,,,screen,,,★ Evaluate the graph. Is oxygen the only limiting factor? Say why. 🧰 Scaffold Three parts. Describe. Explain. Evaluate. Fade: remove the first prompt that no longer changes success.
LAUNCH__SCI_L_W6L2_Root_Hairs_And_Gut_Explore.html,exit,🎫 Exit · receive and use the response,exit,Supported,screen,,,Which organelle links to respiration?
LAUNCH__SCI_L_W6L2_Root_Hairs_And_Gut_Explore.html,exit,🎫 Exit · receive and use the response,exit,Standard,screen,,,Why use active transport for mineral ions?
LAUNCH__SCI_L_W6L2_Root_Hairs_And_Gut_Explore.html,exit,🎫 Exit · receive and use the response,exit,Stretch,screen,,,Explain graph pattern and one limitation.
LAUNCH__SCI_L_W6L2_Root_Hairs_And_Gut_Explore.html,exit,🎫 Exit · receive and use the response,,,screen,,,Which organelle links to respiration?
LAUNCH__SCI_L_W6L2_Root_Hairs_And_Gut_Explore.html,exit,🎫 Exit · receive and use the response,,,screen,,,Why use active transport for mineral ions?
LAUNCH__SCI_L_W6L2_Root_Hairs_And_Gut_Explore.html,exit,🎫 Exit · receive and use the response,,,screen,,,Explain graph pattern and one limitation.
LAUNCH__SCI_L_W6L2_Root_Hairs_And_Gut_Explore.html,print,print pack,route,Supported,print,,,◆ Label cell/mitochondria + graph sentence frame.
LAUNCH__SCI_L_W6L2_Root_Hairs_And_Gut_Explore.html,print,print pack,route,Standard,print,,,▲ Explain both applications and graph.
LAUNCH__SCI_L_W6L2_Root_Hairs_And_Gut_Explore.html,print,print pack,route,Stretch,print,,,★ Evaluate whether graph alone proves oxygen is the only limiting factor.
LAUNCH__SCI_L_W6L2_Root_Hairs_And_Gut_Explore.html,print,print pack,box,,print,,,Name: _______________________________ Date: ______________________
LAUNCH__SCI_L_W6L2_Root_Hairs_And_Gut_Explore.html,print,print pack,box,,print,,,"Not here last lesson? Everything you need is in the Retrieval box below — read it, then answer."
LAUNCH__SCI_L_W6L2_Root_Hairs_And_Gut_Explore.html,print,print pack,box,,print,,,Learning objective: I can apply active transport to root hair and gut cells and interpret evidence linking uptake to respiration.
LAUNCH__SCI_L_W6L2_Root_Hairs_And_Gut_Explore.html,print,print pack,box,,print,,,Retrieval: W6L1 against-gradient movement and energy.
LAUNCH__SCI_L_W6L2_Root_Hairs_And_Gut_Explore.html,print,print pack,box,,print,,,R1 · Last lesson: Last lesson you met active transport. What makes it different from diffusion?
LAUNCH__SCI_L_W6L2_Root_Hairs_And_Gut_Explore.html,print,print pack,box,,print,,,R2 · Week 5: Week 5: define osmosis using the word membrane.
LAUNCH__SCI_L_W6L2_Root_Hairs_And_Gut_Explore.html,print,print pack,box,,print,,,R3 · Week 4: Week 4: name one adaptation that speeds up diffusion.
LAUNCH__SCI_L_W6L2_Root_Hairs_And_Gut_Explore.html,print,print pack,box,,print,,,Lead-in · Into today: A root hair cell is long and thin. How does that shape help it take in minerals?
LAUNCH__SCI_L_W6L2_Root_Hairs_And_Gut_Explore.html,print,print pack,box,,print,,,◆ Label cell/mitochondria + graph sentence frame.
LAUNCH__SCI_L_W6L2_Root_Hairs_And_Gut_Explore.html,print,print pack,box,,print,,,▲ Explain both applications and graph.
LAUNCH__SCI_L_W6L2_Root_Hairs_And_Gut_Explore.html,print,print pack,box,,print,,,★ Evaluate whether graph alone proves oxygen is the only limiting factor.
LAUNCH__SCI_L_W6L2_Root_Hairs_And_Gut_Explore.html,print,print pack,box,,print,,,Annotated cell + graph interpretation + causal explanation.
LAUNCH__SCI_L_W6L2_Root_Hairs_And_Gut_Explore.html,print,print pack,box,,print,,,Supported: Which organelle links to respiration?
LAUNCH__SCI_L_W6L2_Root_Hairs_And_Gut_Explore.html,print,print pack,box,,print,,,Standard: Why use active transport for mineral ions?
LAUNCH__SCI_L_W6L2_Root_Hairs_And_Gut_Explore.html,print,print pack,box,,print,,,Stretch: Explain graph pattern and one limitation.
LAUNCH__SCI_L_W6L2_Root_Hairs_And_Gut_Explore.html,print,print pack,box,,print,,,Adult genuinely receives the response. No signature/initial is required.
LAUNCH__SCI_L_W6L2_Root_Hairs_And_Gut_Explore.html,print,print pack,box,,print,,,"Closing the loop: this one ends on paper — your own hand, or your words scribed by an adult. Saying it aloud starts the loop; writing it is what closes it. Pass is always allowed."
LAUNCH__SCI_L_W6L2_Root_Hairs_And_Gut_Explore.html,print,print pack,box,,print,,,"What I said, and what it changed:"
LAUNCH__SCI_L_W6L2_Root_Hairs_And_Gut_Explore.html,print,print pack,box,,print,,,"Pearson Edexcel GCSE (9–1) Biology 1BI0 (Foundation, grades 1–5); GCSE Combined Science 1SC0 F where appropriate; AQA UAS science units Records what was observed, and at which level of independence."
LAUNCH__SCI_L_W6L2_Root_Hairs_And_Gut_Explore.html,print,print pack,box,,print,,,Observed in this lesson
LAUNCH__SCI_L_W6L2_Root_Hairs_And_Gut_Explore.html,print,print pack,box,,print,,,☐ Explained root hair mineral uptake as active transport.
LAUNCH__SCI_L_W6L2_Root_Hairs_And_Gut_Explore.html,print,print pack,box,,print,,,☐ Explained gut glucose uptake against the gradient.
LAUNCH__SCI_L_W6L2_Root_Hairs_And_Gut_Explore.html,print,print pack,box,,print,,,☐ Used the oxygen graph to link uptake to respiration.
LAUNCH__SCI_L_W6L2_Root_Hairs_And_Gut_Explore.html,print,print pack,box,,print,,,Assessor comment
LAUNCH__SCI_L_W6L2_Root_Hairs_And_Gut_Explore.html,print,print pack,box,,print,,,Ring the tier the pupil actually worked at
LAUNCH__SCI_L_W6L2_Root_Hairs_And_Gut_Explore.html,print,print pack,box,,print,,,Assessor name ______________ Role ____________ Signature ______________ Date ________
LAUNCH__SCI_L_W6L3_Compare_Transport_Do.html,arrival,🚪 Arrival · previous learning,arrival,Supported,screen,,,Point to the root hair on the diagram.
LAUNCH__SCI_L_W6L3_Compare_Transport_Do.html,arrival,🚪 Arrival · previous learning,arrival,Supported,screen,,,Say what active transport needs that diffusion does not.
LAUNCH__SCI_L_W6L3_Compare_Transport_Do.html,arrival,🚪 Arrival · previous learning,arrival,Supported,screen,,,Point to the membrane.
LAUNCH__SCI_L_W6L3_Compare_Transport_Do.html,arrival,🚪 Arrival · previous learning,arrival,Supported,screen,,,"Three processes, one table. Point to the column for energy."
LAUNCH__SCI_L_W6L3_Compare_Transport_Do.html,arrival,🚪 Arrival · previous learning,arrival,Standard,screen,,,Last lesson you applied active transport to root hairs and gut. What did the evidence link it to?
LAUNCH__SCI_L_W6L3_Compare_Transport_Do.html,arrival,🚪 Arrival · previous learning,arrival,Standard,screen,,,Week 6: define active transport using the words gradient and energy.
LAUNCH__SCI_L_W6L3_Compare_Transport_Do.html,arrival,🚪 Arrival · previous learning,arrival,Standard,screen,,,Week 5: define osmosis.
LAUNCH__SCI_L_W6L3_Compare_Transport_Do.html,arrival,🚪 Arrival · previous learning,arrival,Standard,screen,,,Today you compare all three processes. What questions would separate them?
LAUNCH__SCI_L_W6L3_Compare_Transport_Do.html,arrival,🚪 Arrival · previous learning,arrival,Stretch,screen,,,Last lesson: uptake fell without oxygen. Explain how that supports active transport rather than diffusion.
LAUNCH__SCI_L_W6L3_Compare_Transport_Do.html,arrival,🚪 Arrival · previous learning,arrival,Stretch,screen,,,Week 6: explain why active transport is the only one of the three that can run uphill.
LAUNCH__SCI_L_W6L3_Compare_Transport_Do.html,arrival,🚪 Arrival · previous learning,arrival,Stretch,screen,,,"Week 5: explain what osmosis and diffusion share, and where they differ."
LAUNCH__SCI_L_W6L3_Compare_Transport_Do.html,arrival,🚪 Arrival · previous learning,arrival,Stretch,screen,,,"Given an unfamiliar example, name the two questions that decide which process it is."
LAUNCH__SCI_L_W6L3_Compare_Transport_Do.html,arrival,🚪 Arrival · previous learning,,,screen,,,Point to the root hair on the diagram.
LAUNCH__SCI_L_W6L3_Compare_Transport_Do.html,arrival,🚪 Arrival · previous learning,,,screen,,,Say what active transport needs that diffusion does not.
LAUNCH__SCI_L_W6L3_Compare_Transport_Do.html,arrival,🚪 Arrival · previous learning,,,screen,,,Point to the membrane.
LAUNCH__SCI_L_W6L3_Compare_Transport_Do.html,arrival,🚪 Arrival · previous learning,,,screen,,,"Three processes, one table. Point to the column for energy."
LAUNCH__SCI_L_W6L3_Compare_Transport_Do.html,arrival,🚪 Arrival · previous learning,,,screen,,,Last lesson you applied active transport to root hairs and gut. What did the evidence link it to?
LAUNCH__SCI_L_W6L3_Compare_Transport_Do.html,arrival,🚪 Arrival · previous learning,,,screen,,,Week 6: define active transport using the words gradient and energy.
LAUNCH__SCI_L_W6L3_Compare_Transport_Do.html,arrival,🚪 Arrival · previous learning,,,screen,,,Week 5: define osmosis.
LAUNCH__SCI_L_W6L3_Compare_Transport_Do.html,arrival,🚪 Arrival · previous learning,,,screen,,,Today you compare all three processes. What questions would separate them?
LAUNCH__SCI_L_W6L3_Compare_Transport_Do.html,arrival,🚪 Arrival · previous learning,,,screen,,,Last lesson: uptake fell without oxygen. Explain how that supports active transport rather than diffusion.
LAUNCH__SCI_L_W6L3_Compare_Transport_Do.html,arrival,🚪 Arrival · previous learning,,,screen,,,Week 6: explain why active transport is the only one of the three that can run uphill.
LAUNCH__SCI_L_W6L3_Compare_Transport_Do.html,arrival,🚪 Arrival · previous learning,,,screen,,,"Week 5: explain what osmosis and diffusion share, and where they differ."
LAUNCH__SCI_L_W6L3_Compare_Transport_Do.html,arrival,🚪 Arrival · previous learning,,,screen,,,"Given an unfamiliar example, name the two questions that decide which process it is."
LAUNCH__SCI_L_W6L3_Compare_Transport_Do.html,starter,🌱 Starter · observe / predict,,,screen,,,A compare answer describes diffusion perfectly. It never mentions active transport. Why is correct Biology still incomplete?
LAUNCH__SCI_L_W6L3_Compare_Transport_Do.html,independent,✏️ Independent · evidence & transfer,,,screen,,,Classify the mixed cell scenarios. Sort each one. Is it diffusion? Is it osmosis? Is it active transport? Then answer two compare questions. Read the feedback. Make one change you can see.
LAUNCH__SCI_L_W6L3_Compare_Transport_Do.html,independent,✏️ Independent · evidence & transfer,,,screen,,,◆ Keep the grid in view. Do four scenarios. Use one compare frame. 🧰 Scaffold Direction · water? · membrane? · energy? Fade: remove the first prompt that no longer changes success.
LAUNCH__SCI_L_W6L3_Compare_Transport_Do.html,independent,✏️ Independent · evidence & transfer,,,screen,,,▲ Do six scenarios. Then two compare questions. 🧰 Scaffold Give both sides. Do this in every compare. Fade: remove the first prompt that no longer changes success.
LAUNCH__SCI_L_W6L3_Compare_Transport_Do.html,independent,✏️ Independent · evidence & transfer,,,screen,,,★ Work with new contexts. Which process is it? Then justify it with evidence. 🧰 Scaffold Give the similarities. Then the differences. Be precise. Fade: remove the first prompt that no longer changes success.
LAUNCH__SCI_L_W6L3_Compare_Transport_Do.html,exit,🎫 Exit · receive and use the response,exit,Supported,screen,,,Which moves water only?
LAUNCH__SCI_L_W6L3_Compare_Transport_Do.html,exit,🎫 Exit · receive and use the response,exit,Standard,screen,,,Compare diffusion and active transport.
LAUNCH__SCI_L_W6L3_Compare_Transport_Do.html,exit,🎫 Exit · receive and use the response,exit,Stretch,screen,,,Compare osmosis and active transport using direction/substance/energy.
LAUNCH__SCI_L_W6L3_Compare_Transport_Do.html,exit,🎫 Exit · receive and use the response,,,screen,,,Which moves water only?
LAUNCH__SCI_L_W6L3_Compare_Transport_Do.html,exit,🎫 Exit · receive and use the response,,,screen,,,Compare diffusion and active transport.
LAUNCH__SCI_L_W6L3_Compare_Transport_Do.html,exit,🎫 Exit · receive and use the response,,,screen,,,Compare osmosis and active transport using direction/substance/energy.
LAUNCH__SCI_L_W6L3_Compare_Transport_Do.html,print,print pack,route,Supported,print,,,◆ Grid visible; four scenarios + one compare frame.
LAUNCH__SCI_L_W6L3_Compare_Transport_Do.html,print,print pack,route,Standard,print,,,▲ Six scenarios + two compare questions.
LAUNCH__SCI_L_W6L3_Compare_Transport_Do.html,print,print pack,route,Stretch,print,,,★ Unfamiliar contexts + justify which evidence supports a process.
LAUNCH__SCI_L_W6L3_Compare_Transport_Do.html,print,print pack,box,,print,,,Name: _______________________________ Date: ______________________
LAUNCH__SCI_L_W6L3_Compare_Transport_Do.html,print,print pack,box,,print,,,"Not here last lesson? Everything you need is in the Retrieval box below — read it, then answer."
LAUNCH__SCI_L_W6L3_Compare_Transport_Do.html,print,print pack,box,,print,,,Learning objective: I can compare the three transport processes and choose the correct process from evidence.
LAUNCH__SCI_L_W6L3_Compare_Transport_Do.html,print,print pack,box,,print,,,"Retrieval: W4–6 definitions, applications and data for all three. Osmosis: net movement of water only, from a dilute to a more concentrated solution, through a partially permeable membrane."
LAUNCH__SCI_L_W6L3_Compare_Transport_Do.html,print,print pack,box,,print,,,R1 · Last lesson: Last lesson you applied active transport to root hairs and gut. What did the evidence link it to?
LAUNCH__SCI_L_W6L3_Compare_Transport_Do.html,print,print pack,box,,print,,,R2 · Week 6 · lesson 1: Week 6: define active transport using the words gradient and energy.
LAUNCH__SCI_L_W6L3_Compare_Transport_Do.html,print,print pack,box,,print,,,R3 · Week 5: Week 5: define osmosis.
LAUNCH__SCI_L_W6L3_Compare_Transport_Do.html,print,print pack,box,,print,,,Lead-in · Into today: Today you compare all three processes. What questions would separate them?
LAUNCH__SCI_L_W6L3_Compare_Transport_Do.html,print,print pack,box,,print,,,◆ Grid visible; four scenarios + one compare frame.
LAUNCH__SCI_L_W6L3_Compare_Transport_Do.html,print,print pack,box,,print,,,▲ Six scenarios + two compare questions.
LAUNCH__SCI_L_W6L3_Compare_Transport_Do.html,print,print pack,box,,print,,,★ Unfamiliar contexts + justify which evidence supports a process.
LAUNCH__SCI_L_W6L3_Compare_Transport_Do.html,print,print pack,box,,print,,,Classified scenarios + compare answers + one revised response.
LAUNCH__SCI_L_W6L3_Compare_Transport_Do.html,print,print pack,box,,print,,,Supported: Which moves water only?
LAUNCH__SCI_L_W6L3_Compare_Transport_Do.html,print,print pack,box,,print,,,Standard: Compare diffusion and active transport.
LAUNCH__SCI_L_W6L3_Compare_Transport_Do.html,print,print pack,box,,print,,,Stretch: Compare osmosis and active transport using direction/substance/energy.
LAUNCH__SCI_L_W6L3_Compare_Transport_Do.html,print,print pack,box,,print,,,Adult genuinely receives the response. No signature/initial is required.
LAUNCH__SCI_L_W6L3_Compare_Transport_Do.html,print,print pack,box,,print,,,"Closing the loop: this one ends on paper — your own hand, or your words scribed by an adult. Saying it aloud starts the loop; writing it is what closes it. Pass is always allowed."
LAUNCH__SCI_L_W6L3_Compare_Transport_Do.html,print,print pack,box,,print,,,"What I said, and what it changed:"
LAUNCH__SCI_L_W6L3_Compare_Transport_Do.html,print,print pack,box,,print,,,"Pearson Edexcel GCSE (9–1) Biology 1BI0 (Foundation, grades 1–5); GCSE Combined Science 1SC0 F where appropriate; AQA UAS science units Records what was observed, and at which level of independence."
LAUNCH__SCI_L_W6L3_Compare_Transport_Do.html,print,print pack,box,,print,,,Observed in this lesson
LAUNCH__SCI_L_W6L3_Compare_Transport_Do.html,print,print pack,box,,print,,,☐ Stated that compare needs similarities and differences.
LAUNCH__SCI_L_W6L3_Compare_Transport_Do.html,print,print pack,box,,print,,,"☐ Compared two processes using direction, energy and what moves."
LAUNCH__SCI_L_W6L3_Compare_Transport_Do.html,print,print pack,box,,print,,,☐ Wrote a compare answer covering both sides.
LAUNCH__SCI_L_W6L3_Compare_Transport_Do.html,print,print pack,box,,print,,,Assessor comment
LAUNCH__SCI_L_W6L3_Compare_Transport_Do.html,print,print pack,box,,print,,,Ring the tier the pupil actually worked at
LAUNCH__SCI_L_W6L3_Compare_Transport_Do.html,print,print pack,box,,print,,,Assessor name ______________ Role ____________ Signature ______________ Date ________
LAUNCH__SCI_L_W7L1_Topic_1_Round_Up_Introduce.html,arrival,🚪 Arrival · previous learning,arrival,Supported,screen,,,Point to the column that says energy.
LAUNCH__SCI_L_W7L1_Topic_1_Round_Up_Introduce.html,arrival,🚪 Arrival · previous learning,arrival,Supported,screen,,,Say where a root hair is found.
LAUNCH__SCI_L_W7L1_Topic_1_Round_Up_Introduce.html,arrival,🚪 Arrival · previous learning,arrival,Supported,screen,,,Point to the microscope.
LAUNCH__SCI_L_W7L1_Topic_1_Round_Up_Introduce.html,arrival,🚪 Arrival · previous learning,arrival,Supported,screen,,,Today we pull Topic 1 together. Point to the first idea on the map.
LAUNCH__SCI_L_W7L1_Topic_1_Round_Up_Introduce.html,arrival,🚪 Arrival · previous learning,arrival,Standard,screen,,,Last lesson you compared the three transport processes. Which one needs energy?
LAUNCH__SCI_L_W7L1_Topic_1_Round_Up_Introduce.html,arrival,🚪 Arrival · previous learning,arrival,Standard,screen,,,Week 6: how does a root hair cell take in minerals from dilute soil?
LAUNCH__SCI_L_W7L1_Topic_1_Round_Up_Introduce.html,arrival,🚪 Arrival · previous learning,arrival,Standard,screen,,,"Weeks 3–5: name the three ideas you have met — magnification, diffusion and one more."
LAUNCH__SCI_L_W7L1_Topic_1_Round_Up_Introduce.html,arrival,🚪 Arrival · previous learning,arrival,Standard,screen,,,Today we connect the whole topic. Which two ideas do you think link most closely?
LAUNCH__SCI_L_W7L1_Topic_1_Round_Up_Introduce.html,arrival,🚪 Arrival · previous learning,arrival,Stretch,screen,,,Last lesson: explain how you would decide the process from an unfamiliar example.
LAUNCH__SCI_L_W7L1_Topic_1_Round_Up_Introduce.html,arrival,🚪 Arrival · previous learning,arrival,Stretch,screen,,,Week 6: mineral uptake is linked to respiration. Explain the evidence for that.
LAUNCH__SCI_L_W7L1_Topic_1_Round_Up_Introduce.html,arrival,🚪 Arrival · previous learning,arrival,Stretch,screen,,,Weeks 3–5: microscopy came first. Explain how it made the transport explanations possible.
LAUNCH__SCI_L_W7L1_Topic_1_Round_Up_Introduce.html,arrival,🚪 Arrival · previous learning,arrival,Stretch,screen,,,Knowing facts separately is not the same as connecting them. Say what a connection adds.
LAUNCH__SCI_L_W7L1_Topic_1_Round_Up_Introduce.html,arrival,🚪 Arrival · previous learning,,,screen,,,Point to the column that says energy.
LAUNCH__SCI_L_W7L1_Topic_1_Round_Up_Introduce.html,arrival,🚪 Arrival · previous learning,,,screen,,,Say where a root hair is found.
LAUNCH__SCI_L_W7L1_Topic_1_Round_Up_Introduce.html,arrival,🚪 Arrival · previous learning,,,screen,,,Point to the microscope.
LAUNCH__SCI_L_W7L1_Topic_1_Round_Up_Introduce.html,arrival,🚪 Arrival · previous learning,,,screen,,,Today we pull Topic 1 together. Point to the first idea on the map.
LAUNCH__SCI_L_W7L1_Topic_1_Round_Up_Introduce.html,arrival,🚪 Arrival · previous learning,,,screen,,,Last lesson you compared the three transport processes. Which one needs energy?
LAUNCH__SCI_L_W7L1_Topic_1_Round_Up_Introduce.html,arrival,🚪 Arrival · previous learning,,,screen,,,Week 6: how does a root hair cell take in minerals from dilute soil?
LAUNCH__SCI_L_W7L1_Topic_1_Round_Up_Introduce.html,arrival,🚪 Arrival · previous learning,,,screen,,,"Weeks 3–5: name the three ideas you have met — magnification, diffusion and one more."
LAUNCH__SCI_L_W7L1_Topic_1_Round_Up_Introduce.html,arrival,🚪 Arrival · previous learning,,,screen,,,Today we connect the whole topic. Which two ideas do you think link most closely?
LAUNCH__SCI_L_W7L1_Topic_1_Round_Up_Introduce.html,arrival,🚪 Arrival · previous learning,,,screen,,,Last lesson: explain how you would decide the process from an unfamiliar example.
LAUNCH__SCI_L_W7L1_Topic_1_Round_Up_Introduce.html,arrival,🚪 Arrival · previous learning,,,screen,,,Week 6: mineral uptake is linked to respiration. Explain the evidence for that.
LAUNCH__SCI_L_W7L1_Topic_1_Round_Up_Introduce.html,arrival,🚪 Arrival · previous learning,,,screen,,,Weeks 3–5: microscopy came first. Explain how it made the transport explanations possible.
LAUNCH__SCI_L_W7L1_Topic_1_Round_Up_Introduce.html,arrival,🚪 Arrival · previous learning,,,screen,,,Knowing facts separately is not the same as connecting them. Say what a connection adds.
LAUNCH__SCI_L_W7L1_Topic_1_Round_Up_Introduce.html,starter,🌱 Starter · observe / predict,,,screen,,,"Magnification, diffusion, osmosis and active transport seem separate. What single object connects them?"
LAUNCH__SCI_L_W7L1_Topic_1_Round_Up_Introduce.html,independent,✏️ Independent · evidence & transfer,,,screen,,,Build a Topic 1 map from memory. Work on your own first. Then open the reveal. Check each link. Correct the weak ones. Mark each fix in a new colour.
LAUNCH__SCI_L_W7L1_Topic_1_Round_Up_Introduce.html,independent,✏️ Independent · evidence & transfer,,,screen,,,◆ Start with a part-complete map. Place the missing words. 🧰 Scaffold Take the cue cards away. One at a time. Fade: remove the first prompt that no longer changes success.
LAUNCH__SCI_L_W7L1_Topic_1_Round_Up_Introduce.html,independent,✏️ Independent · evidence & transfer,,,screen,,,▲ Use a blank map. Fill in all four branches. 🧰 Scaffold Write a short definition first. Then the application. Fade: remove the first prompt that no longer changes success.
LAUNCH__SCI_L_W7L1_Topic_1_Round_Up_Introduce.html,independent,✏️ Independent · evidence & transfer,,,screen,,,★ Add cross-links to your map. Give one application for each transport process. 🧰 Scaffold A cross-link explains a relationship. It is not just one more fact. Fade: remove the first prompt that no longer changes success.
LAUNCH__SCI_L_W7L1_Topic_1_Round_Up_Introduce.html,exit,🎫 Exit · receive and use the response,exit,Supported,screen,,,Which two processes are passive?
LAUNCH__SCI_L_W7L1_Topic_1_Round_Up_Introduce.html,exit,🎫 Exit · receive and use the response,exit,Standard,screen,,,Define osmosis.
LAUNCH__SCI_L_W7L1_Topic_1_Round_Up_Introduce.html,exit,🎫 Exit · receive and use the response,exit,Stretch,screen,,,Explain one connection between magnification and cell transport.
LAUNCH__SCI_L_W7L1_Topic_1_Round_Up_Introduce.html,exit,🎫 Exit · receive and use the response,,,screen,,,Which two processes are passive?
LAUNCH__SCI_L_W7L1_Topic_1_Round_Up_Introduce.html,exit,🎫 Exit · receive and use the response,,,screen,,,Define osmosis.
LAUNCH__SCI_L_W7L1_Topic_1_Round_Up_Introduce.html,exit,🎫 Exit · receive and use the response,,,screen,,,Explain one connection between magnification and cell transport.
LAUNCH__SCI_L_W7L1_Topic_1_Round_Up_Introduce.html,print,print pack,route,Supported,print,,,◆ Part-complete map + words to place.
LAUNCH__SCI_L_W7L1_Topic_1_Round_Up_Introduce.html,print,print pack,route,Standard,print,,,▲ Blank map with four branches.
LAUNCH__SCI_L_W7L1_Topic_1_Round_Up_Introduce.html,print,print pack,route,Stretch,print,,,★ Cross-links + one application example per transport process.
LAUNCH__SCI_L_W7L1_Topic_1_Round_Up_Introduce.html,print,print pack,box,,print,,,Name: _______________________________ Date: ______________________
LAUNCH__SCI_L_W7L1_Topic_1_Round_Up_Introduce.html,print,print pack,box,,print,,,"Not here last lesson? Everything you need is in the Retrieval box below — read it, then answer."
LAUNCH__SCI_L_W7L1_Topic_1_Round_Up_Introduce.html,print,print pack,box,,print,,,Learning objective: I can retrieve and connect the key concepts from GCSE Biology Topic 1.
LAUNCH__SCI_L_W7L1_Topic_1_Round_Up_Introduce.html,print,print pack,box,,print,,,"Retrieval: W3–6 magnification, diffusion, osmosis, active transport."
LAUNCH__SCI_L_W7L1_Topic_1_Round_Up_Introduce.html,print,print pack,box,,print,,,R1 · Last lesson: Last lesson you compared the three transport processes. Which one needs energy?
LAUNCH__SCI_L_W7L1_Topic_1_Round_Up_Introduce.html,print,print pack,box,,print,,,R2 · Week 6: Week 6: how does a root hair cell take in minerals from dilute soil?
LAUNCH__SCI_L_W7L1_Topic_1_Round_Up_Introduce.html,print,print pack,box,,print,,,"R3 · Weeks 3–5: Weeks 3–5: name the three ideas you have met — magnification, diffusion and one more."
LAUNCH__SCI_L_W7L1_Topic_1_Round_Up_Introduce.html,print,print pack,box,,print,,,Lead-in · Into today: Today we connect the whole topic. Which two ideas do you think link most closely?
LAUNCH__SCI_L_W7L1_Topic_1_Round_Up_Introduce.html,print,print pack,box,,print,,,◆ Part-complete map + words to place.
LAUNCH__SCI_L_W7L1_Topic_1_Round_Up_Introduce.html,print,print pack,box,,print,,,▲ Blank map with four branches.
LAUNCH__SCI_L_W7L1_Topic_1_Round_Up_Introduce.html,print,print pack,box,,print,,,★ Cross-links + one application example per transport process.
LAUNCH__SCI_L_W7L1_Topic_1_Round_Up_Introduce.html,print,print pack,box,,print,,,Pupil knowledge map + visible corrections/additions after feedback.
LAUNCH__SCI_L_W7L1_Topic_1_Round_Up_Introduce.html,print,print pack,box,,print,,,Supported: Which two processes are passive?
LAUNCH__SCI_L_W7L1_Topic_1_Round_Up_Introduce.html,print,print pack,box,,print,,,Standard: Define osmosis.
LAUNCH__SCI_L_W7L1_Topic_1_Round_Up_Introduce.html,print,print pack,box,,print,,,Stretch: Explain one connection between magnification and cell transport.
LAUNCH__SCI_L_W7L1_Topic_1_Round_Up_Introduce.html,print,print pack,box,,print,,,Adult genuinely receives the response. No signature/initial is required.
LAUNCH__SCI_L_W7L1_Topic_1_Round_Up_Introduce.html,print,print pack,box,,print,,,"Closing the loop: this one ends on paper — your own hand, or your words scribed by an adult. Saying it aloud starts the loop; writing it is what closes it. Pass is always allowed."
LAUNCH__SCI_L_W7L1_Topic_1_Round_Up_Introduce.html,print,print pack,box,,print,,,"What I said, and what it changed:"
LAUNCH__SCI_L_W7L1_Topic_1_Round_Up_Introduce.html,print,print pack,box,,print,,,"Pearson Edexcel GCSE (9–1) Biology 1BI0 (Foundation, grades 1–5); GCSE Combined Science 1SC0 F where appropriate; AQA UAS science units Records what was observed, and at which level of independence."
LAUNCH__SCI_L_W7L1_Topic_1_Round_Up_Introduce.html,print,print pack,box,,print,,,Observed in this lesson
LAUNCH__SCI_L_W7L1_Topic_1_Round_Up_Introduce.html,print,print pack,box,,print,,,☐ Recalled the magnification equation and resolution.
LAUNCH__SCI_L_W7L1_Topic_1_Round_Up_Introduce.html,print,print pack,box,,print,,,"☐ Defined diffusion, osmosis and active transport."
LAUNCH__SCI_L_W7L1_Topic_1_Round_Up_Introduce.html,print,print pack,box,,print,,,☐ Identified which processes need energy and which go against the gradient.
LAUNCH__SCI_L_W7L1_Topic_1_Round_Up_Introduce.html,print,print pack,box,,print,,,Assessor comment
LAUNCH__SCI_L_W7L1_Topic_1_Round_Up_Introduce.html,print,print pack,box,,print,,,Ring the tier the pupil actually worked at
LAUNCH__SCI_L_W7L1_Topic_1_Round_Up_Introduce.html,print,print pack,box,,print,,,Assessor name ______________ Role ____________ Signature ______________ Date ________
LAUNCH__SCI_L_W7L2_Command_Words_Explore.html,arrival,🚪 Arrival · previous learning,arrival,Supported,screen,,,Point to two ideas that link on the map.
LAUNCH__SCI_L_W7L2_Command_Words_Explore.html,arrival,🚪 Arrival · previous learning,arrival,Supported,screen,,,Say which process needs energy.
LAUNCH__SCI_L_W7L2_Command_Words_Explore.html,arrival,🚪 Arrival · previous learning,arrival,Supported,screen,,,Point to the membrane on the diagram.
LAUNCH__SCI_L_W7L2_Command_Words_Explore.html,arrival,🚪 Arrival · previous learning,arrival,Supported,screen,,,Look at the two questions. Point to the first word of each.
LAUNCH__SCI_L_W7L2_Command_Words_Explore.html,arrival,🚪 Arrival · previous learning,arrival,Standard,screen,,,"Last lesson you connected Topic 1. Name two ideas that link, and say how."
LAUNCH__SCI_L_W7L2_Command_Words_Explore.html,arrival,🚪 Arrival · previous learning,arrival,Standard,screen,,,Week 6: what makes active transport different from diffusion?
LAUNCH__SCI_L_W7L2_Command_Words_Explore.html,arrival,🚪 Arrival · previous learning,arrival,Standard,screen,,,Week 5: define osmosis.
LAUNCH__SCI_L_W7L2_Command_Words_Explore.html,arrival,🚪 Arrival · previous learning,arrival,Standard,screen,,,"Describe, explain and calculate are different instructions. What does each one ask you to do?"
LAUNCH__SCI_L_W7L2_Command_Words_Explore.html,arrival,🚪 Arrival · previous learning,arrival,Stretch,screen,,,Last lesson: explain one link across Topic 1 that you could use in an answer.
LAUNCH__SCI_L_W7L2_Command_Words_Explore.html,arrival,🚪 Arrival · previous learning,arrival,Stretch,screen,,,Week 6: explain how evidence distinguishes active transport from diffusion.
LAUNCH__SCI_L_W7L2_Command_Words_Explore.html,arrival,🚪 Arrival · previous learning,arrival,Stretch,screen,,,Week 5: explain what percentage change let you compare that raw mass could not.
LAUNCH__SCI_L_W7L2_Command_Words_Explore.html,arrival,🚪 Arrival · previous learning,arrival,Stretch,screen,,,Two questions on the same Biology can need completely different answers. Say what decides that.
LAUNCH__SCI_L_W7L2_Command_Words_Explore.html,arrival,🚪 Arrival · previous learning,,,screen,,,Point to two ideas that link on the map.
LAUNCH__SCI_L_W7L2_Command_Words_Explore.html,arrival,🚪 Arrival · previous learning,,,screen,,,Say which process needs energy.
LAUNCH__SCI_L_W7L2_Command_Words_Explore.html,arrival,🚪 Arrival · previous learning,,,screen,,,Point to the membrane on the diagram.
LAUNCH__SCI_L_W7L2_Command_Words_Explore.html,arrival,🚪 Arrival · previous learning,,,screen,,,Look at the two questions. Point to the first word of each.
LAUNCH__SCI_L_W7L2_Command_Words_Explore.html,arrival,🚪 Arrival · previous learning,,,screen,,,"Last lesson you connected Topic 1. Name two ideas that link, and say how."
LAUNCH__SCI_L_W7L2_Command_Words_Explore.html,arrival,🚪 Arrival · previous learning,,,screen,,,Week 6: what makes active transport different from diffusion?
LAUNCH__SCI_L_W7L2_Command_Words_Explore.html,arrival,🚪 Arrival · previous learning,,,screen,,,Week 5: define osmosis.
LAUNCH__SCI_L_W7L2_Command_Words_Explore.html,arrival,🚪 Arrival · previous learning,,,screen,,,"Describe, explain and calculate are different instructions. What does each one ask you to do?"
LAUNCH__SCI_L_W7L2_Command_Words_Explore.html,arrival,🚪 Arrival · previous learning,,,screen,,,Last lesson: explain one link across Topic 1 that you could use in an answer.
LAUNCH__SCI_L_W7L2_Command_Words_Explore.html,arrival,🚪 Arrival · previous learning,,,screen,,,Week 6: explain how evidence distinguishes active transport from diffusion.
LAUNCH__SCI_L_W7L2_Command_Words_Explore.html,arrival,🚪 Arrival · previous learning,,,screen,,,Week 5: explain what percentage change let you compare that raw mass could not.
LAUNCH__SCI_L_W7L2_Command_Words_Explore.html,arrival,🚪 Arrival · previous learning,,,screen,,,Two questions on the same Biology can need completely different answers. Say what decides that.
LAUNCH__SCI_L_W7L2_Command_Words_Explore.html,starter,🌱 Starter · observe / predict,,,screen,,,"Same Biology, four questions: describe, explain, calculate, compare. Why can correct facts still answer the wrong question?"
LAUNCH__SCI_L_W7L2_Command_Words_Explore.html,independent,✏️ Independent · evidence & transfer,,,screen,,,Answer the mixed Topic 1 prompts. Two answers do not match their command word. Say why. Fix them.
LAUNCH__SCI_L_W7L2_Command_Words_Explore.html,independent,✏️ Independent · evidence & transfer,,,screen,,,◆ Six questions. Command words are highlighted. Use the frames. 🧰 Scaffold Command-word list stays in view. Fade: remove the first prompt that no longer changes success.
LAUNCH__SCI_L_W7L2_Command_Words_Explore.html,independent,✏️ Independent · evidence & transfer,,,screen,,,▲ Eight mixed questions. Some say calculate. Some say compare. 🧰 Scaffold Circle the command word. Underline the data. Then the subject. Fade: remove the first prompt that no longer changes success.
LAUNCH__SCI_L_W7L2_Command_Words_Explore.html,independent,✏️ Independent · evidence & transfer,,,screen,,,★ Answer all eight. Then edit your own work. Make it precise. 🧰 Scaffold Cut what is not needed. Do not add more. Fade: remove the first prompt that no longer changes success.
LAUNCH__SCI_L_W7L2_Command_Words_Explore.html,exit,🎫 Exit · receive and use the response,exit,Supported,screen,,,What does EXPLAIN require?
LAUNCH__SCI_L_W7L2_Command_Words_Explore.html,exit,🎫 Exit · receive and use the response,exit,Standard,screen,,,What must COMPARE include?
LAUNCH__SCI_L_W7L2_Command_Words_Explore.html,exit,🎫 Exit · receive and use the response,exit,Stretch,screen,,,Rewrite a description into an explanation.
LAUNCH__SCI_L_W7L2_Command_Words_Explore.html,exit,🎫 Exit · receive and use the response,,,screen,,,What does EXPLAIN require?
LAUNCH__SCI_L_W7L2_Command_Words_Explore.html,exit,🎫 Exit · receive and use the response,,,screen,,,What must COMPARE include?
LAUNCH__SCI_L_W7L2_Command_Words_Explore.html,exit,🎫 Exit · receive and use the response,,,screen,,,Rewrite a description into an explanation.
LAUNCH__SCI_L_W7L2_Command_Words_Explore.html,print,print pack,route,Supported,print,,,◆ Six questions with highlighted command words/frames.
LAUNCH__SCI_L_W7L2_Command_Words_Explore.html,print,print pack,route,Standard,print,,,▲ Eight mixed incl calculate/compare.
LAUNCH__SCI_L_W7L2_Command_Words_Explore.html,print,print pack,route,Stretch,print,,,★ Eight plus self-edit for precision/relevance.
LAUNCH__SCI_L_W7L2_Command_Words_Explore.html,print,print pack,box,,print,,,Name: _______________________________ Date: ______________________
LAUNCH__SCI_L_W7L2_Command_Words_Explore.html,print,print pack,box,,print,,,"Not here last lesson? Everything you need is in the Retrieval box below — read it, then answer."
LAUNCH__SCI_L_W7L2_Command_Words_Explore.html,print,print pack,box,,print,,,Learning objective: I can identify what a GCSE command word requires and shape my Biology answer accordingly.
LAUNCH__SCI_L_W7L2_Command_Words_Explore.html,print,print pack,box,,print,,,Retrieval: W7L1 connected Topic 1 knowledge map.
LAUNCH__SCI_L_W7L2_Command_Words_Explore.html,print,print pack,box,,print,,,"R1 · Last lesson: Last lesson you connected Topic 1. Name two ideas that link, and say how."
LAUNCH__SCI_L_W7L2_Command_Words_Explore.html,print,print pack,box,,print,,,R2 · Week 6: Week 6: what makes active transport different from diffusion?
LAUNCH__SCI_L_W7L2_Command_Words_Explore.html,print,print pack,box,,print,,,R3 · Week 5: Week 5: define osmosis.
LAUNCH__SCI_L_W7L2_Command_Words_Explore.html,print,print pack,box,,print,,,"Lead-in · Into today: Describe, explain and calculate are different instructions. What does each one ask you to do?"
LAUNCH__SCI_L_W7L2_Command_Words_Explore.html,print,print pack,box,,print,,,◆ Six questions with highlighted command words/frames.
LAUNCH__SCI_L_W7L2_Command_Words_Explore.html,print,print pack,box,,print,,,▲ Eight mixed incl calculate/compare.
LAUNCH__SCI_L_W7L2_Command_Words_Explore.html,print,print pack,box,,print,,,★ Eight plus self-edit for precision/relevance.
LAUNCH__SCI_L_W7L2_Command_Words_Explore.html,print,print pack,box,,print,,,Mixed answer set + command-word annotations + two repairs.
LAUNCH__SCI_L_W7L2_Command_Words_Explore.html,print,print pack,box,,print,,,Supported: What does EXPLAIN require?
LAUNCH__SCI_L_W7L2_Command_Words_Explore.html,print,print pack,box,,print,,,Standard: What must COMPARE include?
LAUNCH__SCI_L_W7L2_Command_Words_Explore.html,print,print pack,box,,print,,,Stretch: Rewrite a description into an explanation.
LAUNCH__SCI_L_W7L2_Command_Words_Explore.html,print,print pack,box,,print,,,Adult genuinely receives the response. No signature/initial is required.
LAUNCH__SCI_L_W7L2_Command_Words_Explore.html,print,print pack,box,,print,,,"Closing the loop: this one ends on paper — your own hand, or your words scribed by an adult. Saying it aloud starts the loop; writing it is what closes it. Pass is always allowed."
LAUNCH__SCI_L_W7L2_Command_Words_Explore.html,print,print pack,box,,print,,,"What I said, and what it changed:"
LAUNCH__SCI_L_W7L2_Command_Words_Explore.html,print,print pack,box,,print,,,"Pearson Edexcel GCSE (9–1) Biology 1BI0 (Foundation, grades 1–5); GCSE Combined Science 1SC0 F where appropriate; AQA UAS science units Records what was observed, and at which level of independence."
LAUNCH__SCI_L_W7L2_Command_Words_Explore.html,print,print pack,box,,print,,,Observed in this lesson
LAUNCH__SCI_L_W7L2_Command_Words_Explore.html,print,print pack,box,,print,,,☐ Stated what each command word requires.
LAUNCH__SCI_L_W7L2_Command_Words_Explore.html,print,print pack,box,,print,,,☐ Answered Topic 1 questions to the correct shape.
LAUNCH__SCI_L_W7L2_Command_Words_Explore.html,print,print pack,box,,print,,,☐ Spotted an answer that did not match its command word.
LAUNCH__SCI_L_W7L2_Command_Words_Explore.html,print,print pack,box,,print,,,Assessor comment
LAUNCH__SCI_L_W7L2_Command_Words_Explore.html,print,print pack,box,,print,,,Ring the tier the pupil actually worked at
LAUNCH__SCI_L_W7L2_Command_Words_Explore.html,print,print pack,box,,print,,,Assessor name ______________ Role ____________ Signature ______________ Date ________
LAUNCH__SCI_L_W7L3_Exam_Practice_Do.html,arrival,🚪 Arrival · previous learning,arrival,Supported,screen,,,Point to the word explain on the card.
LAUNCH__SCI_L_W7L3_Exam_Practice_Do.html,arrival,🚪 Arrival · previous learning,arrival,Supported,screen,,,Say one idea from Topic 1.
LAUNCH__SCI_L_W7L3_Exam_Practice_Do.html,arrival,🚪 Arrival · previous learning,arrival,Supported,screen,,,Point to the process that needs energy.
LAUNCH__SCI_L_W7L3_Exam_Practice_Do.html,arrival,🚪 Arrival · previous learning,arrival,Supported,screen,,,"Today you answer on your own, then improve one. Point to the first question."
LAUNCH__SCI_L_W7L3_Exam_Practice_Do.html,arrival,🚪 Arrival · previous learning,arrival,Standard,screen,,,Last lesson you decoded command words. What does explain ask you to do?
LAUNCH__SCI_L_W7L3_Exam_Practice_Do.html,arrival,🚪 Arrival · previous learning,arrival,Standard,screen,,,"Week 7: name two Topic 1 ideas that connect, and say how."
LAUNCH__SCI_L_W7L3_Exam_Practice_Do.html,arrival,🚪 Arrival · previous learning,arrival,Standard,screen,,,"Weeks 3–6: state the magnification equation, and compare active transport with diffusion."
LAUNCH__SCI_L_W7L3_Exam_Practice_Do.html,arrival,🚪 Arrival · previous learning,arrival,Standard,screen,,,"Today you write, then improve one answer. What would make an improvement real rather than cosmetic?"
LAUNCH__SCI_L_W7L3_Exam_Practice_Do.html,arrival,🚪 Arrival · previous learning,arrival,Stretch,screen,,,Last lesson: explain how the command word changes the shape of your answer.
LAUNCH__SCI_L_W7L3_Exam_Practice_Do.html,arrival,🚪 Arrival · previous learning,arrival,Stretch,screen,,,Week 7: explain a link across Topic 1 that an unfamiliar question might need.
LAUNCH__SCI_L_W7L3_Exam_Practice_Do.html,arrival,🚪 Arrival · previous learning,arrival,Stretch,screen,,,Weeks 3–6: a question can ask about magnification or about water crossing a partially permeable membrane. Explain how you would tell which one it is testing.
LAUNCH__SCI_L_W7L3_Exam_Practice_Do.html,arrival,🚪 Arrival · previous learning,arrival,Stretch,screen,,,Rewriting an answer neatly is not improving it. Say what a genuine improvement changes.
LAUNCH__SCI_L_W7L3_Exam_Practice_Do.html,arrival,🚪 Arrival · previous learning,,,screen,,,Point to the word explain on the card.
LAUNCH__SCI_L_W7L3_Exam_Practice_Do.html,arrival,🚪 Arrival · previous learning,,,screen,,,Say one idea from Topic 1.
LAUNCH__SCI_L_W7L3_Exam_Practice_Do.html,arrival,🚪 Arrival · previous learning,,,screen,,,Point to the process that needs energy.
LAUNCH__SCI_L_W7L3_Exam_Practice_Do.html,arrival,🚪 Arrival · previous learning,,,screen,,,"Today you answer on your own, then improve one. Point to the first question."
LAUNCH__SCI_L_W7L3_Exam_Practice_Do.html,arrival,🚪 Arrival · previous learning,,,screen,,,Last lesson you decoded command words. What does explain ask you to do?
LAUNCH__SCI_L_W7L3_Exam_Practice_Do.html,arrival,🚪 Arrival · previous learning,,,screen,,,"Week 7: name two Topic 1 ideas that connect, and say how."
LAUNCH__SCI_L_W7L3_Exam_Practice_Do.html,arrival,🚪 Arrival · previous learning,,,screen,,,"Weeks 3–6: state the magnification equation, and compare active transport with diffusion."
LAUNCH__SCI_L_W7L3_Exam_Practice_Do.html,arrival,🚪 Arrival · previous learning,,,screen,,,"Today you write, then improve one answer. What would make an improvement real rather than cosmetic?"
LAUNCH__SCI_L_W7L3_Exam_Practice_Do.html,arrival,🚪 Arrival · previous learning,,,screen,,,Last lesson: explain how the command word changes the shape of your answer.
LAUNCH__SCI_L_W7L3_Exam_Practice_Do.html,arrival,🚪 Arrival · previous learning,,,screen,,,Week 7: explain a link across Topic 1 that an unfamiliar question might need.
LAUNCH__SCI_L_W7L3_Exam_Practice_Do.html,arrival,🚪 Arrival · previous learning,,,screen,,,Weeks 3–6: a question can ask about magnification or about water crossing a partially permeable membrane. Explain how you would tell which one it is testing.
LAUNCH__SCI_L_W7L3_Exam_Practice_Do.html,arrival,🚪 Arrival · previous learning,,,screen,,,Rewriting an answer neatly is not improving it. Say what a genuine improvement changes.
LAUNCH__SCI_L_W7L3_Exam_Practice_Do.html,starter,🌱 Starter · observe / predict,,,screen,,,"Today is independent practice, not a grade event. What counts as useful evidence if a first answer is wrong but improves after feedback?"
LAUNCH__SCI_L_W7L3_Exam_Practice_Do.html,independent,✏️ Independent · evidence & transfer,,,screen,,,Do the mixed Topic 1 practice set. Work on your own. Then pick one answer. Ask for feedback. Make one change you can see. Explain it.
LAUNCH__SCI_L_W7L3_Exam_Practice_Do.html,independent,✏️ Independent · evidence & transfer,,,screen,,,◆ Do a shorter mixed set. Notes are allowed. A reader or scribe too. 🧰 Scaffold Scaffolds stay in view. Say what you did on your own. Fade: remove the first prompt that no longer changes success.
LAUNCH__SCI_L_W7L3_Exam_Practice_Do.html,independent,✏️ Independent · evidence & transfer,,,screen,,,▲ Do the full mixed set. It is Foundation style. 🧰 Scaffold Use the command-word list. Use the calculation list. Work on your own. Fade: remove the first prompt that no longer changes success.
LAUNCH__SCI_L_W7L3_Exam_Practice_Do.html,independent,✏️ Independent · evidence & transfer,,,screen,,,★ Do the full set. Add one new application. Add one evaluation. IGCSE extension is for named learners. 🧰 Scaffold Extension means deeper reasoning. Not more questions. Fade: remove the first prompt that no longer changes success.
LAUNCH__SCI_L_W7L3_Exam_Practice_Do.html,exit,🎫 Exit · receive and use the response,exit,Supported,screen,,,Name one thing you can do more independently.
LAUNCH__SCI_L_W7L3_Exam_Practice_Do.html,exit,🎫 Exit · receive and use the response,exit,Standard,screen,,,State the scientific change you made after feedback.
LAUNCH__SCI_L_W7L3_Exam_Practice_Do.html,exit,🎫 Exit · receive and use the response,exit,Stretch,screen,,,Identify the next Topic 1 skill to improve and why.
LAUNCH__SCI_L_W7L3_Exam_Practice_Do.html,exit,🎫 Exit · receive and use the response,,,screen,,,Name one thing you can do more independently.
LAUNCH__SCI_L_W7L3_Exam_Practice_Do.html,exit,🎫 Exit · receive and use the response,,,screen,,,State the scientific change you made after feedback.
LAUNCH__SCI_L_W7L3_Exam_Practice_Do.html,exit,🎫 Exit · receive and use the response,,,screen,,,Identify the next Topic 1 skill to improve and why.
LAUNCH__SCI_L_W7L3_Exam_Practice_Do.html,print,print pack,route,Supported,print,,,◆ Reduced mixed set with references and authorised reader/scribe.
LAUNCH__SCI_L_W7L3_Exam_Practice_Do.html,print,print pack,route,Standard,print,,,▲ Full Foundation-style mixed set.
LAUNCH__SCI_L_W7L3_Exam_Practice_Do.html,print,print pack,route,Stretch,print,,,★ Full set plus unfamiliar application/evaluation; IGCSE extension only for identified learners.
LAUNCH__SCI_L_W7L3_Exam_Practice_Do.html,print,print pack,box,,print,,,Name: _______________________________ Date: ______________________
LAUNCH__SCI_L_W7L3_Exam_Practice_Do.html,print,print pack,box,,print,,,"Not here last lesson? Everything you need is in the Retrieval box below — read it, then answer."
LAUNCH__SCI_L_W7L3_Exam_Practice_Do.html,print,print pack,box,,print,,,Learning objective: I can independently apply Topic 1 knowledge to GCSE-style questions and use feedback to improve one response.
LAUNCH__SCI_L_W7L3_Exam_Practice_Do.html,print,print pack,box,,print,,,Retrieval: W7L1–2 knowledge + command-word answer shapes. Osmosis: water moves through a partially permeable membrane.
LAUNCH__SCI_L_W7L3_Exam_Practice_Do.html,print,print pack,box,,print,,,R1 · Last lesson: Last lesson you decoded command words. What does explain ask you to do?
LAUNCH__SCI_L_W7L3_Exam_Practice_Do.html,print,print pack,box,,print,,,"R2 · Week 7 · lesson 1: Week 7: name two Topic 1 ideas that connect, and say how."
LAUNCH__SCI_L_W7L3_Exam_Practice_Do.html,print,print pack,box,,print,,,"R3 · Weeks 3–6: Weeks 3–6: state the magnification equation, and compare active transport with diffusion."
LAUNCH__SCI_L_W7L3_Exam_Practice_Do.html,print,print pack,box,,print,,,"Lead-in · Into today: Today you write, then improve one answer. What would make an improvement real rather than cosmetic?"
LAUNCH__SCI_L_W7L3_Exam_Practice_Do.html,print,print pack,box,,print,,,◆ Reduced mixed set with references and authorised reader/scribe.
LAUNCH__SCI_L_W7L3_Exam_Practice_Do.html,print,print pack,box,,print,,,▲ Full Foundation-style mixed set.
LAUNCH__SCI_L_W7L3_Exam_Practice_Do.html,print,print pack,box,,print,,,★ Full set plus unfamiliar application/evaluation; IGCSE extension only for identified learners.
LAUNCH__SCI_L_W7L3_Exam_Practice_Do.html,print,print pack,box,,print,,,Independent practice + feedback-response edit/re-attempt + adult-received explanation.
LAUNCH__SCI_L_W7L3_Exam_Practice_Do.html,print,print pack,box,,print,,,Supported: Name one thing you can do more independently.
LAUNCH__SCI_L_W7L3_Exam_Practice_Do.html,print,print pack,box,,print,,,Standard: State the scientific change you made after feedback.
LAUNCH__SCI_L_W7L3_Exam_Practice_Do.html,print,print pack,box,,print,,,Stretch: Identify the next Topic 1 skill to improve and why.
LAUNCH__SCI_L_W7L3_Exam_Practice_Do.html,print,print pack,box,,print,,,Adult genuinely receives the response. No signature/initial is required.
LAUNCH__SCI_L_W7L3_Exam_Practice_Do.html,print,print pack,box,,print,,,"Closing the loop: this one ends on paper — your own hand, or your words scribed by an adult. Saying it aloud starts the loop; writing it is what closes it. Pass is always allowed."
LAUNCH__SCI_L_W7L3_Exam_Practice_Do.html,print,print pack,box,,print,,,"What I said, and what it changed:"
LAUNCH__SCI_L_W7L3_Exam_Practice_Do.html,print,print pack,box,,print,,,"Pearson Edexcel GCSE (9–1) Biology 1BI0 (Foundation, grades 1–5); GCSE Combined Science 1SC0 F where appropriate; AQA UAS science units Records what was observed, and at which level of independence."
LAUNCH__SCI_L_W7L3_Exam_Practice_Do.html,print,print pack,box,,print,,,Observed in this lesson
LAUNCH__SCI_L_W7L3_Exam_Practice_Do.html,print,print pack,box,,print,,,"☐ Distinguished describe, explain and calculate."
LAUNCH__SCI_L_W7L3_Exam_Practice_Do.html,print,print pack,box,,print,,,☐ Showed full working on a calculation question.
LAUNCH__SCI_L_W7L3_Exam_Practice_Do.html,print,print pack,box,,print,,,☐ Identified the missing element in a weak answer.
LAUNCH__SCI_L_W7L3_Exam_Practice_Do.html,print,print pack,box,,print,,,Assessor comment
LAUNCH__SCI_L_W7L3_Exam_Practice_Do.html,print,print pack,box,,print,,,Ring the tier the pupil actually worked at
LAUNCH__SCI_L_W7L3_Exam_Practice_Do.html,print,print pack,box,,print,,,Assessor name ______________ Role ____________ Signature ______________ Date ________
