file,slide,tier,surface,fk,words,stem
BUILD__SCI_B_W3A_Backbones_Explore.html,arrival,Supported,screen,4.8,11,What you know: Point to the backbone on the skeleton picture.
BUILD__SCI_B_W3A_Backbones_Explore.html,arrival,Supported,screen,4.8,10,Animals you know: Point to an animal card you know.
BUILD__SCI_B_W3A_Backbones_Explore.html,arrival,Supported,screen,3.3,13,Think about it: Point to a hard animal. Point to a soft animal.
BUILD__SCI_B_W3A_Backbones_Explore.html,arrival,Supported,screen,1.6,11,Lead-in: Look at the crab picture. Point to its hard outside.
BUILD__SCI_B_W3A_Backbones_Explore.html,arrival,Standard,screen,1.5,14,What you know: Name two bones you already know. Then point to the backbone.
BUILD__SCI_B_W3A_Backbones_Explore.html,arrival,Standard,screen,3.1,15,Animals you know: Name an animal you think has bones inside. Say how you know.
BUILD__SCI_B_W3A_Backbones_Explore.html,arrival,Standard,screen,3.7,9,Think about it: Say one thing a skeleton does.
BUILD__SCI_B_W3A_Backbones_Explore.html,arrival,Standard,screen,2.4,13,Lead-in: A crab feels hard outside. Say one thing you notice about that.
BUILD__SCI_B_W3A_Backbones_Explore.html,arrival,Stretch,screen,5.8,13,What you know: What do you already know about what a skeleton does?
BUILD__SCI_B_W3A_Backbones_Explore.html,arrival,Stretch,screen,3.5,12,Animals you know: Which animals do you think have bones inside? Why?
BUILD__SCI_B_W3A_Backbones_Explore.html,arrival,Stretch,screen,2.3,15,Think about it: What might hold up an animal with no bones? Say your idea.
BUILD__SCI_B_W3A_Backbones_Explore.html,arrival,Stretch,screen,0.5,16,Lead-in: A crab is hard outside. A worm is soft. What questions does that give you?
BUILD__SCI_B_W3A_Backbones_Explore.html,starter,,screen,3.2,25,"A crab can feel hard and protected, but it has no bones inside. How can that be? Choose a hypothesis before we reveal the inside."
BUILD__SCI_B_W3A_Backbones_Explore.html,independent,,screen,3.6,27,Creature X-Ray case file. Sort the eight animal cards. Make two groups. Then pick one animal. Prove its classification. Your evidence is body parts yo
BUILD__SCI_B_W3A_Backbones_Explore.html,independent,,screen,2.0,47,◆ Use the BACKBONE mat. Use the NO BACKBONE mat. Sort your cards. Two anchor cards help. 🧰 Scaffold Anchor cards. A fish has an internal backbone. A c
BUILD__SCI_B_W3A_Backbones_Explore.html,independent,,screen,0.8,40,▲ Sort all eight animals. Then pick one. Write one ‘because’ sentence. It must prove your choice. 🧰 Scaffold Sentence stem. ‘The ___ is a ___ because 
BUILD__SCI_B_W3A_Backbones_Explore.html,independent,,screen,3.3,47,★ Sort them all. Justify two choices. An invertebrate has no backbone. Explain what holds it up. 🧰 Scaffold Add a counterexample. Pick a big animal. P
BUILD__SCI_B_W3A_Backbones_Explore.html,exit,Supported,screen,5.2,5,Circle the vertebrate: worm / cat.
BUILD__SCI_B_W3A_Backbones_Explore.html,exit,Standard,screen,5.8,12,Name one vertebrate and one invertebrate and give the test you used.
BUILD__SCI_B_W3A_Backbones_Explore.html,exit,Stretch,screen,9.7,12,Explain how an animal can be supported even without an internal backbone.
BUILD__SCI_B_W3A_Backbones_Explore.html,print,Supported,print,-0.0,16,◆ Use the BACKBONE mat. Use the NO BACKBONE mat. Sort your cards. Two anchor cards help.
BUILD__SCI_B_W3A_Backbones_Explore.html,print,Standard,print,0.7,16,▲ Sort all eight animals. Then pick one. Write one ‘because’ sentence. It must prove your choice.
BUILD__SCI_B_W3A_Backbones_Explore.html,print,Stretch,print,2.9,16,★ Sort them all. Justify two choices. An invertebrate has no backbone. Explain what holds it up.
BUILD__SCI_B_W3A_Backbones_Explore.html,print,,print,-3.0,2,Name: _______________________________ Date: ______________________
BUILD__SCI_B_W3A_Backbones_Explore.html,print,,print,3.0,19,"New to this class, or not sure? Everything you need is in the box above — read it, then answer."
BUILD__SCI_B_W3A_Backbones_Explore.html,print,,print,8.4,14,Learning objective: I can sort animals into those with a backbone and those without.
BUILD__SCI_B_W3A_Backbones_Explore.html,print,,print,6.7,31,Model: helps us see — The model helps us check one feature every time: the internal backbone. Does not show — It does not show every feature. Looks al
BUILD__SCI_B_W3A_Backbones_Explore.html,print,,print,6.4,22,Arrival — what you already know: Weeks 1 and 2 were baseline. There is no previous lesson to recall — this is where the teaching starts.
BUILD__SCI_B_W3A_Backbones_Explore.html,print,,print,3.3,38,Arrival (Supported forms): 1) Point to the backbone on the skeleton picture. 2) Point to an animal card you know. 3) Point to a hard animal. Point to 
BUILD__SCI_B_W3A_Backbones_Explore.html,print,,print,-0.0,16,◆ Use the BACKBONE mat. Use the NO BACKBONE mat. Sort your cards. Two anchor cards help.
BUILD__SCI_B_W3A_Backbones_Explore.html,print,,print,0.7,16,▲ Sort all eight animals. Then pick one. Write one ‘because’ sentence. It must prove your choice.
BUILD__SCI_B_W3A_Backbones_Explore.html,print,,print,2.9,16,★ Sort them all. Justify two choices. An invertebrate has no backbone. Explain what holds it up.
BUILD__SCI_B_W3A_Backbones_Explore.html,print,,print,3.1,21,"Your sorted mat and your reason. An adult may take a photo, watch you sort, or record your voice if allowed."
BUILD__SCI_B_W3A_Backbones_Explore.html,print,,print,6.4,6,Supported: Circle the vertebrate: worm / cat.
BUILD__SCI_B_W3A_Backbones_Explore.html,print,,print,6.7,13,Standard: Name one vertebrate and one invertebrate and give the test you used.
BUILD__SCI_B_W3A_Backbones_Explore.html,print,,print,9.4,13,Stretch: Explain how an animal can be supported even without an internal backbone.
BUILD__SCI_B_W3A_Backbones_Explore.html,print,,print,9.9,20,"Pearson Entry Level Science 8939 (E1→E3); AQA UAS science units Records what was observed, and at which level of independence."
BUILD__SCI_B_W3A_Backbones_Explore.html,print,,print,5.7,7,☐ Located the backbone on a diagram unaided.
BUILD__SCI_B_W3A_Backbones_Explore.html,print,,print,17.0,5,☐ Sorted animals into vertebrate / invertebrate.
BUILD__SCI_B_W3A_Backbones_Explore.html,print,,print,4.0,7,☐ Gave a reason using the word 'because'.
BUILD__SCI_B_W3A_Backbones_Explore.html,print,,print,3.8,8,Ring the tier the pupil actually worked at
BUILD__SCI_B_W3A_Backbones_Explore.html,print,,print,10.0,5,Assessor name ______________ Role ____________ Signature ______________ Date ________
BUILD__SCI_B_W3A_Backbones_Explore.html,print,,print,6.6,4,Date: ____________________ PUPIL / EVIDENCE ID: ____________________
BUILD__SCI_B_W3A_Backbones_Explore.html,print,,print,8.4,14,Learning objective: I can sort animals into those with a backbone and those without.
BUILD__SCI_B_W3A_Backbones_Explore.html,print,,print,4.6,26,"Optional one-page capture. Point, say, draw or have an adult scribe — writing is never required. This sheet adds to the tiered pack; it never replaces"
BUILD__SCI_B_W3B_Backbone_Detectives_Do.html,arrival,Supported,screen,4.8,11,Last lesson: Point to BACKBONE or NO BACKBONE for a robin.
BUILD__SCI_B_W3B_Backbone_Detectives_Do.html,arrival,Supported,screen,3.4,14,Last lesson: Point to the one with no backbone: the fish or the worm.
BUILD__SCI_B_W3B_Backbone_Detectives_Do.html,arrival,Supported,screen,3.7,10,Last lesson: Point to the backbone on the fish picture.
BUILD__SCI_B_W3B_Backbone_Detectives_Do.html,arrival,Supported,screen,4.2,13,Lead-in: Look at the mystery animal card. Point to one thing you notice.
BUILD__SCI_B_W3B_Backbone_Detectives_Do.html,arrival,Standard,screen,8.0,11,"Last lesson: Classify robin, snail and spider from the Explore lesson."
BUILD__SCI_B_W3B_Backbone_Detectives_Do.html,arrival,Standard,screen,6.8,12,Last lesson: Name one animal from last lesson with no backbone inside.
BUILD__SCI_B_W3B_Backbone_Detectives_Do.html,arrival,Standard,screen,3.7,11,Last lesson: Say where the backbone is on the fish picture.
BUILD__SCI_B_W3B_Backbone_Detectives_Do.html,arrival,Standard,screen,3.2,14,Lead-in: A detective uses clues. Say one clue an animal card could give you.
BUILD__SCI_B_W3B_Backbone_Detectives_Do.html,arrival,Stretch,screen,10.7,10,Last lesson: Give the rule that separates vertebrates from invertebrates.
BUILD__SCI_B_W3B_Backbone_Detectives_Do.html,arrival,Stretch,screen,5.9,11,Last lesson: How is a snail supported without a backbone inside?
BUILD__SCI_B_W3B_Backbone_Detectives_Do.html,arrival,Stretch,screen,4.2,13,Last lesson: A crab is hard outside but is an invertebrate. Explain why.
BUILD__SCI_B_W3B_Backbone_Detectives_Do.html,arrival,Stretch,screen,6.9,11,Lead-in: Which body clues would help you classify a strange animal?
BUILD__SCI_B_W3B_Backbone_Detectives_Do.html,starter,,screen,6.3,26,"Mystery creature: it has a hard outside case, many legs and no visible line of bones inside. Where would you place it — and what evidence matters?"
BUILD__SCI_B_W3B_Backbone_Detectives_Do.html,independent,,screen,1.7,32,Classification field lab. Move round the room. Look at each creature card. And each model. Make two groups. Build your display. Pick two animals. Add 
BUILD__SCI_B_W3B_Backbone_Detectives_Do.html,independent,,screen,1.8,45,◆ Classify six creatures. Use the anchor pair. An adult reads with you. 🧰 Scaffold Keep two cards out. Match each to the anchor pair. Fish has a backb
BUILD__SCI_B_W3B_Backbone_Detectives_Do.html,independent,,screen,2.9,36,▲ Classify all eight creatures. Pick two. Justify each choice. 🧰 Scaffold Evidence prompt. Look inside. Is there an internal backbone? Look outside. H
BUILD__SCI_B_W3B_Backbone_Detectives_Do.html,independent,,screen,1.1,41,★ Add a creature you do not know. Not sure? Say what more evidence you need. 🧰 Scaffold Use the words ‘not a valid test’. Pick one feature that tricks
BUILD__SCI_B_W3B_Backbone_Detectives_Do.html,exit,Supported,screen,4.8,10,What one thing tells you an animal is a vertebrate?
BUILD__SCI_B_W3B_Backbone_Detectives_Do.html,exit,Standard,screen,3.8,8,Classify a snake and crab and explain both.
BUILD__SCI_B_W3B_Backbone_Detectives_Do.html,exit,Stretch,screen,10.7,10,Explain why appearance alone can lead to a classification mistake.
BUILD__SCI_B_W3B_Backbone_Detectives_Do.html,print,Supported,print,2.7,12,◆ Classify six creatures. Use the anchor pair. An adult reads with you.
BUILD__SCI_B_W3B_Backbone_Detectives_Do.html,print,Standard,print,3.9,9,▲ Classify all eight creatures. Pick two. Justify each choice.
BUILD__SCI_B_W3B_Backbone_Detectives_Do.html,print,Stretch,print,0.5,15,★ Add a creature you do not know. Not sure? Say what more evidence you need.
BUILD__SCI_B_W3B_Backbone_Detectives_Do.html,print,,print,-3.0,2,Name: _______________________________ Date: ______________________
BUILD__SCI_B_W3B_Backbone_Detectives_Do.html,print,,print,3.0,19,"New to this class, or not sure? Everything you need is in the box above — read it, then answer."
BUILD__SCI_B_W3B_Backbone_Detectives_Do.html,print,,print,15.8,13,Learning objective: I can classify unfamiliar animals using evidence about their body structure.
BUILD__SCI_B_W3B_Backbone_Detectives_Do.html,print,,print,5.4,27,Model: helps us see — One classification rule stays in view while the animals change. Does not show — It uses just one rule. Real animals vary far mor
BUILD__SCI_B_W3B_Backbone_Detectives_Do.html,print,,print,13.1,18,"Previous lesson retrieval: W3A — vertebrate = internal backbone; invertebrates can use shells, hard outer cases or fluid support."
BUILD__SCI_B_W3B_Backbone_Detectives_Do.html,print,,print,3.4,44,Arrival (Supported forms): 1) Point to BACKBONE or NO BACKBONE for a robin. 2) Point to the one with no backbone: the fish or the worm. 3) Point to th
BUILD__SCI_B_W3B_Backbone_Detectives_Do.html,print,,print,2.7,12,◆ Classify six creatures. Use the anchor pair. An adult reads with you.
BUILD__SCI_B_W3B_Backbone_Detectives_Do.html,print,,print,3.9,9,▲ Classify all eight creatures. Pick two. Justify each choice.
BUILD__SCI_B_W3B_Backbone_Detectives_Do.html,print,,print,0.5,15,★ Add a creature you do not know. Not sure? Say what more evidence you need.
BUILD__SCI_B_W3B_Backbone_Detectives_Do.html,print,,print,4.2,21,"Your finished sort and two reasons. A photo with notes, an adult watching you explain, or a voice clip if allowed."
BUILD__SCI_B_W3B_Backbone_Detectives_Do.html,print,,print,5.9,11,Supported: What one thing tells you an animal is a vertebrate?
BUILD__SCI_B_W3B_Backbone_Detectives_Do.html,print,,print,5.0,9,Standard: Classify a snake and crab and explain both.
BUILD__SCI_B_W3B_Backbone_Detectives_Do.html,print,,print,10.2,11,Stretch: Explain why appearance alone can lead to a classification mistake.
BUILD__SCI_B_W3B_Backbone_Detectives_Do.html,print,,print,9.9,20,"Pearson Entry Level Science 8939 (E1→E3); AQA UAS science units Records what was observed, and at which level of independence."
BUILD__SCI_B_W3B_Backbone_Detectives_Do.html,print,,print,5.7,7,☐ Located the backbone on a diagram unaided.
BUILD__SCI_B_W3B_Backbone_Detectives_Do.html,print,,print,17.0,5,☐ Sorted animals into vertebrate / invertebrate.
BUILD__SCI_B_W3B_Backbone_Detectives_Do.html,print,,print,4.0,7,☐ Gave a reason using the word 'because'.
BUILD__SCI_B_W3B_Backbone_Detectives_Do.html,print,,print,3.8,8,Ring the tier the pupil actually worked at
BUILD__SCI_B_W3B_Backbone_Detectives_Do.html,print,,print,10.0,5,Assessor name ______________ Role ____________ Signature ______________ Date ________
BUILD__SCI_B_W3B_Backbone_Detectives_Do.html,print,,print,6.6,4,Date: ____________________ PUPIL / EVIDENCE ID: ____________________
BUILD__SCI_B_W3B_Backbone_Detectives_Do.html,print,,print,15.8,13,Learning objective: I can classify unfamiliar animals using evidence about their body structure.
BUILD__SCI_B_W3B_Backbone_Detectives_Do.html,print,,print,4.6,26,"Optional one-page capture. Point, say, draw or have an adult scribe — writing is never required. This sheet adds to the tiered pack; it never replaces"
BUILD__SCI_B_W4A_Muscles_Explore.html,arrival,Supported,screen,3.7,11,Last lesson: Point to BACKBONE or NO BACKBONE for a snake.
BUILD__SCI_B_W4A_Muscles_Explore.html,arrival,Supported,screen,2.5,10,Last week: Point to the backbone on the fish picture.
BUILD__SCI_B_W4A_Muscles_Explore.html,arrival,Supported,screen,0.8,8,Week 3 again: Point to the crab’s hard case.
BUILD__SCI_B_W4A_Muscles_Explore.html,arrival,Supported,screen,2.5,10,Lead-in: Point to the place where the model arm bends.
BUILD__SCI_B_W4A_Muscles_Explore.html,arrival,Standard,screen,1.5,14,Last lesson: A snake has no legs. Say why it is still a vertebrate.
BUILD__SCI_B_W4A_Muscles_Explore.html,arrival,Standard,screen,6.7,8,Last week: Name one vertebrate and one invertebrate.
BUILD__SCI_B_W4A_Muscles_Explore.html,arrival,Standard,screen,3.7,11,Week 3 again: Say how a crab is supported with no backbone.
BUILD__SCI_B_W4A_Muscles_Explore.html,arrival,Standard,screen,2.3,14,Lead-in: The skeleton holds the body up. What do you think makes it move?
BUILD__SCI_B_W4A_Muscles_Explore.html,arrival,Stretch,screen,7.6,14,Last lesson: Give the rule you used last lesson to classify a strange animal.
BUILD__SCI_B_W4A_Muscles_Explore.html,arrival,Stretch,screen,6.3,9,Last week: Explain what makes an animal a vertebrate.
BUILD__SCI_B_W4A_Muscles_Explore.html,arrival,Stretch,screen,7.6,13,Week 3 again: Explain one way an invertebrate is held up without a backbone.
BUILD__SCI_B_W4A_Muscles_Explore.html,arrival,Stretch,screen,0.6,14,Lead-in: A bone cannot move itself. What might pull it? Say what you think.
BUILD__SCI_B_W4A_Muscles_Explore.html,starter,,screen,4.3,24,"A string can pull a cardboard lever, but can it push it? Test the idea on the model before we name the muscle rule."
BUILD__SCI_B_W4A_Muscles_Explore.html,independent,,screen,2.8,23,Movement engineer. Build a model arm. Or label one that is built. Bend the arm. Show which muscle contracts. Show which muscle relaxes.
BUILD__SCI_B_W4A_Muscles_Explore.html,independent,,screen,2.2,37,◆ Use a built arm. Place the CONTRACTS label. Place the RELAXES label. 🧰 Scaffold Two labels only. CONTRACTS = pulls. RELAXES = not pulling now. Word 
BUILD__SCI_B_W4A_Muscles_Explore.html,independent,,screen,0.5,36,"▲ Work the model. Then say how the arm bends. Or write it down. 🧰 Scaffold Stem. ‘When the arm bends, ___ contracts and ___ relaxes’. Swap the two for"
BUILD__SCI_B_W4A_Muscles_Explore.html,independent,,screen,1.8,47,★ Explain the bend. Explain the straighten. A muscle can only pull. So why do you need two? 🧰 Scaffold Use the words ‘muscles only pull’. So one muscl
BUILD__SCI_B_W4A_Muscles_Explore.html,exit,Supported,screen,2.9,5,Complete: muscles work in a ___.
BUILD__SCI_B_W4A_Muscles_Explore.html,exit,Standard,screen,2.5,10,"When the model arm bends, what does the triceps do?"
BUILD__SCI_B_W4A_Muscles_Explore.html,exit,Stretch,screen,4.8,10,Explain why muscles need partners if they can only pull.
BUILD__SCI_B_W4A_Muscles_Explore.html,print,Supported,print,1.7,12,◆ Use a built arm. Place the CONTRACTS label. Place the RELAXES label.
BUILD__SCI_B_W4A_Muscles_Explore.html,print,Standard,print,-1.2,13,▲ Work the model. Then say how the arm bends. Or write it down.
BUILD__SCI_B_W4A_Muscles_Explore.html,print,Stretch,print,1.3,17,★ Explain the bend. Explain the straighten. A muscle can only pull. So why do you need two?
BUILD__SCI_B_W4A_Muscles_Explore.html,print,,print,-3.0,2,Name: _______________________________ Date: ______________________
BUILD__SCI_B_W4A_Muscles_Explore.html,print,,print,3.0,19,"New to this class, or not sure? Everything you need is in the box above — read it, then answer."
BUILD__SCI_B_W4A_Muscles_Explore.html,print,,print,5.9,14,Learning objective: I can explain that muscles work in pairs to move a bone.
BUILD__SCI_B_W4A_Muscles_Explore.html,print,,print,2.7,34,Model: helps us see — The arm model lets us see the two pulls swap. Does not show — Card and string are not real body parts. It cannot measure force o
BUILD__SCI_B_W4A_Muscles_Explore.html,print,,print,13.5,14,Previous lesson retrieval: Aut1·W3 — vertebrates have an internal skeleton/backbone that provides structure.
BUILD__SCI_B_W4A_Muscles_Explore.html,print,,print,2.3,35,Arrival (Supported forms): 1) Point to BACKBONE or NO BACKBONE for a snake. 2) Point to the backbone on the fish picture. 3) Point to the crab’s hard 
BUILD__SCI_B_W4A_Muscles_Explore.html,print,,print,1.7,12,◆ Use a built arm. Place the CONTRACTS label. Place the RELAXES label.
BUILD__SCI_B_W4A_Muscles_Explore.html,print,,print,-1.2,13,▲ Work the model. Then say how the arm bends. Or write it down.
BUILD__SCI_B_W4A_Muscles_Explore.html,print,,print,1.3,17,★ Explain the bend. Explain the straighten. A muscle can only pull. So why do you need two?
BUILD__SCI_B_W4A_Muscles_Explore.html,print,,print,5.0,18,"Your labelled model and your demonstration. A photo with your words, an adult watching, or your words scribed."
BUILD__SCI_B_W4A_Muscles_Explore.html,print,,print,4.5,6,Supported: Complete: muscles work in a ___.
BUILD__SCI_B_W4A_Muscles_Explore.html,print,,print,3.7,11,"Standard: When the model arm bends, what does the triceps do?"
BUILD__SCI_B_W4A_Muscles_Explore.html,print,,print,4.8,11,Stretch: Explain why muscles need partners if they can only pull.
BUILD__SCI_B_W4A_Muscles_Explore.html,print,,print,9.9,20,"Pearson Entry Level Science 8939 (E1→E3); AQA UAS science units Records what was observed, and at which level of independence."
BUILD__SCI_B_W4A_Muscles_Explore.html,print,,print,3.8,8,☐ Named biceps and triceps as a working pair.
BUILD__SCI_B_W4A_Muscles_Explore.html,print,,print,2.3,7,☐ Stated that muscles pull and never push.
BUILD__SCI_B_W4A_Muscles_Explore.html,print,,print,8.4,6,☐ Demonstrated contract / relax on a model.
BUILD__SCI_B_W4A_Muscles_Explore.html,print,,print,3.8,8,Ring the tier the pupil actually worked at
BUILD__SCI_B_W4A_Muscles_Explore.html,print,,print,10.0,5,Assessor name ______________ Role ____________ Signature ______________ Date ________
BUILD__SCI_B_W4A_Muscles_Explore.html,print,,print,6.6,4,Date: ____________________ PUPIL / EVIDENCE ID: ____________________
BUILD__SCI_B_W4A_Muscles_Explore.html,print,,print,5.9,14,Learning objective: I can explain that muscles work in pairs to move a bone.
BUILD__SCI_B_W4A_Muscles_Explore.html,print,,print,4.6,26,"Optional one-page capture. Point, say, draw or have an adult scribe — writing is never required. This sheet adds to the tiered pack; it never replaces"
BUILD__SCI_B_W4B_Muscle_Model_Do.html,arrival,Supported,screen,3.8,12,Last lesson: Point to the band that contracts when the model bends.
BUILD__SCI_B_W4B_Muscle_Model_Do.html,arrival,Supported,screen,4.8,10,Last week: Point to the backbone on the skeleton picture.
BUILD__SCI_B_W4B_Muscle_Model_Do.html,arrival,Supported,screen,4.8,11,Week 3 again: Point to the animal with a hard case outside.
BUILD__SCI_B_W4B_Muscle_Model_Do.html,arrival,Supported,screen,-0.6,11,Lead-in: Look at the card arm parts. Point to the joint.
BUILD__SCI_B_W4B_Muscle_Model_Do.html,arrival,Standard,screen,4.0,13,Last lesson: Say what the biceps and triceps do when the arm bends.
BUILD__SCI_B_W4B_Muscle_Model_Do.html,arrival,Standard,screen,6.7,8,Last week: Name one vertebrate and one invertebrate.
BUILD__SCI_B_W4B_Muscle_Model_Do.html,arrival,Standard,screen,5.8,12,Week 3 again: Say one way an animal with no backbone is supported.
BUILD__SCI_B_W4B_Muscle_Model_Do.html,arrival,Standard,screen,1.5,14,Lead-in: Today we build. Say one thing a good model of an arm needs.
BUILD__SCI_B_W4B_Muscle_Model_Do.html,arrival,Stretch,screen,4.8,12,Last lesson: Explain why muscles work as a pair at the elbow.
BUILD__SCI_B_W4B_Muscle_Model_Do.html,arrival,Stretch,screen,9.6,10,Last week: Give the rule that separates vertebrates from invertebrates.
BUILD__SCI_B_W4B_Muscle_Model_Do.html,arrival,Stretch,screen,4.8,12,Week 3 again: Explain why size is not the test for a vertebrate.
BUILD__SCI_B_W4B_Muscle_Model_Do.html,arrival,Stretch,screen,1.5,15,Lead-in: What would make a model arm show the real Science well? Say one idea.
BUILD__SCI_B_W4B_Muscle_Model_Do.html,starter,,screen,10.6,16,Engineering challenge: can you make the same cardboard forearm move both directions using only pulling forces?
BUILD__SCI_B_W4B_Muscle_Model_Do.html,independent,,screen,0.9,29,Model Arm Workshop. Build a two-band arm. Or adapt one. Or just work it. Show BEND. Show STRAIGHTEN. Place the right labels. Then explain the swap to 
BUILD__SCI_B_W4B_Muscle_Model_Do.html,independent,,screen,2.9,35,◆ Use a built model. Work it. Then label it. 🧰 Scaffold Photo sequence: choose band → pull → watch movement → label contracts/relaxes. Word bank: pull
BUILD__SCI_B_W4B_Muscle_Model_Do.html,independent,,screen,1.5,37,"▲ Build it from the photo steps. Work it. Explain the bend. Explain the straighten. 🧰 Scaffold Two sentence frames. ‘When the arm bends, ___ contracts"
BUILD__SCI_B_W4B_Muscle_Model_Do.html,independent,,screen,1.8,36,★ Make the model better. Or find a fault. Keep the pull-pair rule. 🧰 Scaffold Model critique. What does the band do well? What is not real about it? F
BUILD__SCI_B_W4B_Muscle_Model_Do.html,exit,Supported,screen,2.3,8,Which band pulls to straighten in your model?
BUILD__SCI_B_W4B_Muscle_Model_Do.html,exit,Standard,screen,6.7,8,Explain the muscle swap using contract and relax.
BUILD__SCI_B_W4B_Muscle_Model_Do.html,exit,Stretch,screen,10.7,12,Explain one limitation of the model without losing the core scientific rule.
BUILD__SCI_B_W4B_Muscle_Model_Do.html,print,Supported,print,0.0,9,◆ Use a built model. Work it. Then label it.
BUILD__SCI_B_W4B_Muscle_Model_Do.html,print,Standard,print,0.9,14,▲ Build it from the photo steps. Work it. Explain the bend. Explain the straighten.
BUILD__SCI_B_W4B_Muscle_Model_Do.html,print,Stretch,print,1.7,12,★ Make the model better. Or find a fault. Keep the pull-pair rule.
BUILD__SCI_B_W4B_Muscle_Model_Do.html,print,,print,-3.0,2,Name: _______________________________ Date: ______________________
BUILD__SCI_B_W4B_Muscle_Model_Do.html,print,,print,3.0,19,"New to this class, or not sure? Everything you need is in the box above — read it, then answer."
BUILD__SCI_B_W4B_Muscle_Model_Do.html,print,,print,7.8,18,Learning objective: I can build or operate a model that shows how a muscle pair moves a bone.
BUILD__SCI_B_W4B_Muscle_Model_Do.html,print,,print,7.2,27,"Model: helps us see — The model shows one idea: opposite moves need opposite pulls. Does not show — It does not show tendons, real anatomy, force or t"
BUILD__SCI_B_W4B_Muscle_Model_Do.html,print,,print,8.7,30,"Previous lesson retrieval: W4A — muscles can only pull; biceps/triceps take turns contracting and relaxing. When the arm bends, the biceps (the top ba"
BUILD__SCI_B_W4B_Muscle_Model_Do.html,print,,print,2.9,40,Arrival (Supported forms): 1) Point to the band that contracts when the model bends. 2) Point to the backbone on the skeleton picture. 3) Point to the
BUILD__SCI_B_W4B_Muscle_Model_Do.html,print,,print,0.0,9,◆ Use a built model. Work it. Then label it.
BUILD__SCI_B_W4B_Muscle_Model_Do.html,print,,print,0.9,14,▲ Build it from the photo steps. Work it. Explain the bend. Explain the straighten.
BUILD__SCI_B_W4B_Muscle_Model_Do.html,print,,print,1.7,12,★ Make the model better. Or find a fault. Keep the pull-pair rule.
BUILD__SCI_B_W4B_Muscle_Model_Do.html,print,,print,4.2,21,"Show your model to an adult. A labelled photo with your words, an adult watching, or a short clip if allowed."
BUILD__SCI_B_W4B_Muscle_Model_Do.html,print,,print,3.7,9,Supported: Which band pulls to straighten in your model?
BUILD__SCI_B_W4B_Muscle_Model_Do.html,print,,print,7.6,9,Standard: Explain the muscle swap using contract and relax.
BUILD__SCI_B_W4B_Muscle_Model_Do.html,print,,print,10.4,13,Stretch: Explain one limitation of the model without losing the core scientific rule.
BUILD__SCI_B_W4B_Muscle_Model_Do.html,print,,print,9.9,20,"Pearson Entry Level Science 8939 (E1→E3); AQA UAS science units Records what was observed, and at which level of independence."
BUILD__SCI_B_W4B_Muscle_Model_Do.html,print,,print,3.8,8,☐ Named biceps and triceps as a working pair.
BUILD__SCI_B_W4B_Muscle_Model_Do.html,print,,print,2.3,7,☐ Stated that muscles pull and never push.
BUILD__SCI_B_W4B_Muscle_Model_Do.html,print,,print,8.4,6,☐ Demonstrated contract / relax on a model.
BUILD__SCI_B_W4B_Muscle_Model_Do.html,print,,print,3.8,8,Ring the tier the pupil actually worked at
BUILD__SCI_B_W4B_Muscle_Model_Do.html,print,,print,10.0,5,Assessor name ______________ Role ____________ Signature ______________ Date ________
BUILD__SCI_B_W4B_Muscle_Model_Do.html,print,,print,6.6,4,Date: ____________________ PUPIL / EVIDENCE ID: ____________________
BUILD__SCI_B_W4B_Muscle_Model_Do.html,print,,print,7.8,18,Learning objective: I can build or operate a model that shows how a muscle pair moves a bone.
BUILD__SCI_B_W4B_Muscle_Model_Do.html,print,,print,4.6,26,"Optional one-page capture. Point, say, draw or have an adult scribe — writing is never required. This sheet adds to the tiered pack; it never replaces"
BUILD__SCI_B_W5A_Body_Needs_Explore.html,arrival,Supported,screen,4.2,14,Last lesson: From last lesson: point to the part of the model that pulled.
BUILD__SCI_B_W5A_Body_Needs_Explore.html,arrival,Supported,screen,2.9,12,Last week: Point to the muscle that contracts to bend the arm.
BUILD__SCI_B_W5A_Body_Needs_Explore.html,arrival,Supported,screen,7.2,10,Older learning: Point to the backbone on the skeleton picture.
BUILD__SCI_B_W5A_Body_Needs_Explore.html,arrival,Supported,screen,4.8,10,Lead-in: Point to a picture of a body working hard.
BUILD__SCI_B_W5A_Body_Needs_Explore.html,arrival,Standard,screen,4.8,10,Last lesson: Say what your model showed about muscle pairs.
BUILD__SCI_B_W5A_Body_Needs_Explore.html,arrival,Standard,screen,1.0,9,Last week: State one job muscles do with bones.
BUILD__SCI_B_W5A_Body_Needs_Explore.html,arrival,Standard,screen,9.7,8,Older learning: Name one vertebrate and one invertebrate.
BUILD__SCI_B_W5A_Body_Needs_Explore.html,arrival,Standard,screen,1.5,15,Lead-in: Muscles work hard when they pull. What do you think keeps a body going?
BUILD__SCI_B_W5A_Body_Needs_Explore.html,arrival,Stretch,screen,4.4,15,Last lesson: Explain one thing your model could show and one thing it could not.
BUILD__SCI_B_W5A_Body_Needs_Explore.html,arrival,Stretch,screen,2.5,10,Last week: Explain how a muscle pair moves a bone.
BUILD__SCI_B_W5A_Body_Needs_Explore.html,arrival,Stretch,screen,6.7,8,Older learning: Give the vertebrate rule from week 3.
BUILD__SCI_B_W5A_Body_Needs_Explore.html,arrival,Stretch,screen,3.9,15,Lead-in: A working body needs something to keep it working. Where might that come from?
BUILD__SCI_B_W5A_Body_Needs_Explore.html,starter,,screen,5.9,22,"Three mystery job cards say ENERGY, GROWTH & REPAIR and KEEPS THE BODY WORKING. Can one food card do every job by itself?"
BUILD__SCI_B_W5A_Body_Needs_Explore.html,independent,,screen,-0.5,33,Food Jobs Lab. Look at the food cards. Look at the animal cards. There are three job stations. Sort each card to a job or need. Then pick one match. E
BUILD__SCI_B_W5A_Body_Needs_Explore.html,independent,,screen,2.7,43,◆ Match six picture cards. Use the three job stations. The labels help you. Ask if you are stuck. 🧰 Scaffold Job icons and words: ⚡ ENERGY · ▲ GROWTH/
BUILD__SCI_B_W5A_Body_Needs_Explore.html,independent,,screen,-0.2,30,▲ Sort all the cards. Then explain one match. Use ‘because’. 🧰 Scaffold Stem. ‘___ can help with ___ because ___’. Then say the job. Fade it: remove t
BUILD__SCI_B_W5A_Body_Needs_Explore.html,independent,,screen,4.6,40,★ One food type cannot do every job. Explain why. Then compare what two animals need. 🧰 Scaffold Use ‘different needs’ and ‘variety’. Talk about anima
BUILD__SCI_B_W5A_Body_Needs_Explore.html,exit,Supported,screen,3.7,9,Which job can bread/rice help with: energy / backbone?
BUILD__SCI_B_W5A_Body_Needs_Explore.html,exit,Standard,screen,3.7,10,Name one food example and one job it can support.
BUILD__SCI_B_W5A_Body_Needs_Explore.html,exit,Stretch,screen,8.8,12,Explain why different types of food are useful for different body jobs.
BUILD__SCI_B_W5A_Body_Needs_Explore.html,print,Supported,print,-0.1,18,◆ Match six picture cards. Use the three job stations. The labels help you. Ask if you are stuck.
BUILD__SCI_B_W5A_Body_Needs_Explore.html,print,Standard,print,-0.1,10,▲ Sort all the cards. Then explain one match. Use ‘because’.
BUILD__SCI_B_W5A_Body_Needs_Explore.html,print,Stretch,print,3.7,15,★ One food type cannot do every job. Explain why. Then compare what two animals need.
BUILD__SCI_B_W5A_Body_Needs_Explore.html,print,,print,-3.0,2,Name: _______________________________ Date: ______________________
BUILD__SCI_B_W5A_Body_Needs_Explore.html,print,,print,3.0,19,"New to this class, or not sure? Everything you need is in the box above — read it, then answer."
BUILD__SCI_B_W5A_Body_Needs_Explore.html,print,,print,9.8,18,Learning objective: I can name different jobs food helps a body to do and explain why variety matters.
BUILD__SCI_B_W5A_Body_Needs_Explore.html,print,,print,4.6,38,"Model: helps us see — The model links one nutrient to one function. You reason from the evidence given. Does not show — Real foods mix many nutrients,"
BUILD__SCI_B_W5A_Body_Needs_Explore.html,print,,print,8.8,35,Previous lesson retrieval: Aut1·W4 — muscles and bones work together to produce movement. In the model the bands stood for the muscles: pulling a band
BUILD__SCI_B_W5A_Body_Needs_Explore.html,print,,print,4.2,42,Arrival (Supported forms): 1) From last lesson: point to the part of the model that pulled. 2) Point to the muscle that contracts to bend the arm. 3) 
BUILD__SCI_B_W5A_Body_Needs_Explore.html,print,,print,-0.1,18,◆ Match six picture cards. Use the three job stations. The labels help you. Ask if you are stuck.
BUILD__SCI_B_W5A_Body_Needs_Explore.html,print,,print,-0.1,10,▲ Sort all the cards. Then explain one match. Use ‘because’.
BUILD__SCI_B_W5A_Body_Needs_Explore.html,print,,print,3.7,15,★ One food type cannot do every job. Explain why. Then compare what two animals need.
BUILD__SCI_B_W5A_Body_Needs_Explore.html,print,,print,2.4,19,"Your sorted job mat and your reason. A photo with your voice, an adult watching, or your words scribed."
BUILD__SCI_B_W5A_Body_Needs_Explore.html,print,,print,4.8,10,Supported: Which job can bread/rice help with: energy / backbone?
BUILD__SCI_B_W5A_Body_Needs_Explore.html,print,,print,4.8,11,Standard: Name one food example and one job it can support.
BUILD__SCI_B_W5A_Body_Needs_Explore.html,print,,print,8.5,13,Stretch: Explain why different types of food are useful for different body jobs.
BUILD__SCI_B_W5A_Body_Needs_Explore.html,print,,print,9.9,20,"Pearson Entry Level Science 8939 (E1→E3); AQA UAS science units Records what was observed, and at which level of independence."
BUILD__SCI_B_W5A_Body_Needs_Explore.html,print,,print,-0.7,8,☐ Named at least two jobs that food does.
BUILD__SCI_B_W5A_Body_Needs_Explore.html,print,,print,-1.1,7,☐ Matched foods to jobs on the sort.
BUILD__SCI_B_W5A_Body_Needs_Explore.html,print,,print,10.4,6,☐ Explained why variety matters using 'because'.
BUILD__SCI_B_W5A_Body_Needs_Explore.html,print,,print,3.8,8,Ring the tier the pupil actually worked at
BUILD__SCI_B_W5A_Body_Needs_Explore.html,print,,print,10.0,5,Assessor name ______________ Role ____________ Signature ______________ Date ________
BUILD__SCI_B_W5A_Body_Needs_Explore.html,print,,print,6.6,4,Date: ____________________ PUPIL / EVIDENCE ID: ____________________
BUILD__SCI_B_W5A_Body_Needs_Explore.html,print,,print,9.8,18,Learning objective: I can name different jobs food helps a body to do and explain why variety matters.
BUILD__SCI_B_W5A_Body_Needs_Explore.html,print,,print,4.6,26,"Optional one-page capture. Point, say, draw or have an adult scribe — writing is never required. This sheet adds to the tiered pack; it never replaces"
BUILD__SCI_B_W5B_Nutrition_Mission_Do.html,arrival,Supported,screen,4.8,10,Last lesson: Match one card to ENERGY or GROWTH/REPAIR.
BUILD__SCI_B_W5B_Nutrition_Mission_Do.html,arrival,Supported,screen,1.9,12,Last week: Point to the muscle that pulls to bend the arm.
BUILD__SCI_B_W5B_Nutrition_Mission_Do.html,arrival,Supported,screen,4.8,11,Older learning: Point to BACKBONE or NO BACKBONE for a fish.
BUILD__SCI_B_W5B_Nutrition_Mission_Do.html,arrival,Supported,screen,2.5,12,Lead-in: Look at the mission card. Point to the animal on it.
BUILD__SCI_B_W5B_Nutrition_Mission_Do.html,arrival,Standard,screen,5.0,9,Last lesson: Name two different jobs food can support.
BUILD__SCI_B_W5B_Nutrition_Mission_Do.html,arrival,Standard,screen,1.6,11,Last week: Say what a muscle pair does at a joint.
BUILD__SCI_B_W5B_Nutrition_Mission_Do.html,arrival,Standard,screen,8.0,11,Older learning: Name one invertebrate and say what supports its body.
BUILD__SCI_B_W5B_Nutrition_Mission_Do.html,arrival,Standard,screen,1.5,14,Lead-in: A rescue centre must choose food. Say one thing they should think about.
BUILD__SCI_B_W5B_Nutrition_Mission_Do.html,arrival,Stretch,screen,9.1,15,Last lesson: Explain why one type of food alone is unlikely to cover every job.
BUILD__SCI_B_W5B_Nutrition_Mission_Do.html,arrival,Stretch,screen,4.8,11,Last week: Explain why muscles can only pull in the model.
BUILD__SCI_B_W5B_Nutrition_Mission_Do.html,arrival,Stretch,screen,9.7,12,Older learning: Explain how an invertebrate can be supported without a backbone.
BUILD__SCI_B_W5B_Nutrition_Mission_Do.html,arrival,Stretch,screen,4.8,14,Lead-in: What information would help you choose food for an animal? Say one idea.
BUILD__SCI_B_W5B_Nutrition_Mission_Do.html,starter,,screen,10.0,29,"Fictional mission: a rescue-centre animal needs food that fits its natural diet, and a model human body needs examples covering different jobs. What e"
BUILD__SCI_B_W5B_Nutrition_Mission_Do.html,independent,,screen,1.6,51,Body Toolkit Challenge. Build a set of made-up cards. The cards must cover more than one body job. Or match four animals to the food each one needs. T
BUILD__SCI_B_W5B_Nutrition_Mission_Do.html,independent,,screen,0.3,47,◆ Use three job stations. Use six cards we picked. Point to one match. Say why it fits. 🧰 Scaffold The adult reads the card names. The pupil points or
BUILD__SCI_B_W5B_Nutrition_Mission_Do.html,independent,,screen,2.8,32,▲ Build a made-up toolkit. Use a mix of cards. Say why you made two of the choices. 🧰 Scaffold Decision → reason → adult question → re-attempt. Fade i
BUILD__SCI_B_W5B_Nutrition_Mission_Do.html,independent,,screen,1.1,37,★ Compare two toolkits. Which one covers more body jobs? Say which set is stronger. Then say why. 🧰 Scaffold Judge the whole set. Do not just list mor
BUILD__SCI_B_W5B_Nutrition_Mission_Do.html,exit,Supported,screen,-0.3,9,Point to one card and say/choose its job.
BUILD__SCI_B_W5B_Nutrition_Mission_Do.html,exit,Standard,screen,4.0,7,Explain one choice using a body job.
BUILD__SCI_B_W5B_Nutrition_Mission_Do.html,exit,Stretch,screen,6.7,8,Explain how feedback changed or strengthened one decision.
BUILD__SCI_B_W5B_Nutrition_Mission_Do.html,print,Supported,print,-1.4,17,◆ Use three job stations. Use six cards we picked. Point to one match. Say why it fits.
BUILD__SCI_B_W5B_Nutrition_Mission_Do.html,print,Standard,print,-0.2,17,▲ Build a made-up toolkit. Use a mix of cards. Say why you made two of the choices.
BUILD__SCI_B_W5B_Nutrition_Mission_Do.html,print,Stretch,print,1.3,17,★ Compare two toolkits. Which one covers more body jobs? Say which set is stronger. Then say why.
BUILD__SCI_B_W5B_Nutrition_Mission_Do.html,print,,print,-3.0,2,Name: _______________________________ Date: ______________________
BUILD__SCI_B_W5B_Nutrition_Mission_Do.html,print,,print,3.0,19,"New to this class, or not sure? Everything you need is in the box above — read it, then answer."
BUILD__SCI_B_W5B_Nutrition_Mission_Do.html,print,,print,11.5,15,Learning objective: I can use food-job information to make and explain a sensible scientific choice.
BUILD__SCI_B_W5B_Nutrition_Mission_Do.html,print,,print,3.0,34,"Model: helps us see — The model shows claim → evidence → revise, step by step. Does not show — It splits food jobs up to help learning. Real nutrition"
BUILD__SCI_B_W5B_Nutrition_Mission_Do.html,print,,print,13.1,18,Previous lesson retrieval: W5A — food can support different jobs; variety matters; animals may need different food sources.
BUILD__SCI_B_W5B_Nutrition_Mission_Do.html,print,,print,2.9,41,Arrival (Supported forms): 1) Match one card to ENERGY or GROWTH/REPAIR. 2) Point to the muscle that pulls to bend the arm. 3) Point to BACKBONE or NO
BUILD__SCI_B_W5B_Nutrition_Mission_Do.html,print,,print,-1.4,17,◆ Use three job stations. Use six cards we picked. Point to one match. Say why it fits.
BUILD__SCI_B_W5B_Nutrition_Mission_Do.html,print,,print,-0.2,17,▲ Build a made-up toolkit. Use a mix of cards. Say why you made two of the choices.
BUILD__SCI_B_W5B_Nutrition_Mission_Do.html,print,,print,1.3,17,★ Compare two toolkits. Which one covers more body jobs? Say which set is stronger. Then say why.
BUILD__SCI_B_W5B_Nutrition_Mission_Do.html,print,,print,6.3,18,"Your chosen toolkit and your reason, given to an adult. A before-and-after choice, a photo, or your voice."
BUILD__SCI_B_W5B_Nutrition_Mission_Do.html,print,,print,1.3,10,Supported: Point to one card and say/choose its job.
BUILD__SCI_B_W5B_Nutrition_Mission_Do.html,print,,print,5.2,8,Standard: Explain one choice using a body job.
BUILD__SCI_B_W5B_Nutrition_Mission_Do.html,print,,print,6.3,9,Stretch: Explain how feedback changed or strengthened one decision.
BUILD__SCI_B_W5B_Nutrition_Mission_Do.html,print,,print,9.9,20,"Pearson Entry Level Science 8939 (E1→E3); AQA UAS science units Records what was observed, and at which level of independence."
BUILD__SCI_B_W5B_Nutrition_Mission_Do.html,print,,print,-0.7,8,☐ Named at least two jobs that food does.
BUILD__SCI_B_W5B_Nutrition_Mission_Do.html,print,,print,-1.1,7,☐ Matched foods to jobs on the sort.
BUILD__SCI_B_W5B_Nutrition_Mission_Do.html,print,,print,10.4,6,☐ Explained why variety matters using 'because'.
BUILD__SCI_B_W5B_Nutrition_Mission_Do.html,print,,print,3.8,8,Ring the tier the pupil actually worked at
BUILD__SCI_B_W5B_Nutrition_Mission_Do.html,print,,print,10.0,5,Assessor name ______________ Role ____________ Signature ______________ Date ________
BUILD__SCI_B_W5B_Nutrition_Mission_Do.html,print,,print,6.6,4,Date: ____________________ PUPIL / EVIDENCE ID: ____________________
BUILD__SCI_B_W5B_Nutrition_Mission_Do.html,print,,print,11.5,15,Learning objective: I can use food-job information to make and explain a sensible scientific choice.
BUILD__SCI_B_W5B_Nutrition_Mission_Do.html,print,,print,4.6,26,"Optional one-page capture. Point, say, draw or have an adult scribe — writing is never required. This sheet adds to the tiered pack; it never replaces"
BUILD__SCI_B_W6A_Balanced_Plate_Explore.html,arrival,Supported,screen,3.6,15,Last lesson: Point to one food card and the job it helped with last lesson.
BUILD__SCI_B_W6A_Balanced_Plate_Explore.html,arrival,Supported,screen,2.3,7,Last week: Match one card to ENERGY.
BUILD__SCI_B_W6A_Balanced_Plate_Explore.html,arrival,Supported,screen,5.9,11,Older learning: Point to the muscle that contracts in the model.
BUILD__SCI_B_W6A_Balanced_Plate_Explore.html,arrival,Supported,screen,1.5,14,Lead-in: Look at the food cards. Point to two that seem to go together.
BUILD__SCI_B_W6A_Balanced_Plate_Explore.html,arrival,Standard,screen,2.6,11,Last lesson: Say one choice you made last lesson and why.
BUILD__SCI_B_W6A_Balanced_Plate_Explore.html,arrival,Standard,screen,5.9,11,Last week: Recall why different types of food can be useful.
BUILD__SCI_B_W6A_Balanced_Plate_Explore.html,arrival,Standard,screen,3.8,8,Older learning: Say what a muscle pair does.
BUILD__SCI_B_W6A_Balanced_Plate_Explore.html,arrival,Standard,screen,1.5,13,Lead-in: Sorting needs a rule. Say one way you could group these cards.
BUILD__SCI_B_W6A_Balanced_Plate_Explore.html,arrival,Stretch,screen,6.9,11,Last lesson: Explain how evidence helped your food-job choice last lesson.
BUILD__SCI_B_W6A_Balanced_Plate_Explore.html,arrival,Stretch,screen,6.7,13,Last week: Explain why variety was more useful than relying on one type.
BUILD__SCI_B_W6A_Balanced_Plate_Explore.html,arrival,Stretch,screen,5.9,11,Older learning: Explain how muscles and bones make the body move.
BUILD__SCI_B_W6A_Balanced_Plate_Explore.html,arrival,Stretch,screen,1.5,14,Lead-in: What rule could you use to put foods in groups? Say your idea.
BUILD__SCI_B_W6A_Balanced_Plate_Explore.html,starter,,screen,3.4,22,A fictional plate has every card piled into one section. It contains food — but is it balanced? What would you change first?
BUILD__SCI_B_W6A_Balanced_Plate_Explore.html,independent,,screen,1.1,37,Balance Studio. Pick a made-up person. Pick a made-up day. Sort eight cards onto a plate mat. The mat has a label for each food group. Then look at th
BUILD__SCI_B_W6A_Balanced_Plate_Explore.html,independent,,screen,0.3,44,◆ Use a plate mat. It has group names and icons. Sort a set of six cards. 🧰 Scaffold Match by group name. Or match by picture. The adult can hand you 
BUILD__SCI_B_W6A_Balanced_Plate_Explore.html,independent,,screen,1.7,31,"▲ Place all eight cards. Then give one sentence. Make it about balance. 🧰 Scaffold Stem: ‘This is balanced because it includes ___, ___ and ___.’ Fade"
BUILD__SCI_B_W6A_Balanced_Plate_Explore.html,independent,,screen,0.2,44,★ Compare two made-up plates. Which plate has more food groups? Say which one. Say why. Then say what you would change. 🧰 Scaffold Look at the whole p
BUILD__SCI_B_W6A_Balanced_Plate_Explore.html,exit,Supported,screen,2.5,10,What does ‘balanced’ mean: range across groups / all one group?
BUILD__SCI_B_W6A_Balanced_Plate_Explore.html,exit,Standard,screen,2.3,9,Name two groups on the plate and explain balance.
BUILD__SCI_B_W6A_Balanced_Plate_Explore.html,exit,Stretch,screen,6.7,13,Explain why balance is not the same as equal amounts of every group.
BUILD__SCI_B_W6A_Balanced_Plate_Explore.html,print,Supported,print,-1.0,16,◆ Use a plate mat. It has group names and icons. Sort a set of six cards.
BUILD__SCI_B_W6A_Balanced_Plate_Explore.html,print,Standard,print,0.7,12,▲ Place all eight cards. Then give one sentence. Make it about balance.
BUILD__SCI_B_W6A_Balanced_Plate_Explore.html,print,Stretch,print,-1.0,21,★ Compare two made-up plates. Which plate has more food groups? Say which one. Say why. Then say what you would change.
BUILD__SCI_B_W6A_Balanced_Plate_Explore.html,print,,print,-3.0,2,Name: _______________________________ Date: ______________________
BUILD__SCI_B_W6A_Balanced_Plate_Explore.html,print,,print,3.0,19,"New to this class, or not sure? Everything you need is in the box above — read it, then answer."
BUILD__SCI_B_W6A_Balanced_Plate_Explore.html,print,,print,6.7,13,Learning objective: I can sort foods into groups and describe what balance means.
BUILD__SCI_B_W6A_Balanced_Plate_Explore.html,print,,print,5.0,40,"Model: helps us see — The model shows the sorting rules and a range across groups. Does not show — It shows a simple pattern, not a rule for any perso"
BUILD__SCI_B_W6A_Balanced_Plate_Explore.html,print,,print,10.1,25,"Previous lesson retrieval: Aut1·W5 — different foods can support different jobs; variety matters. The jobs were energy, growth and repair, and keeping"
BUILD__SCI_B_W6A_Balanced_Plate_Explore.html,print,,print,2.6,43,Arrival (Supported forms): 1) Point to one food card and the job it helped with last lesson. 2) Match one card to ENERGY. 3) Point to the muscle that 
BUILD__SCI_B_W6A_Balanced_Plate_Explore.html,print,,print,-1.0,16,◆ Use a plate mat. It has group names and icons. Sort a set of six cards.
BUILD__SCI_B_W6A_Balanced_Plate_Explore.html,print,,print,0.7,12,▲ Place all eight cards. Then give one sentence. Make it about balance.
BUILD__SCI_B_W6A_Balanced_Plate_Explore.html,print,,print,-1.0,21,★ Compare two made-up plates. Which plate has more food groups? Say which one. Say why. Then say what you would change.
BUILD__SCI_B_W6A_Balanced_Plate_Explore.html,print,,print,3.7,17,"Your finished plate model and your words. A photo with notes, or an adult hearing you explain."
BUILD__SCI_B_W6A_Balanced_Plate_Explore.html,print,,print,3.7,11,Supported: What does ‘balanced’ mean: range across groups / all one group?
BUILD__SCI_B_W6A_Balanced_Plate_Explore.html,print,,print,3.7,10,Standard: Name two groups on the plate and explain balance.
BUILD__SCI_B_W6A_Balanced_Plate_Explore.html,print,,print,6.7,14,Stretch: Explain why balance is not the same as equal amounts of every group.
BUILD__SCI_B_W6A_Balanced_Plate_Explore.html,print,,print,9.9,20,"Pearson Entry Level Science 8939 (E1→E3); AQA UAS science units Records what was observed, and at which level of independence."
BUILD__SCI_B_W6A_Balanced_Plate_Explore.html,print,,print,-1.4,6,☐ Named at least two food groups.
BUILD__SCI_B_W6A_Balanced_Plate_Explore.html,print,,print,2.5,6,☐ Sorted eight foods into correct groups.
BUILD__SCI_B_W6A_Balanced_Plate_Explore.html,print,,print,2.5,6,☐ Described balance in their own words.
BUILD__SCI_B_W6A_Balanced_Plate_Explore.html,print,,print,3.8,8,Ring the tier the pupil actually worked at
BUILD__SCI_B_W6A_Balanced_Plate_Explore.html,print,,print,10.0,5,Assessor name ______________ Role ____________ Signature ______________ Date ________
BUILD__SCI_B_W6A_Balanced_Plate_Explore.html,print,,print,6.6,4,Date: ____________________ PUPIL / EVIDENCE ID: ____________________
BUILD__SCI_B_W6A_Balanced_Plate_Explore.html,print,,print,6.7,13,Learning objective: I can sort foods into groups and describe what balance means.
BUILD__SCI_B_W6A_Balanced_Plate_Explore.html,print,,print,4.6,26,"Optional one-page capture. Point, say, draw or have an adult scribe — writing is never required. This sheet adds to the tiered pack; it never replaces"
BUILD__SCI_B_W6B_Balanced_Plate_Do.html,arrival,Supported,screen,5.0,9,Last lesson: Place one example card into its group.
BUILD__SCI_B_W6B_Balanced_Plate_Do.html,arrival,Supported,screen,0.8,8,Last week: Match one card to GROWTH/REPAIR.
BUILD__SCI_B_W6B_Balanced_Plate_Do.html,arrival,Supported,screen,3.7,9,Older learning: Point to where the model arm bends.
BUILD__SCI_B_W6B_Balanced_Plate_Do.html,arrival,Supported,screen,0.5,12,Lead-in: Look at the design brief card. Point to the plate shape.
BUILD__SCI_B_W6B_Balanced_Plate_Do.html,arrival,Standard,screen,3.7,9,Last lesson: Name three groups from the Explore lesson.
BUILD__SCI_B_W6B_Balanced_Plate_Do.html,arrival,Standard,screen,0.8,8,Last week: Name two jobs food can support.
BUILD__SCI_B_W6B_Balanced_Plate_Do.html,arrival,Standard,screen,4.8,10,Older learning: Say what contracts means in the arm model.
BUILD__SCI_B_W6B_Balanced_Plate_Do.html,arrival,Standard,screen,2.6,11,Lead-in: Today you design. Say one thing a clear model needs.
BUILD__SCI_B_W6B_Balanced_Plate_Do.html,arrival,Stretch,screen,6.9,11,Last lesson: Explain why balance does not mean identical group sizes.
BUILD__SCI_B_W6B_Balanced_Plate_Do.html,arrival,Stretch,screen,2.2,13,Last week: Explain why a range of jobs needs a range of foods.
BUILD__SCI_B_W6B_Balanced_Plate_Do.html,arrival,Stretch,screen,6.0,10,Older learning: Explain why the model arm needed two muscles.
BUILD__SCI_B_W6B_Balanced_Plate_Do.html,arrival,Stretch,screen,4.9,13,Lead-in: What would make your plate model easy for someone else to read?
BUILD__SCI_B_W6B_Balanced_Plate_Do.html,starter,,screen,6.7,27,Design brief: a fictional community café display needs a model plate that shows a range of groups clearly. How will visitors be able to read the Scien
BUILD__SCI_B_W6B_Balanced_Plate_Do.html,independent,,screen,0.5,37,FoodWise Design Lab. Build a made-up plate display. Add a label to each part. Show an adult two choices. Say why you put them there. The adult gives o
BUILD__SCI_B_W6B_Balanced_Plate_Do.html,independent,,screen,1.2,41,◆ The plate sections are labelled for you. Choose from a small set of cards. 🧰 Scaffold Use one card at a time. The adult reads the labels. The pupil 
BUILD__SCI_B_W6B_Balanced_Plate_Do.html,independent,,screen,3.1,30,▲ Build the full card model. Then explain two decisions. 🧰 Scaffold Explain group → why it belongs → how the whole plate shows range. Fade it: remove 
BUILD__SCI_B_W6B_Balanced_Plate_Do.html,independent,,screen,0.5,44,★ Judge your model as a way to teach. Change one part. A new learner should then see the group pattern. 🧰 Scaffold Judge how clear it is. Check the sc
BUILD__SCI_B_W6B_Balanced_Plate_Do.html,exit,Supported,screen,0.8,8,Point to one group and one matching card.
BUILD__SCI_B_W6B_Balanced_Plate_Do.html,exit,Standard,screen,4.5,6,Explain what makes your model balanced.
BUILD__SCI_B_W6B_Balanced_Plate_Do.html,exit,Stretch,screen,3.7,10,Name the feedback you used and how the model improved.
BUILD__SCI_B_W6B_Balanced_Plate_Do.html,print,Supported,print,0.6,14,◆ The plate sections are labelled for you. Choose from a small set of cards.
BUILD__SCI_B_W6B_Balanced_Plate_Do.html,print,Standard,print,3.2,9,▲ Build the full card model. Then explain two decisions.
BUILD__SCI_B_W6B_Balanced_Plate_Do.html,print,Stretch,print,0.6,20,★ Judge your model as a way to teach. Change one part. A new learner should then see the group pattern.
BUILD__SCI_B_W6B_Balanced_Plate_Do.html,print,,print,-3.0,2,Name: _______________________________ Date: ______________________
BUILD__SCI_B_W6B_Balanced_Plate_Do.html,print,,print,3.0,19,"New to this class, or not sure? Everything you need is in the box above — read it, then answer."
BUILD__SCI_B_W6B_Balanced_Plate_Do.html,print,,print,8.4,15,"Learning objective: I can design, build and explain a balanced plate model using food groups."
BUILD__SCI_B_W6B_Balanced_Plate_Do.html,print,,print,7.8,40,Model: helps us see — The model lets us check whether the group rules are visible and the pattern is easy to read. Does not show — It is a learning mo
BUILD__SCI_B_W6B_Balanced_Plate_Do.html,print,,print,9.9,20,Previous lesson retrieval: W6A — foods can be sorted into groups and a balanced pattern includes a range across groups.
BUILD__SCI_B_W6B_Balanced_Plate_Do.html,print,,print,2.0,34,Arrival (Supported forms): 1) Place one example card into its group. 2) Match one card to GROWTH/REPAIR. 3) Point to where the model arm bends. 4) Loo
BUILD__SCI_B_W6B_Balanced_Plate_Do.html,print,,print,0.6,14,◆ The plate sections are labelled for you. Choose from a small set of cards.
BUILD__SCI_B_W6B_Balanced_Plate_Do.html,print,,print,3.2,9,▲ Build the full card model. Then explain two decisions.
BUILD__SCI_B_W6B_Balanced_Plate_Do.html,print,,print,0.6,20,★ Judge your model as a way to teach. Change one part. A new learner should then see the group pattern.
BUILD__SCI_B_W6B_Balanced_Plate_Do.html,print,,print,4.5,16,"Your model before and after, with your reason. A photo, your voice, or an adult watching."
BUILD__SCI_B_W6B_Balanced_Plate_Do.html,print,,print,2.3,9,Supported: Point to one group and one matching card.
BUILD__SCI_B_W6B_Balanced_Plate_Do.html,print,,print,5.7,7,Standard: Explain what makes your model balanced.
BUILD__SCI_B_W6B_Balanced_Plate_Do.html,print,,print,3.7,11,Stretch: Name the feedback you used and how the model improved.
BUILD__SCI_B_W6B_Balanced_Plate_Do.html,print,,print,9.9,20,"Pearson Entry Level Science 8939 (E1→E3); AQA UAS science units Records what was observed, and at which level of independence."
BUILD__SCI_B_W6B_Balanced_Plate_Do.html,print,,print,-1.4,6,☐ Named at least two food groups.
BUILD__SCI_B_W6B_Balanced_Plate_Do.html,print,,print,2.5,6,☐ Sorted eight foods into correct groups.
BUILD__SCI_B_W6B_Balanced_Plate_Do.html,print,,print,2.5,6,☐ Described balance in their own words.
BUILD__SCI_B_W6B_Balanced_Plate_Do.html,print,,print,3.8,8,Ring the tier the pupil actually worked at
BUILD__SCI_B_W6B_Balanced_Plate_Do.html,print,,print,10.0,5,Assessor name ______________ Role ____________ Signature ______________ Date ________
BUILD__SCI_B_W6B_Balanced_Plate_Do.html,print,,print,6.6,4,Date: ____________________ PUPIL / EVIDENCE ID: ____________________
BUILD__SCI_B_W6B_Balanced_Plate_Do.html,print,,print,8.4,15,"Learning objective: I can design, build and explain a balanced plate model using food groups."
BUILD__SCI_B_W6B_Balanced_Plate_Do.html,print,,print,4.6,26,"Optional one-page capture. Point, say, draw or have an adult scribe — writing is never required. This sheet adds to the tiered pack; it never replaces"
BUILD__SCI_B_W7A_Food_Sources_Explore.html,arrival,Supported,screen,2.9,12,Last lesson: Point to one group you used on your plate model.
BUILD__SCI_B_W7A_Food_Sources_Explore.html,arrival,Supported,screen,1.0,9,Last week: Place one food card into its group.
BUILD__SCI_B_W7A_Food_Sources_Explore.html,arrival,Supported,screen,5.7,7,Older learning: Match one card to ENERGY.
BUILD__SCI_B_W7A_Food_Sources_Explore.html,arrival,Supported,screen,3.5,12,Lead-in: Point to an animal card. Point to something it might eat.
BUILD__SCI_B_W7A_Food_Sources_Explore.html,arrival,Standard,screen,2.9,12,Last lesson: Say one change you made to your design and why.
BUILD__SCI_B_W7A_Food_Sources_Explore.html,arrival,Standard,screen,-1.4,6,Last week: Name two food groups.
BUILD__SCI_B_W7A_Food_Sources_Explore.html,arrival,Standard,screen,3.7,10,Older learning: Name two jobs food does for a body.
BUILD__SCI_B_W7A_Food_Sources_Explore.html,arrival,Standard,screen,2.3,15,Lead-in: People get food from shops. Where do you think a wild animal gets food?
BUILD__SCI_B_W7A_Food_Sources_Explore.html,arrival,Stretch,screen,6.3,9,Last lesson: Explain how feedback improved your plate model.
BUILD__SCI_B_W7A_Food_Sources_Explore.html,arrival,Stretch,screen,3.7,9,Last week: Explain what balance meant in our model.
BUILD__SCI_B_W7A_Food_Sources_Explore.html,arrival,Stretch,screen,7.6,9,Older learning: Explain why variety matters for food jobs.
BUILD__SCI_B_W7A_Food_Sources_Explore.html,arrival,Stretch,screen,-0.1,15,Lead-in: Do you think a plant needs to eat? Say what you think and why.
BUILD__SCI_B_W7A_Food_Sources_Explore.html,starter,,screen,3.8,24,"Plant and rabbit mystery: both are alive and need energy. Which one can make its own food, and which one must find/eat food?"
BUILD__SCI_B_W7A_Food_Sources_Explore.html,independent,,screen,1.5,35,Food Finder. Match each animal card to a food source. The food must suit that animal. Then build one simple food-source path. Show your path to an adu
BUILD__SCI_B_W7A_Food_Sources_Explore.html,independent,,screen,1.9,34,◆ Match four animal-food pairs. Use the picture anchors. They will help you. 🧰 Scaffold Give just two choices at a time. Then add one habitat clue. Fa
BUILD__SCI_B_W7A_Food_Sources_Explore.html,independent,,screen,-0.3,28,▲ Match six pairs. Then build one food path. Use three cards. 🧰 Scaffold Stem: ‘The ___ gets food by eating ___.’ Fade it: remove the first prompt no 
BUILD__SCI_B_W7A_Food_Sources_Explore.html,independent,,screen,0.8,42,★ Build two paths. Then take one food source away. What would change? Say what might happen next. 🧰 Scaffold Say which animal depends on which food. K
BUILD__SCI_B_W7A_Food_Sources_Explore.html,exit,Supported,screen,2.3,8,Can animals make their own food: yes / no?
BUILD__SCI_B_W7A_Food_Sources_Explore.html,exit,Standard,screen,2.3,9,Give one animal and where it gets food from.
BUILD__SCI_B_W7A_Food_Sources_Explore.html,exit,Stretch,screen,6.8,12,Explain the difference between how a plant and an animal gets food.
BUILD__SCI_B_W7A_Food_Sources_Explore.html,print,Supported,print,2.7,12,◆ Match four animal-food pairs. Use the picture anchors. They will help you.
BUILD__SCI_B_W7A_Food_Sources_Explore.html,print,Standard,print,-2.4,11,▲ Match six pairs. Then build one food path. Use three cards.
BUILD__SCI_B_W7A_Food_Sources_Explore.html,print,Stretch,print,-0.7,17,★ Build two paths. Then take one food source away. What would change? Say what might happen next.
BUILD__SCI_B_W7A_Food_Sources_Explore.html,print,,print,-3.0,2,Name: _______________________________ Date: ______________________
BUILD__SCI_B_W7A_Food_Sources_Explore.html,print,,print,3.0,19,"New to this class, or not sure? Everything you need is in the box above — read it, then answer."
BUILD__SCI_B_W7A_Food_Sources_Explore.html,print,,print,8.5,18,"Learning objective: I can explain that animals get food by eating, while plants can make their own food."
BUILD__SCI_B_W7A_Food_Sources_Explore.html,print,,print,3.3,37,"Model: helps us see — The chain shows what is eaten by what, one link at a time. Does not show — A three-link chain is a simple model. Real feeding is"
BUILD__SCI_B_W7A_Food_Sources_Explore.html,print,,print,11.3,16,Previous lesson retrieval: Aut1·W6 — food groups and balanced patterns; different foods can serve different roles.
BUILD__SCI_B_W7A_Food_Sources_Explore.html,print,,print,2.6,36,Arrival (Supported forms): 1) Point to one group you used on your plate model. 2) Place one food card into its group. 3) Match one card to ENERGY. 4) 
BUILD__SCI_B_W7A_Food_Sources_Explore.html,print,,print,2.7,12,◆ Match four animal-food pairs. Use the picture anchors. They will help you.
BUILD__SCI_B_W7A_Food_Sources_Explore.html,print,,print,-2.4,11,▲ Match six pairs. Then build one food path. Use three cards.
BUILD__SCI_B_W7A_Food_Sources_Explore.html,print,,print,-0.7,17,★ Build two paths. Then take one food source away. What would change? Say what might happen next.
BUILD__SCI_B_W7A_Food_Sources_Explore.html,print,,print,3.0,18,"Your matched strip and your words. An arrow model, an adult watching, or a voice clip if allowed."
BUILD__SCI_B_W7A_Food_Sources_Explore.html,print,,print,3.7,9,Supported: Can animals make their own food: yes / no?
BUILD__SCI_B_W7A_Food_Sources_Explore.html,print,,print,3.7,10,Standard: Give one animal and where it gets food from.
BUILD__SCI_B_W7A_Food_Sources_Explore.html,print,,print,6.7,13,Stretch: Explain the difference between how a plant and an animal gets food.
BUILD__SCI_B_W7A_Food_Sources_Explore.html,print,,print,9.9,20,"Pearson Entry Level Science 8939 (E1→E3); AQA UAS science units Records what was observed, and at which level of independence."
BUILD__SCI_B_W7A_Food_Sources_Explore.html,print,,print,19.4,5,☐ Identified producer and consumer correctly.
BUILD__SCI_B_W7A_Food_Sources_Explore.html,print,,print,2.3,7,☐ Read the arrow as 'is eaten by'.
BUILD__SCI_B_W7A_Food_Sources_Explore.html,print,,print,4.5,6,☐ Built a correctly ordered food chain.
BUILD__SCI_B_W7A_Food_Sources_Explore.html,print,,print,3.8,8,Ring the tier the pupil actually worked at
BUILD__SCI_B_W7A_Food_Sources_Explore.html,print,,print,10.0,5,Assessor name ______________ Role ____________ Signature ______________ Date ________
BUILD__SCI_B_W7A_Food_Sources_Explore.html,print,,print,6.6,4,Date: ____________________ PUPIL / EVIDENCE ID: ____________________
BUILD__SCI_B_W7A_Food_Sources_Explore.html,print,,print,8.5,18,"Learning objective: I can explain that animals get food by eating, while plants can make their own food."
BUILD__SCI_B_W7A_Food_Sources_Explore.html,print,,print,4.6,26,"Optional one-page capture. Point, say, draw or have an adult scribe — writing is never required. This sheet adds to the tiered pack; it never replaces"
BUILD__SCI_B_W7B_Food_Chain_Do.html,arrival,Supported,screen,2.9,5,Last lesson: Match rabbit → grass.
BUILD__SCI_B_W7B_Food_Chain_Do.html,arrival,Supported,screen,1.0,9,Last week: Place one card into a food group.
BUILD__SCI_B_W7B_Food_Chain_Do.html,arrival,Supported,screen,3.7,11,Older learning: Point to a job food does for a body.
BUILD__SCI_B_W7B_Food_Chain_Do.html,arrival,Supported,screen,1.6,11,"Lead-in: Cards: grass, rabbit, fox. Point to what the rabbit eats."
BUILD__SCI_B_W7B_Food_Chain_Do.html,arrival,Standard,screen,5.7,7,Last lesson: Complete: animals get food by ___.
BUILD__SCI_B_W7B_Food_Chain_Do.html,arrival,Standard,screen,-1.4,6,Last week: Name three food groups.
BUILD__SCI_B_W7B_Food_Chain_Do.html,arrival,Standard,screen,2.5,6,Older learning: Name two food jobs.
BUILD__SCI_B_W7B_Food_Chain_Do.html,arrival,Standard,screen,2.3,9,Lead-in: Say what links the rabbit and the fox.
BUILD__SCI_B_W7B_Food_Chain_Do.html,arrival,Stretch,screen,9.7,8,Last lesson: Explain one plant/animal food-source difference.
BUILD__SCI_B_W7B_Food_Chain_Do.html,arrival,Stretch,screen,3.8,12,Last week: Explain why a model plate shows a range across groups.
BUILD__SCI_B_W7B_Food_Chain_Do.html,arrival,Stretch,screen,9.1,11,Older learning: Explain why one food type rarely covers every job.
BUILD__SCI_B_W7B_Food_Chain_Do.html,arrival,Stretch,screen,1.5,14,Lead-in: How could you show who eats what as one picture? Say your idea.
BUILD__SCI_B_W7B_Food_Chain_Do.html,starter,,screen,3.8,23,"Three cards: plant, caterpillar, bird. How could you arrange them to show who gets food from whom? Commit an order before arrows appear."
BUILD__SCI_B_W7B_Food_Chain_Do.html,independent,,screen,1.2,36,Habitat Link Lab. Build a food-source chain. Use three or four cards. Then explain every link in it. An adult will ask you one question. Check your ch
BUILD__SCI_B_W7B_Food_Chain_Do.html,independent,,screen,1.2,45,◆ Use a chain of three cards. The arrow labels have words on them. Pick from two cards each time. 🧰 Scaffold Keep the arrow meaning in printed words. 
BUILD__SCI_B_W7B_Food_Chain_Do.html,independent,,screen,1.2,32,▲ Build a chain from a mixed set of cards. Then explain each link. 🧰 Scaffold For each arrow say: ‘___ gets food by eating ___.’ Fade it: remove the f
BUILD__SCI_B_W7B_Food_Chain_Do.html,independent,,screen,2.3,51,★ Build two chains that link up. Or take one food source away. Then say what the chain evidence suggests could happen next. A model suggests — it cann
BUILD__SCI_B_W7B_Food_Chain_Do.html,exit,Supported,screen,2.5,10,What does the rabbit get food from in the model?
BUILD__SCI_B_W7B_Food_Chain_Do.html,exit,Standard,screen,0.5,6,Explain one link in your chain.
BUILD__SCI_B_W7B_Food_Chain_Do.html,exit,Stretch,screen,7.0,17,Say what the chain evidence suggests could happen to one animal if its food source was gone.
BUILD__SCI_B_W7B_Food_Chain_Do.html,print,Supported,print,-0.1,19,◆ Use a chain of three cards. The arrow labels have words on them. Pick from two cards each time.
BUILD__SCI_B_W7B_Food_Chain_Do.html,print,Standard,print,-0.3,13,▲ Build a chain from a mixed set of cards. Then explain each link.
BUILD__SCI_B_W7B_Food_Chain_Do.html,print,Stretch,print,2.3,28,★ Build two chains that link up. Or take one food source away. Then say what the chain evidence suggests could happen next. A model suggests — it cann
BUILD__SCI_B_W7B_Food_Chain_Do.html,print,,print,-3.0,2,Name: _______________________________ Date: ______________________
BUILD__SCI_B_W7B_Food_Chain_Do.html,print,,print,3.0,19,"New to this class, or not sure? Everything you need is in the box above — read it, then answer."
BUILD__SCI_B_W7B_Food_Chain_Do.html,print,,print,10.4,18,Learning objective: I can build and explain a simple food-source chain showing that animals obtain food by eating.
BUILD__SCI_B_W7B_Food_Chain_Do.html,print,,print,3.3,38,Model: helps us see — The model helps us follow the food links and find the wrong one. Does not show — It is not a full food web. One simple chain can
BUILD__SCI_B_W7B_Food_Chain_Do.html,print,,print,11.1,19,Previous lesson retrieval: W7A — animals obtain food by eating; plants can make their own food; animal needs differ.
BUILD__SCI_B_W7B_Food_Chain_Do.html,print,,print,1.7,32,"Arrival (Supported forms): 1) Match rabbit → grass. 2) Place one card into a food group. 3) Point to a job food does for a body. 4) Cards: grass, rabb"
BUILD__SCI_B_W7B_Food_Chain_Do.html,print,,print,-0.1,19,◆ Use a chain of three cards. The arrow labels have words on them. Pick from two cards each time.
BUILD__SCI_B_W7B_Food_Chain_Do.html,print,,print,-0.3,13,▲ Build a chain from a mixed set of cards. Then explain each link.
BUILD__SCI_B_W7B_Food_Chain_Do.html,print,,print,2.3,28,★ Build two chains that link up. Or take one food source away. Then say what the chain evidence suggests could happen next. A model suggests — it cann
BUILD__SCI_B_W7B_Food_Chain_Do.html,print,,print,1.7,18,"Your finished chain and your words to an adult. The link you fixed, a photo, or your voice."
BUILD__SCI_B_W7B_Food_Chain_Do.html,print,,print,3.7,11,Supported: What does the rabbit get food from in the model?
BUILD__SCI_B_W7B_Food_Chain_Do.html,print,,print,2.3,7,Standard: Explain one link in your chain.
BUILD__SCI_B_W7B_Food_Chain_Do.html,print,,print,7.2,18,Stretch: Say what the chain evidence suggests could happen to one animal if its food source was gone.
BUILD__SCI_B_W7B_Food_Chain_Do.html,print,,print,9.9,20,"Pearson Entry Level Science 8939 (E1→E3); AQA UAS science units Records what was observed, and at which level of independence."
BUILD__SCI_B_W7B_Food_Chain_Do.html,print,,print,19.4,5,☐ Identified producer and consumer correctly.
BUILD__SCI_B_W7B_Food_Chain_Do.html,print,,print,2.3,7,☐ Read the arrow as 'is eaten by'.
BUILD__SCI_B_W7B_Food_Chain_Do.html,print,,print,4.5,6,☐ Built a correctly ordered food chain.
BUILD__SCI_B_W7B_Food_Chain_Do.html,print,,print,3.8,8,Ring the tier the pupil actually worked at
BUILD__SCI_B_W7B_Food_Chain_Do.html,print,,print,10.0,5,Assessor name ______________ Role ____________ Signature ______________ Date ________
BUILD__SCI_B_W7B_Food_Chain_Do.html,print,,print,6.6,4,Date: ____________________ PUPIL / EVIDENCE ID: ____________________
BUILD__SCI_B_W7B_Food_Chain_Do.html,print,,print,10.4,18,Learning objective: I can build and explain a simple food-source chain showing that animals obtain food by eating.
BUILD__SCI_B_W7B_Food_Chain_Do.html,print,,print,4.6,26,"Optional one-page capture. Point, say, draw or have an adult scribe — writing is never required. This sheet adds to the tiered pack; it never replaces"
GROW__SCI_G_W3A_Friction_Explore.html,arrival,Supported,screen,4.0,13,Point to something here that would be hard to slide along the floor.
GROW__SCI_G_W3A_Friction_Explore.html,arrival,Supported,screen,2.8,15,"Point or say: which is easier to walk on, wet ice or a dry path?"
GROW__SCI_G_W3A_Friction_Explore.html,arrival,Supported,screen,3.8,12,Show with your hands what happens when you rub them together fast.
GROW__SCI_G_W3A_Friction_Explore.html,arrival,Supported,screen,-0.6,11,Look at the two soles. Point to the one that grips.
GROW__SCI_G_W3A_Friction_Explore.html,arrival,Standard,screen,0.4,18,Name one thing that is hard to push along the floor. Say why you think it is hard.
GROW__SCI_G_W3A_Friction_Explore.html,arrival,Standard,screen,1.6,17,"Which is easier to walk on, wet ice or a dry path? Say what makes the difference."
GROW__SCI_G_W3A_Friction_Explore.html,arrival,Standard,screen,1.7,10,Rub your hands together. Say what you can feel changing.
GROW__SCI_G_W3A_Friction_Explore.html,arrival,Standard,screen,0.8,15,Trainers have patterned soles. An ice rink is kept smooth. Both are on purpose. Why?
GROW__SCI_G_W3A_Friction_Explore.html,arrival,Stretch,screen,9.7,12,Name one everyday job that would be impossible if nothing gripped anything.
GROW__SCI_G_W3A_Friction_Explore.html,arrival,Stretch,screen,1.5,14,The same shoes feel different on ice and on a dry path. Explain why.
GROW__SCI_G_W3A_Friction_Explore.html,arrival,Stretch,screen,-0.7,16,Your hands warm up when you rub them. Where do you think that heat comes from?
GROW__SCI_G_W3A_Friction_Explore.html,arrival,Stretch,screen,1.5,16,"Trainers grip and ice rinks slide, both by design. What is being controlled in each case?"
GROW__SCI_G_W3A_Friction_Explore.html,exit,Supported,screen,0.5,5,Name one place friction helps.
GROW__SCI_G_W3A_Friction_Explore.html,exit,Standard,screen,2.3,8,Explain why a car needs friction to stop.
GROW__SCI_G_W3A_Friction_Explore.html,exit,Stretch,screen,6.7,14,Explain why the same force can be a design solution and a design problem.
GROW__SCI_G_W3A_Friction_Explore.html,print,Supported,print,2.8,52,Supported independent route ◆ Use a labelled picture and the word bank. Add arrows to it. Then finish this line: ‘Friction helps because…’. Scaffold W
GROW__SCI_G_W3A_Friction_Explore.html,print,Standard,print,6.5,34,Standard independent route ▲ Label two contact surfaces. Explain one helpful effect. Then explain one unhelpful effect. Scaffold Prompt card: surfaces
GROW__SCI_G_W3A_Friction_Explore.html,print,Stretch,print,2.3,41,Stretch independent route ★ Find one place where a designer would add friction. Find one place to cut it. Give a science reason for each. Scaffold Add
GROW__SCI_G_W3A_Friction_Explore.html,print,,print,1.8,20,◆ Use a labelled picture and the word bank. Add arrows to it. Then finish this line: ‘Friction helps because…’.
GROW__SCI_G_W3A_Friction_Explore.html,print,,print,1.8,28,Word bank: friction · surface · grip · rub · slow · heat. Use these words on your card. Sentence stem: ‘The surfaces are __ and __. Friction acts __. 
GROW__SCI_G_W3A_Friction_Explore.html,print,,print,7.0,13,▲ Label two contact surfaces. Explain one helpful effect. Then explain one unhelpful effect.
GROW__SCI_G_W3A_Friction_Explore.html,print,,print,4.4,17,Prompt card: surfaces → direction of friction → effect → why that effect matters. Do one box at a time.
GROW__SCI_G_W3A_Friction_Explore.html,print,,print,1.2,21,★ Find one place where a designer would add friction. Find one place to cut it. Give a science reason for each.
GROW__SCI_G_W3A_Friction_Explore.html,print,,print,1.2,16,Add a design trade-off. What gets better if friction changes? What new cost might that bring?
GROW__SCI_G_W3A_Friction_Explore.html,print,,print,10.7,60,"What this model helps us see: It shows that friction acts against the direction of motion, and that grip comes from the pair of surfaces touching, not"
GROW__SCI_G_W3A_Friction_Explore.html,print,,print,9.3,20,WORD HELP friction — the rub that slows things down surface — the outside face that touches resistance — pushing back against movement
GROW__SCI_G_W3A_Friction_Explore.html,print,,print,9.2,19,ONE closure line after an adult has genuinely received the response and given one next step: Next I will _____________________________________________
GROW__SCI_G_W3A_Friction_Explore.html,print,,print,3.6,15,"GROW written close — the pupil writes this line: “What I said, and what it changed:” ________________________________________________________________ "
GROW__SCI_G_W3B_Friction_Do.html,arrival,Supported,screen,2.3,9,Point to a surface here where friction is high.
GROW__SCI_G_W3B_Friction_Do.html,arrival,Supported,screen,3.9,16,"Point or say: which slides further on a smooth floor, a sock or a rubber shoe?"
GROW__SCI_G_W3B_Friction_Do.html,arrival,Supported,screen,3.1,13,Show how you would make a toy car go further along the floor.
GROW__SCI_G_W3B_Friction_Do.html,arrival,Supported,screen,0.6,13,We test surfaces today. Point to the one you think will grip most.
GROW__SCI_G_W3B_Friction_Do.html,arrival,Standard,screen,1.5,12,Last lesson you decided when friction helps. Give one place it helps.
GROW__SCI_G_W3B_Friction_Do.html,arrival,Standard,screen,0.8,16,"Which would slide further on a smooth floor, a sock or a rubber shoe? Say why."
GROW__SCI_G_W3B_Friction_Do.html,arrival,Standard,screen,3.8,12,How would you make a toy car travel further along the floor?
GROW__SCI_G_W3B_Friction_Do.html,arrival,Standard,screen,1.5,14,"Today we test surfaces. Which surface will grip most, and how will we know?"
GROW__SCI_G_W3B_Friction_Do.html,arrival,Stretch,screen,3.1,20,Last lesson you found friction can be a problem too. Give one place a designer would want less of it.
GROW__SCI_G_W3B_Friction_Do.html,arrival,Stretch,screen,3.6,15,"Predict which slides further, then say what you would keep the same to be sure."
GROW__SCI_G_W3B_Friction_Do.html,arrival,Stretch,screen,1.5,15,A toy car stops sooner than you expected. Name two things that could explain it.
GROW__SCI_G_W3B_Friction_Do.html,arrival,Stretch,screen,3.8,16,Today we test surfaces. What would make our answer trustworthy to someone who was not here?
GROW__SCI_G_W3B_Friction_Do.html,exit,Supported,screen,4.0,7,Which tested surface produced the most friction?
GROW__SCI_G_W3B_Friction_Do.html,exit,Standard,screen,7.2,10,Use one result to justify which surface produced most friction.
GROW__SCI_G_W3B_Friction_Do.html,exit,Stretch,screen,9.7,12,Explain one limitation of your investigation and how you would improve it.
GROW__SCI_G_W3B_Friction_Do.html,print,Supported,print,4.5,60,Supported independent route ◆ Use the prepared table. Start at the marked release point. Let the object go. Record LONGER or SHORTER. Or record the me
GROW__SCI_G_W3B_Friction_Do.html,print,Standard,print,5.6,33,Standard independent route ▲ Record the measured distance in centimetres (cm). Which surface made the most friction? Write that down. Scaffold Conclus
GROW__SCI_G_W3B_Friction_Do.html,print,Stretch,print,3.2,35,Stretch independent route ★ Repeat each surface. Check your repeats. Are they close? Then suggest one way to improve the method. Scaffold Evaluation p
GROW__SCI_G_W3B_Friction_Do.html,print,,print,3.1,23,◆ Use the prepared table. Start at the marked release point. Let the object go. Record LONGER or SHORTER. Or record the measured distance.
GROW__SCI_G_W3B_Friction_Do.html,print,,print,4.1,33,Visual sequence: predict → release from mark → measure → record → repeat → conclude. Do one step at a time. Tick each step off. Conclusion stem: ‘___ 
GROW__SCI_G_W3B_Friction_Do.html,print,,print,3.5,16,▲ Record the measured distance in centimetres (cm). Which surface made the most friction? Write that down.
GROW__SCI_G_W3B_Friction_Do.html,print,,print,5.1,13,Conclusion stem: ‘___ produced the most friction because the object travelled ___ compared with ___.’
GROW__SCI_G_W3B_Friction_Do.html,print,,print,2.0,17,★ Repeat each surface. Check your repeats. Are they close? Then suggest one way to improve the method.
GROW__SCI_G_W3B_Friction_Do.html,print,,print,2.2,14,Evaluation prompt. You try to keep the method the same. What might still vary?
GROW__SCI_G_W3B_Friction_Do.html,print,,print,10.8,58,"What this model helps us see: It lets you compare surfaces side by side when every surface gets the same release, so the surface is the only thing you"
GROW__SCI_G_W3B_Friction_Do.html,print,,print,11.2,22,"WORD HELP evidence — what you found out, written down observation — what you saw, recorded carefully repeat — doing it again the same way"
GROW__SCI_G_W3B_Friction_Do.html,print,,print,9.2,19,ONE closure line after an adult has genuinely received the response and given one next step: Next I will _____________________________________________
GROW__SCI_G_W3B_Friction_Do.html,print,,print,3.6,15,"GROW written close — the pupil writes this line: “What I said, and what it changed:” ________________________________________________________________ "
GROW__SCI_G_W4A_Mechanisms_Explore.html,arrival,Supported,screen,2.6,11,Point to the surface from last lesson that gripped the most.
GROW__SCI_G_W4A_Mechanisms_Explore.html,arrival,Supported,screen,0.5,5,Say one place friction helps.
GROW__SCI_G_W4A_Mechanisms_Explore.html,arrival,Supported,screen,4.8,10,Show with your hands what friction does to something sliding.
GROW__SCI_G_W4A_Mechanisms_Explore.html,arrival,Supported,screen,-0.7,9,Point to the door handle. It helps you push.
GROW__SCI_G_W4A_Mechanisms_Explore.html,arrival,Standard,screen,1.5,15,"Last lesson you tested surfaces. Which gave the most friction, and how did you know?"
GROW__SCI_G_W4A_Mechanisms_Explore.html,arrival,Standard,screen,2.3,17,In Week 3 you decided friction can help or get in the way. Give one example of each.
GROW__SCI_G_W4A_Mechanisms_Explore.html,arrival,Standard,screen,2.9,12,What does friction do to an object that is trying to slide?
GROW__SCI_G_W4A_Mechanisms_Explore.html,arrival,Standard,screen,0.4,18,Some tools let a small push do a big job. How do you think a door handle helps?
GROW__SCI_G_W4A_Mechanisms_Explore.html,arrival,Stretch,screen,6.2,15,Last lesson you used results as evidence. What made one result more trustworthy than another?
GROW__SCI_G_W4A_Mechanisms_Explore.html,arrival,Stretch,screen,7.7,17,Week 3: explain why the same force can be useful in one design and a problem in another.
GROW__SCI_G_W4A_Mechanisms_Explore.html,arrival,Stretch,screen,4.2,13,Friction acts against sliding. Name something else it produces that you could feel.
GROW__SCI_G_W4A_Mechanisms_Explore.html,arrival,Stretch,screen,1.2,19,A small effort can move a big load. What do you think is being given up to get that?
GROW__SCI_G_W4A_Mechanisms_Explore.html,exit,Supported,screen,2.3,7,Name the point a lever turns around.
GROW__SCI_G_W4A_Mechanisms_Explore.html,exit,Standard,screen,3.8,12,Explain why moving a pivot can change how hard a lift feels.
GROW__SCI_G_W4A_Mechanisms_Explore.html,exit,Stretch,screen,8.8,12,Explain why a mechanism cannot give a force advantage without a trade-off.
GROW__SCI_G_W4A_Mechanisms_Explore.html,print,Supported,print,2.5,48,Supported independent route ◆ Match each example to LEVER / PULLEY / GEARS. Then point to the pivot on a lever. Scaffold Picture key: lever = bar + pi
GROW__SCI_G_W4A_Mechanisms_Explore.html,print,Standard,print,2.1,30,"Standard independent route ▲ Name the mechanism. Then say what it changes. It may change force size, direction or turning. Scaffold Stem: ‘This is a _"
GROW__SCI_G_W4A_Mechanisms_Explore.html,print,Stretch,print,2.4,38,Stretch independent route ★ Take at least two mechanisms. State the gain for each one. Then state the trade-off. Scaffold Use force and distance words
GROW__SCI_G_W4A_Mechanisms_Explore.html,print,,print,3.9,15,◆ Match each example to LEVER / PULLEY / GEARS. Then point to the pivot on a lever.
GROW__SCI_G_W4A_Mechanisms_Explore.html,print,,print,0.1,29,Picture key: lever = bar + pivot; pulley = wheel + rope; gears = toothed wheels. Match the picture first. Then say the name. Stem: ‘This is a ___ beca
GROW__SCI_G_W4A_Mechanisms_Explore.html,print,,print,2.0,16,"▲ Name the mechanism. Then say what it changes. It may change force size, direction or turning."
GROW__SCI_G_W4A_Mechanisms_Explore.html,print,,print,-2.5,10,"Stem: ‘This is a ___ because ___. It helps by ___, but ___.’"
GROW__SCI_G_W4A_Mechanisms_Explore.html,print,,print,0.5,15,★ Take at least two mechanisms. State the gain for each one. Then state the trade-off.
GROW__SCI_G_W4A_Mechanisms_Explore.html,print,,print,1.8,19,Use force and distance words. Or use speed and turning-effect words. Do not just write ‘it makes it easier’.
GROW__SCI_G_W4A_Mechanisms_Explore.html,print,,print,9.1,54,"What this model helps us see: It shows where the effort, the pivot and the load sit, and that the mechanism changes the force you need. What this mode"
GROW__SCI_G_W4A_Mechanisms_Explore.html,print,,print,8.0,22,WORD HELP mechanism — a part that changes a force pivot — the point it turns around effort — the push or pull you supply
GROW__SCI_G_W4A_Mechanisms_Explore.html,print,,print,9.2,19,ONE closure line after an adult has genuinely received the response and given one next step: Next I will _____________________________________________
GROW__SCI_G_W4A_Mechanisms_Explore.html,print,,print,3.6,15,"GROW written close — the pupil writes this line: “What I said, and what it changed:” ________________________________________________________________ "
GROW__SCI_G_W4B_Mechanisms_Do.html,arrival,Supported,screen,0.6,7,Point to a lever in this room.
GROW__SCI_G_W4B_Mechanisms_Do.html,arrival,Supported,screen,2.3,9,Say which surface gripped most in the surface test.
GROW__SCI_G_W4B_Mechanisms_Do.html,arrival,Supported,screen,2.5,6,Point to something that needs grip.
GROW__SCI_G_W4B_Mechanisms_Do.html,arrival,Supported,screen,0.6,14,Watch the seesaw. Point to where you would sit to lift a heavy friend.
GROW__SCI_G_W4B_Mechanisms_Do.html,arrival,Standard,screen,1.5,15,"Last lesson you found levers, pulleys and gears. Name one and say what it changes."
GROW__SCI_G_W4B_Mechanisms_Do.html,arrival,Standard,screen,0.1,16,In Week 3 you tested surfaces. What did you keep the same so the test was fair?
GROW__SCI_G_W4B_Mechanisms_Do.html,arrival,Standard,screen,2.5,14,Week 3: give one place friction helps and one place it gets in the way.
GROW__SCI_G_W4B_Mechanisms_Do.html,arrival,Standard,screen,4.0,13,"On a seesaw, where would you sit to lift someone heavier than you?"
GROW__SCI_G_W4B_Mechanisms_Do.html,arrival,Stretch,screen,6.8,15,"Last lesson: explain what a mechanism changes about a force, and what it leaves alone."
GROW__SCI_G_W4B_Mechanisms_Do.html,arrival,Stretch,screen,9.7,12,Week 3: why does keeping everything else the same make a comparison trustworthy?
GROW__SCI_G_W4B_Mechanisms_Do.html,arrival,Stretch,screen,1.5,15,Week 3: friction and levers both change how hard a job feels. Say how they differ.
GROW__SCI_G_W4B_Mechanisms_Do.html,arrival,Stretch,screen,4.0,14,Moving the pivot makes lifting easier. Predict what gets harder at the same time.
GROW__SCI_G_W4B_Mechanisms_Do.html,exit,Supported,screen,5.7,7,Which pivot position made your lift easier?
GROW__SCI_G_W4B_Mechanisms_Do.html,exit,Standard,screen,8.0,11,Use your evidence to explain why pivot position changed the effort.
GROW__SCI_G_W4B_Mechanisms_Do.html,exit,Stretch,screen,11.2,11,Explain the force–distance trade-off using your own measurements or observations.
GROW__SCI_G_W4B_Mechanisms_Do.html,print,Supported,print,4.1,49,Supported independent route ◆ Test two pre-marked pivot positions. Then record which one feels easier. Scaffold Photo or diagram sequence. Two labelle
GROW__SCI_G_W4B_Mechanisms_Do.html,print,Standard,print,4.0,31,"Standard independent route ▲ Record the effort at two positions. Then explain why one of them is easier. Scaffold Stem: ‘When the pivot moved ___, the"
GROW__SCI_G_W4B_Mechanisms_Do.html,print,Stretch,print,4.3,41,Stretch independent route ★ Measure the effort. Then measure the movement distance. Explain the trade-off. Use both pieces of evidence. Scaffold Compa
GROW__SCI_G_W4B_Mechanisms_Do.html,print,,print,4.8,11,◆ Test two pre-marked pivot positions. Then record which one feels easier.
GROW__SCI_G_W4B_Mechanisms_Do.html,print,,print,2.6,34,Photo or diagram sequence. Two labelled pivot positions. Choice words: easier · harder · further · less far. Pick one word for each test. Stem: ‘When 
GROW__SCI_G_W4B_Mechanisms_Do.html,print,,print,4.0,14,▲ Record the effort at two positions. Then explain why one of them is easier.
GROW__SCI_G_W4B_Mechanisms_Do.html,print,,print,0.6,13,"Stem: ‘When the pivot moved ___, the effort ___ because ___. The effort end moved ___.’"
GROW__SCI_G_W4B_Mechanisms_Do.html,print,,print,5.1,16,★ Measure the effort. Then measure the movement distance. Explain the trade-off. Use both pieces of evidence.
GROW__SCI_G_W4B_Mechanisms_Do.html,print,,print,2.2,21,Compare the effort-arm length with the load-arm length. Use the ratio. Words are fine here. Use numbers if you are ready.
GROW__SCI_G_W4B_Mechanisms_Do.html,print,,print,8.0,48,What this model helps us see: It shows how moving the pivot changes the effort needed to lift the load. What this model does not show: It leaves out t
GROW__SCI_G_W4B_Mechanisms_Do.html,print,,print,6.4,20,WORD HELP load — the thing being lifted pivot — the point it turns around effort — the push or pull you supply
GROW__SCI_G_W4B_Mechanisms_Do.html,print,,print,9.2,19,ONE closure line after an adult has genuinely received the response and given one next step: Next I will _____________________________________________
GROW__SCI_G_W4B_Mechanisms_Do.html,print,,print,3.6,15,"GROW written close — the pupil writes this line: “What I said, and what it changed:” ________________________________________________________________ "
GROW__SCI_G_W5A_Fair_Test_Explore.html,arrival,Supported,screen,3.7,10,Point to where the pivot was when lifting was easiest.
GROW__SCI_G_W5A_Fair_Test_Explore.html,arrival,Supported,screen,0.6,7,Name one machine that helps you lift.
GROW__SCI_G_W5A_Fair_Test_Explore.html,arrival,Supported,screen,0.5,5,Say one place friction helps.
GROW__SCI_G_W5A_Fair_Test_Explore.html,arrival,Supported,screen,-1.4,12,Look at the test. Point to the one thing that should change.
GROW__SCI_G_W5A_Fair_Test_Explore.html,arrival,Standard,screen,2.5,12,Last lesson you moved the pivot. What happened to the effort needed?
GROW__SCI_G_W5A_Fair_Test_Explore.html,arrival,Standard,screen,3.4,14,"Week 4: name a lever, a pulley or a gear and say what it changes."
GROW__SCI_G_W5A_Fair_Test_Explore.html,arrival,Standard,screen,3.7,9,Week 3: what does friction do to a sliding object?
GROW__SCI_G_W5A_Fair_Test_Explore.html,arrival,Standard,screen,3.5,17,"If two things change at once in a test, why can we not tell which one mattered?"
GROW__SCI_G_W5A_Fair_Test_Explore.html,arrival,Stretch,screen,5.0,14,Last lesson: explain the trade you found when the pivot moved nearer the load.
GROW__SCI_G_W5A_Fair_Test_Explore.html,arrival,Stretch,screen,8.0,11,Week 4: explain why a mechanism cannot give you something for nothing.
GROW__SCI_G_W5A_Fair_Test_Explore.html,arrival,Stretch,screen,8.5,9,Week 3: you compared surfaces. What made that comparison believable?
GROW__SCI_G_W5A_Fair_Test_Explore.html,arrival,Stretch,screen,1.5,15,A test changes two things at once. Say exactly what it can no longer prove.
GROW__SCI_G_W5A_Fair_Test_Explore.html,exit,Supported,screen,6.9,11,How many things do we deliberately change in a fair test?
GROW__SCI_G_W5A_Fair_Test_Explore.html,exit,Standard,screen,5.4,16,Name one control variable for the planned force test and explain why it stays the same.
GROW__SCI_G_W5A_Fair_Test_Explore.html,exit,Stretch,screen,7.2,10,Explain why repeats help us judge the quality of evidence.
GROW__SCI_G_W5A_Fair_Test_Explore.html,print,Supported,print,1.8,58,Supported independent route ◆ Use the variable cards. Use the word bank too. Then fill in the three-box planning frame. Scaffold Icons: ◆ CHANGE one t
GROW__SCI_G_W5A_Fair_Test_Explore.html,print,Standard,print,2.7,34,Standard independent route ▲ Write the method frame on your own. Pick two control variables. Then give a reason for each one. Scaffold Sentence: ‘I wi
GROW__SCI_G_W5A_Fair_Test_Explore.html,print,Stretch,print,4.0,31,Stretch independent route ★ Name one likely source of variation. Then explain how your method cuts its effect. Scaffold Add this line. ‘This control m
GROW__SCI_G_W5A_Fair_Test_Explore.html,print,,print,1.2,16,◆ Use the variable cards. Use the word bank too. Then fill in the three-box planning frame.
GROW__SCI_G_W5A_Fair_Test_Explore.html,print,,print,0.5,38,Icons: ◆ CHANGE one thing · ▶ MEASURE with unit · ■ KEEP SAME. Take one box at a time. Adult can read cards aloud. You can point to your card. Sentenc
GROW__SCI_G_W5A_Fair_Test_Explore.html,print,,print,1.8,18,▲ Write the method frame on your own. Pick two control variables. Then give a reason for each one.
GROW__SCI_G_W5A_Fair_Test_Explore.html,print,,print,-0.5,12,"Sentence: ‘I will change __, measure __ in __, and keep __ and __ the same.’"
GROW__SCI_G_W5A_Fair_Test_Explore.html,print,,print,4.8,14,★ Name one likely source of variation. Then explain how your method cuts its effect.
GROW__SCI_G_W5A_Fair_Test_Explore.html,print,,print,0.6,13,"Add this line. ‘This control matters because if it changed, __ could affect __.’"
GROW__SCI_G_W5A_Fair_Test_Explore.html,print,,print,10.7,50,What this model helps us see: It shows one deliberate change set against the variables you decided to control. What this model does not show: It leave
GROW__SCI_G_W5A_Fair_Test_Explore.html,print,,print,8.3,23,WORD HELP variable — a thing that can change control — keep it the same on purpose fair test — only one thing changed on purpose
GROW__SCI_G_W5A_Fair_Test_Explore.html,print,,print,9.2,19,ONE closure line after an adult has genuinely received the response and given one next step: Next I will _____________________________________________
GROW__SCI_G_W5A_Fair_Test_Explore.html,print,,print,3.6,15,"GROW written close — the pupil writes this line: “What I said, and what it changed:” ________________________________________________________________ "
GROW__SCI_G_W5B_Fair_Test_Do.html,arrival,Supported,screen,-0.3,9,Point to the thing we change in our test.
GROW__SCI_G_W5B_Fair_Test_Do.html,arrival,Supported,screen,4.0,7,Name one machine that makes lifting easier.
GROW__SCI_G_W5B_Fair_Test_Do.html,arrival,Supported,screen,0.5,5,Say which surface gripped most.
GROW__SCI_G_W5B_Fair_Test_Do.html,arrival,Supported,screen,2.6,7,We measure today. Point to the ruler.
GROW__SCI_G_W5B_Fair_Test_Do.html,arrival,Standard,screen,2.9,24,"Last lesson you named the variable to change, the one to measure, and the ones to keep the same. Name each for our test."
GROW__SCI_G_W5B_Fair_Test_Do.html,arrival,Standard,screen,3.8,8,Week 4: what does moving a lever's pivot change?
GROW__SCI_G_W5B_Fair_Test_Do.html,arrival,Standard,screen,2.9,12,"Week 3: which surface gave the most friction, and how did you know?"
GROW__SCI_G_W5B_Fair_Test_Do.html,arrival,Standard,screen,4.5,16,Today we record results with units. Why does a number with no unit tell us nothing?
GROW__SCI_G_W5B_Fair_Test_Do.html,arrival,Stretch,screen,10.4,13,Last lesson: explain why the controlled variables decide whether the result means anything.
GROW__SCI_G_W5B_Fair_Test_Do.html,arrival,Stretch,screen,2.3,14,Week 4: a mechanism trades force for distance. Explain that trade in your own words.
GROW__SCI_G_W5B_Fair_Test_Do.html,arrival,Stretch,screen,6.9,11,Week 3: what would you repeat before trusting a single surface result?
GROW__SCI_G_W5B_Fair_Test_Do.html,arrival,Stretch,screen,3.8,16,Two groups get different results for the same test. Name two honest reasons that could happen.
GROW__SCI_G_W5B_Fair_Test_Do.html,exit,Supported,screen,-1.1,7,State one thing you kept the same.
GROW__SCI_G_W5B_Fair_Test_Do.html,exit,Standard,screen,9.7,8,Use one result to answer the investigation question.
GROW__SCI_G_W5B_Fair_Test_Do.html,exit,Stretch,screen,7.6,13,Explain whether the repeats were consistent and what that means for your confidence.
GROW__SCI_G_W5B_Fair_Test_Do.html,print,Supported,print,5.8,38,Supported independent route ◆ Prepared table + marked release point + adult reads sequence aloud when needed. Scaffold Sequence card: set → release → 
GROW__SCI_G_W5B_Fair_Test_Do.html,print,Standard,print,9.0,17,"Standard independent route ▲ Three repeats with units + evidence-based conclusion. Scaffold Conclusion: ‘As ___ changed, ___. My evidence is ___.’"
GROW__SCI_G_W5B_Fair_Test_Do.html,print,Stretch,print,9.8,27,"Stretch independent route ★ Calculate means, identify unusual variation and evaluate one specific improvement. Scaffold Evaluation: ‘The result I trus"
GROW__SCI_G_W5B_Fair_Test_Do.html,print,,print,6.9,11,◆ Prepared table + marked release point + adult reads sequence aloud when needed.
GROW__SCI_G_W5B_Fair_Test_Do.html,print,,print,4.2,23,"Sequence card: set → release → measure → record → reset. Keep the next step visible, not the whole method. Conclusion: ‘As ___ changed, ___. My eviden"
GROW__SCI_G_W5B_Fair_Test_Do.html,print,,print,14.3,6,▲ Three repeats with units + evidence-based conclusion.
GROW__SCI_G_W5B_Fair_Test_Do.html,print,,print,2.2,7,"Conclusion: ‘As ___ changed, ___. My evidence is ___.’"
GROW__SCI_G_W5B_Fair_Test_Do.html,print,,print,19.0,10,"★ Calculate means, identify unusual variation and evaluate one specific improvement."
GROW__SCI_G_W5B_Fair_Test_Do.html,print,,print,2.4,13,Evaluation: ‘The result I trust least is ___ because ___. I would improve ___ by ___.’
GROW__SCI_G_W5B_Fair_Test_Do.html,print,,print,10.0,45,What this model helps us see: It shows the pattern across your repeats once each set is averaged. What this model does not show: It leaves out how car
GROW__SCI_G_W5B_Fair_Test_Do.html,print,,print,11.8,28,"WORD HELP mean — the total of the repeats divided by the number of repeats unit — what the number is measured in evidence — what you found out, writte"
GROW__SCI_G_W5B_Fair_Test_Do.html,print,,print,9.2,19,ONE closure line after an adult has genuinely received the response and given one next step: Next I will _____________________________________________
GROW__SCI_G_W5B_Fair_Test_Do.html,print,,print,3.6,15,"GROW written close — the pupil writes this line: “What I said, and what it changed:” ________________________________________________________________ "
GROW__SCI_G_W6A_Earth_And_Planets_Explore.html,arrival,Supported,screen,2.5,10,Point to the units we wrote next to our numbers.
GROW__SCI_G_W6A_Earth_And_Planets_Explore.html,arrival,Supported,screen,0.1,10,Say the one thing we change in a fair test.
GROW__SCI_G_W6A_Earth_And_Planets_Explore.html,arrival,Supported,screen,2.9,5,Point to something that turns.
GROW__SCI_G_W6A_Earth_And_Planets_Explore.html,arrival,Supported,screen,1.9,9,Look at the Solar System picture. Point to Earth.
GROW__SCI_G_W6A_Earth_And_Planets_Explore.html,arrival,Standard,screen,4.2,13,Last lesson you recorded results with units. Why did you repeat the readings?
GROW__SCI_G_W6A_Earth_And_Planets_Explore.html,arrival,Standard,screen,0.9,12,"Week 5: what must stay the same in a fair test, and why?"
GROW__SCI_G_W6A_Earth_And_Planets_Explore.html,arrival,Standard,screen,2.5,10,Week 4: what does a gear change about a turning force?
GROW__SCI_G_W6A_Earth_And_Planets_Explore.html,arrival,Standard,screen,0.9,17,The planets do not fly off into space. What do you think holds them on their paths?
GROW__SCI_G_W6A_Earth_And_Planets_Explore.html,arrival,Stretch,screen,5.8,12,Last lesson: explain how repeats changed how much you trusted the evidence.
GROW__SCI_G_W6A_Earth_And_Planets_Explore.html,arrival,Stretch,screen,5.6,17,"Week 5: explain why a fair test is about the claim you want to make, not the equipment."
GROW__SCI_G_W6A_Earth_And_Planets_Explore.html,arrival,Stretch,screen,2.3,15,Week 4: a force can be redirected or changed in size. Give one example of each.
GROW__SCI_G_W6A_Earth_And_Planets_Explore.html,arrival,Stretch,screen,1.6,17,A planet moves forward and is pulled inward at the same time. What shape does that make?
GROW__SCI_G_W6A_Earth_And_Planets_Explore.html,exit,Supported,screen,0.6,7,Which planet is third from the Sun?
GROW__SCI_G_W6A_Earth_And_Planets_Explore.html,exit,Standard,screen,3.7,9,What force keeps planets in orbit around the Sun?
GROW__SCI_G_W6A_Earth_And_Planets_Explore.html,exit,Stretch,screen,4.9,13,Explain why a planet does not simply fly away in a straight line.
GROW__SCI_G_W6A_Earth_And_Planets_Explore.html,print,Supported,print,6.6,41,Supported independent route ◆ Use the labelled cards and the mnemonic strip. The gravity arrow is already drawn. Scaffold Mnemonic + numbered position
GROW__SCI_G_W6A_Earth_And_Planets_Explore.html,print,Standard,print,7.1,27,"Standard independent route ▲ Order all eight, classify them and add gravity/motion arrows. Scaffold Orbit stem: ‘The planet keeps moving __ while grav"
GROW__SCI_G_W6A_Earth_And_Planets_Explore.html,print,Stretch,print,12.7,37,Stretch independent route ★ Explain why an outer planet has a longer year and identify a limitation of the classroom model. Scaffold Model critique: d
GROW__SCI_G_W6A_Earth_And_Planets_Explore.html,print,,print,5.7,14,◆ Use the labelled cards and the mnemonic strip. The gravity arrow is already drawn.
GROW__SCI_G_W6A_Earth_And_Planets_Explore.html,print,,print,5.4,23,"Mnemonic + numbered positions + icon key: ● rocky · ◯ gas giant · ◇ ice giant. Orbit stem: ‘The planet keeps moving __ while gravity pulls __, so the "
GROW__SCI_G_W6A_Earth_And_Planets_Explore.html,print,,print,8.4,10,"▲ Order all eight, classify them and add gravity/motion arrows."
GROW__SCI_G_W6A_Earth_And_Planets_Explore.html,print,,print,3.3,13,"Orbit stem: ‘The planet keeps moving __ while gravity pulls __, so the path __.’"
GROW__SCI_G_W6A_Earth_And_Planets_Explore.html,print,,print,11.2,17,★ Explain why an outer planet has a longer year and identify a limitation of the classroom model.
GROW__SCI_G_W6A_Earth_And_Planets_Explore.html,print,,print,12.0,16,"Model critique: distinguish order, relative size, distance and movement — which are represented and which are not?"
GROW__SCI_G_W6A_Earth_And_Planets_Explore.html,print,,print,9.1,54,What this model helps us see: It shows the order of the planets and that each orbit is a closed path around the Sun. What this model does not show: It
GROW__SCI_G_W6A_Earth_And_Planets_Explore.html,print,,print,12.0,24,WORD HELP orbit — the path one object takes around another gravity — the pull between masses Solar System — the Sun and everything going round it
GROW__SCI_G_W6A_Earth_And_Planets_Explore.html,print,,print,9.2,19,ONE closure line after an adult has genuinely received the response and given one next step: Next I will _____________________________________________
GROW__SCI_G_W6A_Earth_And_Planets_Explore.html,print,,print,3.6,15,"GROW written close — the pupil writes this line: “What I said, and what it changed:” ________________________________________________________________ "
GROW__SCI_G_W6B_Earth_And_Planets_Do.html,arrival,Supported,screen,2.3,8,Point to the planet closest to the Sun.
GROW__SCI_G_W6B_Earth_And_Planets_Do.html,arrival,Supported,screen,0.1,10,Say the one thing we change in a fair test.
GROW__SCI_G_W6B_Earth_And_Planets_Do.html,arrival,Supported,screen,0.5,6,Point to a surface that grips.
GROW__SCI_G_W6B_Earth_And_Planets_Do.html,arrival,Supported,screen,0.5,11,We build a model today. Point to what it should show.
GROW__SCI_G_W6B_Earth_And_Planets_Do.html,arrival,Standard,screen,1.5,15,Last lesson you put the planets in order. Which one is third from the Sun?
GROW__SCI_G_W6B_Earth_And_Planets_Do.html,arrival,Standard,screen,2.5,14,"Week 5: name what to change, what to measure and what to keep the same."
GROW__SCI_G_W6B_Earth_And_Planets_Do.html,arrival,Standard,screen,3.7,9,Week 3: what does friction do to a moving object?
GROW__SCI_G_W6B_Earth_And_Planets_Do.html,arrival,Standard,screen,1.6,17,Our model cannot show the right size and the right distance at once. Which should we choose?
GROW__SCI_G_W6B_Earth_And_Planets_Do.html,arrival,Stretch,screen,8.4,17,Last lesson: explain how gravity keeps a planet in orbit instead of moving in a straight line.
GROW__SCI_G_W6B_Earth_And_Planets_Do.html,arrival,Stretch,screen,6.0,15,"Week 5: explain why a model, like a test, has to be honest about its limits."
GROW__SCI_G_W6B_Earth_And_Planets_Do.html,arrival,Stretch,screen,2.3,14,Week 3: there is almost no friction in space. Say what that changes about motion.
GROW__SCI_G_W6B_Earth_And_Planets_Do.html,arrival,Stretch,screen,5.4,15,Every model gets something wrong on purpose. What must ours get right to be useful?
GROW__SCI_G_W6B_Earth_And_Planets_Do.html,exit,Supported,screen,3.8,8,Name the force pulling planets towards the Sun.
GROW__SCI_G_W6B_Earth_And_Planets_Do.html,exit,Standard,screen,8.0,11,Explain how gravity and forward motion combine to make an orbit.
GROW__SCI_G_W6B_Earth_And_Planets_Do.html,exit,Stretch,screen,7.6,9,Evaluate one strength and one limitation of your model.
GROW__SCI_G_W6B_Earth_And_Planets_Do.html,print,Supported,print,5.8,34,Supported independent route ◆ Use the numbered planet cards. The type key and the orbit arrows are given. Scaffold Keep only the next three planet car
GROW__SCI_G_W6B_Earth_And_Planets_Do.html,print,Standard,print,15.0,14,Standard independent route ▲ Build order independently and annotate gravity/motion. Scaffold Two-arrow explanation frame.
GROW__SCI_G_W6B_Earth_And_Planets_Do.html,print,Stretch,print,11.3,32,Stretch independent route ★ Explain longer years for outer planets and evaluate which part of the model is least realistic. Scaffold Compare two possi
GROW__SCI_G_W6B_Earth_And_Planets_Do.html,print,,print,3.2,14,◆ Use the numbered planet cards. The type key and the orbit arrows are given.
GROW__SCI_G_W6B_Earth_And_Planets_Do.html,print,,print,6.1,16,Keep only the next three planet cards visible at a time; use order strip if needed.
GROW__SCI_G_W6B_Earth_And_Planets_Do.html,print,,print,15.8,7,▲ Build order independently and annotate gravity/motion.
GROW__SCI_G_W6B_Earth_And_Planets_Do.html,print,,print,13.1,3,Two-arrow explanation frame.
GROW__SCI_G_W6B_Earth_And_Planets_Do.html,print,,print,9.1,16,★ Explain longer years for outer planets and evaluate which part of the model is least realistic.
GROW__SCI_G_W6B_Earth_And_Planets_Do.html,print,,print,11.7,12,Compare two possible models and decide which better answers today’s scientific question.
GROW__SCI_G_W6B_Earth_And_Planets_Do.html,print,,print,9.4,47,What this model helps us see: It shows the order of the planets and the direction they travel around the Sun. What this model does not show: It leaves
GROW__SCI_G_W6B_Earth_And_Planets_Do.html,print,,print,11.5,24,WORD HELP model — something built to stand for the real thing orbit — the path one object takes around another represent — stand for something real
GROW__SCI_G_W6B_Earth_And_Planets_Do.html,print,,print,9.2,19,ONE closure line after an adult has genuinely received the response and given one next step: Next I will _____________________________________________
GROW__SCI_G_W6B_Earth_And_Planets_Do.html,print,,print,3.6,15,"GROW written close — the pupil writes this line: “What I said, and what it changed:” ________________________________________________________________ "
GROW__SCI_G_W7A_The_Moon_Explore.html,arrival,Supported,screen,3.7,10,Point to the part of your model that was accurate.
GROW__SCI_G_W7A_The_Moon_Explore.html,arrival,Supported,screen,0.5,6,Point to Earth in the picture.
GROW__SCI_G_W7A_The_Moon_Explore.html,arrival,Supported,screen,0.1,10,Say the one thing we change in a fair test.
GROW__SCI_G_W7A_The_Moon_Explore.html,arrival,Supported,screen,0.5,10,Look at the Moon pictures. Point to the fullest one.
GROW__SCI_G_W7A_The_Moon_Explore.html,arrival,Standard,screen,2.5,20,Last lesson you built a Solar System model. Name one thing it showed well and one it could not show.
GROW__SCI_G_W7A_The_Moon_Explore.html,arrival,Standard,screen,3.7,11,Week 6: what holds the planets on their orbits around the Sun?
GROW__SCI_G_W7A_The_Moon_Explore.html,arrival,Standard,screen,6.4,6,Week 5: why do we repeat measurements?
GROW__SCI_G_W7A_The_Moon_Explore.html,arrival,Standard,screen,2.3,14,The Moon looks a different shape each week. Does the Moon itself really change?
GROW__SCI_G_W7A_The_Moon_Explore.html,arrival,Stretch,screen,5.9,14,Last lesson: explain how you decided what your model was allowed to get wrong.
GROW__SCI_G_W7A_The_Moon_Explore.html,arrival,Stretch,screen,10.7,10,Week 6: explain how movement and gravity together produce an orbit.
GROW__SCI_G_W7A_The_Moon_Explore.html,arrival,Stretch,screen,5.8,12,Week 5: explain how you would check an observation you could not repeat.
GROW__SCI_G_W7A_The_Moon_Explore.html,arrival,Stretch,screen,1.5,14,The Sun always lights half the Moon. So why do we see different shapes?
GROW__SCI_G_W7A_The_Moon_Explore.html,exit,Supported,screen,2.3,8,Does the Moon make its own visible light?
GROW__SCI_G_W7A_The_Moon_Explore.html,exit,Standard,screen,3.7,11,Explain why the Moon appears to change shape during the month.
GROW__SCI_G_W7A_The_Moon_Explore.html,exit,Stretch,screen,3.7,10,Explain why normal phases are not caused by Earth’s shadow.
GROW__SCI_G_W7A_The_Moon_Explore.html,print,Supported,print,5.3,47,Supported independent route ◆ Match four labelled phases to positions and follow a printed sunlight arrow. Scaffold Use only NEW · QUARTER · FULL · QU
GROW__SCI_G_W7A_The_Moon_Explore.html,print,Standard,print,4.9,28,Standard independent route ▲ Sequence phases and explain one using reflected-light language. Scaffold Stem: ‘The Moon looks ___ because we can see ___
GROW__SCI_G_W7A_The_Moon_Explore.html,print,Stretch,print,12.7,30,Stretch independent route ★ Explain why an eclipse is not part of the normal phase cycle and critique one model limitation. Scaffold Use observer/view
GROW__SCI_G_W7A_The_Moon_Explore.html,print,,print,6.8,12,◆ Match four labelled phases to positions and follow a printed sunlight arrow.
GROW__SCI_G_W7A_The_Moon_Explore.html,print,,print,2.9,31,Use only NEW · QUARTER · FULL · QUARTER first; add crescents after the core idea is secure. Stem: ‘The Moon looks ___ because we can see ___ of the ha
GROW__SCI_G_W7A_The_Moon_Explore.html,print,,print,9.7,8,▲ Sequence phases and explain one using reflected-light language.
GROW__SCI_G_W7A_The_Moon_Explore.html,print,,print,-0.7,16,Stem: ‘The Moon looks ___ because we can see ___ of the half lit by the Sun.’
GROW__SCI_G_W7A_The_Moon_Explore.html,print,,print,9.8,17,★ Explain why an eclipse is not part of the normal phase cycle and critique one model limitation.
GROW__SCI_G_W7A_The_Moon_Explore.html,print,,print,16.8,9,Use observer/viewing-angle language and explicitly compare eclipse geometry.
GROW__SCI_G_W7A_The_Moon_Explore.html,print,,print,7.7,49,What this model helps us see: It shows that the lit half always faces the Sun while the part we can see changes. What this model does not show: It lea
GROW__SCI_G_W7A_The_Moon_Explore.html,print,,print,9.8,23,WORD HELP phase — the shape of the Moon we can see orbit — the path one object takes around another observer — the person looking
GROW__SCI_G_W7A_The_Moon_Explore.html,print,,print,9.2,19,ONE closure line after an adult has genuinely received the response and given one next step: Next I will _____________________________________________
GROW__SCI_G_W7A_The_Moon_Explore.html,print,,print,3.6,15,"GROW written close — the pupil writes this line: “What I said, and what it changed:” ________________________________________________________________ "
GROW__SCI_G_W7B_The_Moon_Do.html,arrival,Supported,screen,0.5,6,Point to the Full Moon picture.
GROW__SCI_G_W7B_The_Moon_Do.html,arrival,Supported,screen,0.6,7,Point to the Sun in the model.
GROW__SCI_G_W7B_The_Moon_Do.html,arrival,Supported,screen,2.9,5,Point to something that turns.
GROW__SCI_G_W7B_The_Moon_Do.html,arrival,Supported,screen,-1.1,14,We make the phases with a ball and a lamp. Point to the lamp.
GROW__SCI_G_W7B_The_Moon_Do.html,arrival,Standard,screen,2.3,15,Last lesson you explained why the Moon seems to change shape. What is really changing?
GROW__SCI_G_W7B_The_Moon_Do.html,arrival,Standard,screen,5.0,9,Week 6: what keeps the planets travelling around the Sun?
GROW__SCI_G_W7B_The_Moon_Do.html,arrival,Standard,screen,3.7,9,Week 4: what does a mechanism change about a force?
GROW__SCI_G_W7B_The_Moon_Do.html,arrival,Standard,screen,1.5,14,Today you make the phases appear on command. What will the lamp stand for?
GROW__SCI_G_W7B_The_Moon_Do.html,arrival,Stretch,screen,5.5,19,Last lesson: explain why the lit half of the Moon stays the same even though our view does not.
GROW__SCI_G_W7B_The_Moon_Do.html,arrival,Stretch,screen,9.1,11,Week 6: explain why an orbit needs motion and gravity acting together.
GROW__SCI_G_W7B_The_Moon_Do.html,arrival,Stretch,screen,5.0,14,Week 4: explain what a model of a mechanism can show and what it hides.
GROW__SCI_G_W7B_The_Moon_Do.html,arrival,Stretch,screen,3.0,17,A phase and an eclipse look related but are not the same. What must your model separate?
GROW__SCI_G_W7B_The_Moon_Do.html,exit,Supported,screen,2.5,10,"How long does the Moon take to orbit Earth, roughly?"
GROW__SCI_G_W7B_The_Moon_Do.html,exit,Standard,screen,2.3,8,Use the model to explain one Moon phase.
GROW__SCI_G_W7B_The_Moon_Do.html,exit,Stretch,screen,9.8,16,Explain why an eclipse is different from the normal phase cycle and name one model limitation.
GROW__SCI_G_W7B_The_Moon_Do.html,print,Supported,print,6.9,33,Supported independent route ◆ Use the four-position wheel. The sunlight arrow is already printed. Match what the observer sees. Scaffold Adult control
GROW__SCI_G_W7B_The_Moon_Do.html,print,Standard,print,8.3,24,Standard independent route ▲ Build/label the wheel and explain why the apparent shape changes. Scaffold Reasoning frame: light source → Moon position 
GROW__SCI_G_W7B_The_Moon_Do.html,print,Stretch,print,11.8,31,Stretch independent route ★ Add an eclipse comparison and evaluate one limitation of the physical model. Scaffold Explain which geometrical feature th
GROW__SCI_G_W7B_The_Moon_Do.html,print,,print,5.2,15,◆ Use the four-position wheel. The sunlight arrow is already printed. Match what the observer sees.
GROW__SCI_G_W7B_The_Moon_Do.html,print,,print,7.6,14,Adult controls torch if needed; pupil directs Moon position and chooses the matching view.
GROW__SCI_G_W7B_The_Moon_Do.html,print,,print,4.8,11,▲ Build/label the wheel and explain why the apparent shape changes.
GROW__SCI_G_W7B_The_Moon_Do.html,print,,print,7.6,9,Reasoning frame: light source → Moon position → visible part → phase.
GROW__SCI_G_W7B_The_Moon_Do.html,print,,print,12.7,12,★ Add an eclipse comparison and evaluate one limitation of the physical model.
GROW__SCI_G_W7B_The_Moon_Do.html,print,,print,9.1,15,Explain which geometrical feature the model captures well and which scale feature it does not.
GROW__SCI_G_W7B_The_Moon_Do.html,print,,print,8.4,49,What this model helps us see: It lets you produce each phase on demand and see the positions that cause it. What this model does not show: It leaves o
GROW__SCI_G_W7B_The_Moon_Do.html,print,,print,10.2,27,WORD HELP phase — the shape of the Moon we can see eclipse — one object blocking light to another model — something built to stand for the real thing
GROW__SCI_G_W7B_The_Moon_Do.html,print,,print,9.2,19,ONE closure line after an adult has genuinely received the response and given one next step: Next I will _____________________________________________
GROW__SCI_G_W7B_The_Moon_Do.html,print,,print,3.6,15,"GROW written close — the pupil writes this line: “What I said, and what it changed:” ________________________________________________________________ "
LAUNCH__SCI_L_W3L1_Microscopy_Introduce.html,arrival,Supported,screen,7.7,17,Point to something in this room you would need to look at very closely to see properly.
LAUNCH__SCI_L_W3L1_Microscopy_Introduce.html,arrival,Supported,screen,4.8,12,"Say or point: does a magnifying glass make things bigger, or clearer?"
LAUNCH__SCI_L_W3L1_Microscopy_Introduce.html,arrival,Supported,screen,3.4,14,Show with your hands how close you would hold something small to see it.
LAUNCH__SCI_L_W3L1_Microscopy_Introduce.html,arrival,Supported,screen,2.4,13,Look at the microscope. Point to the eyepiece — the part you look through.
LAUNCH__SCI_L_W3L1_Microscopy_Introduce.html,arrival,Standard,screen,2.9,12,Name one thing too small to see clearly with just your eyes.
LAUNCH__SCI_L_W3L1_Microscopy_Introduce.html,arrival,Standard,screen,3.8,16,A magnifying glass makes things look bigger. Does bigger always mean you can see more detail?
LAUNCH__SCI_L_W3L1_Microscopy_Introduce.html,arrival,Standard,screen,2.5,14,Why do things look blurred when you bring them too close to your eyes?
LAUNCH__SCI_L_W3L1_Microscopy_Introduce.html,arrival,Standard,screen,0.6,14,"A microscope has two lenses, not one. Why do you think it needs both?"
LAUNCH__SCI_L_W3L1_Microscopy_Introduce.html,arrival,Stretch,screen,6.7,13,Name something scientists need to see that no eye could ever resolve unaided.
LAUNCH__SCI_L_W3L1_Microscopy_Introduce.html,arrival,Stretch,screen,3.6,19,Zooming a phone photo makes it bigger but not clearer. Say what that tells you about size and detail.
LAUNCH__SCI_L_W3L1_Microscopy_Introduce.html,arrival,Stretch,screen,2.5,20,Your eye has a limit on the fine detail it can separate. What would you need to get past it?
LAUNCH__SCI_L_W3L1_Microscopy_Introduce.html,arrival,Stretch,screen,6.6,20,"A microscope multiplies the eyepiece by the objective. Predict what that does to the image, and what it cannot fix."
LAUNCH__SCI_L_W3L1_Microscopy_Introduce.html,starter,,screen,5.6,18,"Two cell images are equally large, but only one is sharp. Which gives more scientific information — and why?"
LAUNCH__SCI_L_W3L1_Microscopy_Introduce.html,independent,,screen,2.7,44,Use a prepared microscope image. Or a real microscope. Find the eyepiece power. Find the objective power. Times the two. That is the total magnificati
LAUNCH__SCI_L_W3L1_Microscopy_Introduce.html,independent,,screen,6.8,25,◆ Label the microscope. Then match BIGGER / CLEARER. 🧰 Scaffold magnification = BIGGER. resolution = CLEARER DETAIL. Use both. Fade: remove the first 
LAUNCH__SCI_L_W3L1_Microscopy_Introduce.html,independent,,screen,3.8,33,▲ Label the parts. Try three lens pairs. Work each one out. Then annotate one cell. 🧰 Scaffold total magnification = eyepiece × objective. Times the t
LAUNCH__SCI_L_W3L1_Microscopy_Introduce.html,independent,,screen,5.3,32,★ Compare light and electron microscopes. Which gives more magnification? Which gives more resolution? 🧰 Scaffold Use real science words. Not the phon
LAUNCH__SCI_L_W3L1_Microscopy_Introduce.html,exit,Supported,screen,-1.4,6,Name the lens you look through.
LAUNCH__SCI_L_W3L1_Microscopy_Introduce.html,exit,Standard,screen,15.8,7,State the difference between magnification and resolution.
LAUNCH__SCI_L_W3L1_Microscopy_Introduce.html,exit,Stretch,screen,10.0,10,Increasing magnification does not always reveal more detail. Explain why.
LAUNCH__SCI_L_W3L1_Microscopy_Introduce.html,print,Supported,print,7.4,7,◆ Label the microscope and match BIGGER / CLEARER.
LAUNCH__SCI_L_W3L1_Microscopy_Introduce.html,print,Standard,print,13.1,10,"▲ Label, calculate three lens combinations and annotate a cell observation."
LAUNCH__SCI_L_W3L1_Microscopy_Introduce.html,print,Stretch,print,15.4,10,★ Compare light/electron microscopy in terms of magnification and resolution.
LAUNCH__SCI_L_W3L1_Microscopy_Introduce.html,print,,print,-3.0,2,Name: _______________________________ Date: ______________________
LAUNCH__SCI_L_W3L1_Microscopy_Introduce.html,print,,print,3.0,19,"New to this class, or not sure? Everything you need is in the box above — read it, then answer."
LAUNCH__SCI_L_W3L1_Microscopy_Introduce.html,print,,print,15.4,19,Learning objective: I can distinguish magnification from resolution and explain how a light microscope produces a useful cell image.
LAUNCH__SCI_L_W3L1_Microscopy_Introduce.html,print,,print,6.4,22,Arrival — what you already know: Weeks 1 and 2 were baseline. There is no previous lesson to recall — this is where the teaching starts.
LAUNCH__SCI_L_W3L1_Microscopy_Introduce.html,print,,print,5.6,17,R1 · What you already know: Name one thing too small to see clearly with just your eyes.
LAUNCH__SCI_L_W3L1_Microscopy_Introduce.html,print,,print,4.8,21,R2 · What you already know: A magnifying glass makes things look bigger. Does bigger always mean you can see more detail?
LAUNCH__SCI_L_W3L1_Microscopy_Introduce.html,print,,print,5.5,19,R3 · What you already know: Why do things look blurred when you bring them too close to your eyes?
LAUNCH__SCI_L_W3L1_Microscopy_Introduce.html,print,,print,3.0,17,"Lead-in · Into today: A microscope has two lenses, not one. Why do you think it needs both?"
LAUNCH__SCI_L_W3L1_Microscopy_Introduce.html,print,,print,7.4,7,◆ Label the microscope and match BIGGER / CLEARER.
LAUNCH__SCI_L_W3L1_Microscopy_Introduce.html,print,,print,13.1,10,"▲ Label, calculate three lens combinations and annotate a cell observation."
LAUNCH__SCI_L_W3L1_Microscopy_Introduce.html,print,,print,15.4,10,★ Compare light/electron microscopy in terms of magnification and resolution.
LAUNCH__SCI_L_W3L1_Microscopy_Introduce.html,print,,print,24.1,11,Labelled observation/drawing + total magnification + pupil explanation of magnification versus resolution.
LAUNCH__SCI_L_W3L1_Microscopy_Introduce.html,print,,print,0.6,7,Supported: Name the lens you look through.
LAUNCH__SCI_L_W3L1_Microscopy_Introduce.html,print,,print,15.6,8,Standard: State the difference between magnification and resolution.
LAUNCH__SCI_L_W3L1_Microscopy_Introduce.html,print,,print,9.1,11,Stretch: Increasing magnification does not always reveal more detail. Explain why.
LAUNCH__SCI_L_W3L1_Microscopy_Introduce.html,print,,print,11.1,10,Adult genuinely receives the response. No signature/initial is required.
LAUNCH__SCI_L_W3L1_Microscopy_Introduce.html,print,,print,3.4,34,"Closing the loop: this one ends on paper — your own hand, or your words scribed by an adult. Saying it aloud starts the loop; writing it is what close"
LAUNCH__SCI_L_W3L1_Microscopy_Introduce.html,print,,print,-1.1,7,"What I said, and what it changed:"
LAUNCH__SCI_L_W3L1_Microscopy_Introduce.html,print,,print,14.3,28,"Pearson Edexcel GCSE (9–1) Biology 1BI0 (Foundation, grades 1–5); GCSE Combined Science 1SC0 F where appropriate; AQA UAS science units Records what w"
LAUNCH__SCI_L_W3L1_Microscopy_Introduce.html,print,,print,6.4,6,☐ Named the eyepiece and objective lenses.
LAUNCH__SCI_L_W3L1_Microscopy_Introduce.html,print,,print,24.3,4,☐ Distinguished magnification from resolution.
LAUNCH__SCI_L_W3L1_Microscopy_Introduce.html,print,,print,11.1,8,☐ Produced a labelled drawing with the magnification recorded.
LAUNCH__SCI_L_W3L1_Microscopy_Introduce.html,print,,print,3.8,8,Ring the tier the pupil actually worked at
LAUNCH__SCI_L_W3L1_Microscopy_Introduce.html,print,,print,10.0,5,Assessor name ______________ Role ____________ Signature ______________ Date ________
LAUNCH__SCI_L_W3L2_Calculating_Magnification_Explore.html,arrival,Supported,screen,6.7,8,Point to the eyepiece on the microscope diagram.
LAUNCH__SCI_L_W3L2_Calculating_Magnification_Explore.html,arrival,Supported,screen,4.8,11,Which is longer: 1 millimetre or 1 centimetre? Point to the longer one.
LAUNCH__SCI_L_W3L2_Calculating_Magnification_Explore.html,arrival,Supported,screen,5.8,13,"Say or point: if something is 10 times bigger, is it larger or smaller?"
LAUNCH__SCI_L_W3L2_Calculating_Magnification_Explore.html,arrival,Supported,screen,0.6,13,Look at the drawing and the real cell. Point to the bigger one.
LAUNCH__SCI_L_W3L2_Calculating_Magnification_Explore.html,arrival,Standard,screen,8.4,12,Last lesson you separated magnification from resolution. Say what each one means.
LAUNCH__SCI_L_W3L2_Calculating_Magnification_Explore.html,arrival,Standard,screen,6.7,8,How many millimetres are there in one centimetre?
LAUNCH__SCI_L_W3L2_Calculating_Magnification_Explore.html,arrival,Standard,screen,5.5,19,"If a picture is 10 times bigger than the real object, how do you get back to the real size?"
LAUNCH__SCI_L_W3L2_Calculating_Magnification_Explore.html,arrival,Standard,screen,1.0,18,A drawn cell is far bigger than the real one. How could we work out how much bigger?
LAUNCH__SCI_L_W3L2_Calculating_Magnification_Explore.html,arrival,Stretch,screen,9.4,12,Last lesson: a bigger image is not automatically more useful. Explain why.
LAUNCH__SCI_L_W3L2_Calculating_Magnification_Explore.html,arrival,Stretch,screen,9.4,13,Why does a calculation go wrong if two measurements are in different units?
LAUNCH__SCI_L_W3L2_Calculating_Magnification_Explore.html,arrival,Stretch,screen,6.7,14,"Name the operation that undoes multiplying, and say when you would need it here."
LAUNCH__SCI_L_W3L2_Calculating_Magnification_Explore.html,arrival,Stretch,screen,6.9,13,You have a drawing and the real size. Predict which calculation gives magnification.
LAUNCH__SCI_L_W3L2_Calculating_Magnification_Explore.html,starter,,screen,2.3,23,A cell image is 40 mm across but the real cell is 0.10 mm. How can one number describe how much bigger the image is?
LAUNCH__SCI_L_W3L2_Calculating_Magnification_Explore.html,independent,,screen,3.6,31,Work through the mixed magnification problems. Some ask for actual size. Some ask for image size. Use the calculation lab. Then pick one answer. Expla
LAUNCH__SCI_L_W3L2_Calculating_Magnification_Explore.html,independent,,screen,5.0,34,◆ Do six calculations. Keep the equation visible. Keep the conversion ladder visible. 🧰 Scaffold Keep the formula in view. Keep the mm↔µm ladder too. 
LAUNCH__SCI_L_W3L2_Calculating_Magnification_Explore.html,independent,,screen,3.5,29,▲ Do eight mixed calculations. Some need a conversion. Some need rearranging. 🧰 Scaffold Find the unknown. Highlight it. Then rearrange. Fade: remove 
LAUNCH__SCI_L_W3L2_Calculating_Magnification_Explore.html,independent,,screen,5.0,34,★ Do the mixed calculations. Add a small lens/image data table. 🧰 Scaffold Check it looks right. An enlarged image is bigger. Magnification is usually
LAUNCH__SCI_L_W3L2_Calculating_Magnification_Explore.html,exit,Supported,screen,10.0,5,Does magnification have a unit?
LAUNCH__SCI_L_W3L2_Calculating_Magnification_Explore.html,exit,Standard,screen,6.4,6,Rearrange the equation for actual size.
LAUNCH__SCI_L_W3L2_Calculating_Magnification_Explore.html,exit,Stretch,screen,3.7,10,Explain why mixed mm/µm units must be converted first.
LAUNCH__SCI_L_W3L2_Calculating_Magnification_Explore.html,print,Supported,print,15.8,7,◆ Six calculations with equation/conversion ladder visible.
LAUNCH__SCI_L_W3L2_Calculating_Magnification_Explore.html,print,Standard,print,15.8,7,▲ Eight mixed calculations including conversions and rearrangement.
LAUNCH__SCI_L_W3L2_Calculating_Magnification_Explore.html,print,Stretch,print,7.6,9,★ Mixed calculations plus a small lens/image data table.
LAUNCH__SCI_L_W3L2_Calculating_Magnification_Explore.html,print,,print,-3.0,2,Name: _______________________________ Date: ______________________
LAUNCH__SCI_L_W3L2_Calculating_Magnification_Explore.html,print,,print,3.8,16,"Not here last lesson? Everything you need is in the box above — read it, then answer."
LAUNCH__SCI_L_W3L2_Calculating_Magnification_Explore.html,print,,print,14.3,14,"Learning objective: I can calculate magnification, image size and actual size using consistent units."
LAUNCH__SCI_L_W3L2_Calculating_Magnification_Explore.html,print,,print,19.2,12,Retrieval: W3L1 magnification/resolution and lens combinations. Total magnification = eyepiece × objective.
LAUNCH__SCI_L_W3L2_Calculating_Magnification_Explore.html,print,,print,7.8,15,R1 · Last lesson: Last lesson you separated magnification from resolution. Say what each one means.
LAUNCH__SCI_L_W3L2_Calculating_Magnification_Explore.html,print,,print,7.6,13,R2 · What you already know: How many millimetres are there in one centimetre?
LAUNCH__SCI_L_W3L2_Calculating_Magnification_Explore.html,print,,print,8.0,24,"R3 · What you already know: If a picture is 10 times bigger than the real object, how do you get back to the real size?"
LAUNCH__SCI_L_W3L2_Calculating_Magnification_Explore.html,print,,print,3.1,21,Lead-in · Into today: A drawn cell is far bigger than the real one. How could we work out how much bigger?
LAUNCH__SCI_L_W3L2_Calculating_Magnification_Explore.html,print,,print,15.8,7,◆ Six calculations with equation/conversion ladder visible.
LAUNCH__SCI_L_W3L2_Calculating_Magnification_Explore.html,print,,print,15.8,7,▲ Eight mixed calculations including conversions and rearrangement.
LAUNCH__SCI_L_W3L2_Calculating_Magnification_Explore.html,print,,print,7.6,9,★ Mixed calculations plus a small lens/image data table.
LAUNCH__SCI_L_W3L2_Calculating_Magnification_Explore.html,print,,print,12.8,9,GCSE-style four-line workings + correct unit handling + one explained correction.
LAUNCH__SCI_L_W3L2_Calculating_Magnification_Explore.html,print,,print,10.4,6,Supported: Does magnification have a unit?
LAUNCH__SCI_L_W3L2_Calculating_Magnification_Explore.html,print,,print,7.4,7,Standard: Rearrange the equation for actual size.
LAUNCH__SCI_L_W3L2_Calculating_Magnification_Explore.html,print,,print,3.7,11,Stretch: Explain why mixed mm/µm units must be converted first.
LAUNCH__SCI_L_W3L2_Calculating_Magnification_Explore.html,print,,print,11.1,10,Adult genuinely receives the response. No signature/initial is required.
LAUNCH__SCI_L_W3L2_Calculating_Magnification_Explore.html,print,,print,3.4,34,"Closing the loop: this one ends on paper — your own hand, or your words scribed by an adult. Saying it aloud starts the loop; writing it is what close"
LAUNCH__SCI_L_W3L2_Calculating_Magnification_Explore.html,print,,print,-1.1,7,"What I said, and what it changed:"
LAUNCH__SCI_L_W3L2_Calculating_Magnification_Explore.html,print,,print,14.3,28,"Pearson Edexcel GCSE (9–1) Biology 1BI0 (Foundation, grades 1–5); GCSE Combined Science 1SC0 F where appropriate; AQA UAS science units Records what w"
LAUNCH__SCI_L_W3L2_Calculating_Magnification_Explore.html,print,,print,12.3,6,☐ Stated and rearranged the magnification equation.
LAUNCH__SCI_L_W3L2_Calculating_Magnification_Explore.html,print,,print,6.4,6,☐ Converted correctly between mm and µm.
LAUNCH__SCI_L_W3L2_Calculating_Magnification_Explore.html,print,,print,12.3,6,☐ Calculated total magnification from two lenses.
LAUNCH__SCI_L_W3L2_Calculating_Magnification_Explore.html,print,,print,3.8,8,Ring the tier the pupil actually worked at
LAUNCH__SCI_L_W3L2_Calculating_Magnification_Explore.html,print,,print,10.0,5,Assessor name ______________ Role ____________ Signature ______________ Date ________
LAUNCH__SCI_L_W3L3_Magnification_Lab_Do.html,arrival,Supported,screen,8.2,8,Point to the magnification formula on the card.
LAUNCH__SCI_L_W3L3_Magnification_Lab_Do.html,arrival,Supported,screen,-1.4,6,Say which lens you look through.
LAUNCH__SCI_L_W3L3_Magnification_Lab_Do.html,arrival,Supported,screen,3.8,8,Point to the millimetre marks on a ruler.
LAUNCH__SCI_L_W3L3_Magnification_Lab_Do.html,arrival,Supported,screen,1.5,13,You will solve problems on your own today. Point to the first question.
LAUNCH__SCI_L_W3L3_Magnification_Lab_Do.html,arrival,Standard,screen,6.9,11,Last lesson you calculated magnification. Say what you divide by what.
LAUNCH__SCI_L_W3L3_Magnification_Lab_Do.html,arrival,Standard,screen,14.1,8,What is the difference between magnification and resolution?
LAUNCH__SCI_L_W3L3_Magnification_Lab_Do.html,arrival,Standard,screen,6.7,8,How many micrometres are there in one millimetre?
LAUNCH__SCI_L_W3L3_Magnification_Lab_Do.html,arrival,Standard,screen,5.7,14,Today you work independently. What would make your method clear to someone reading it?
LAUNCH__SCI_L_W3L3_Magnification_Lab_Do.html,arrival,Stretch,screen,5.9,11,Last lesson: explain why the units must match before you divide.
LAUNCH__SCI_L_W3L3_Magnification_Lab_Do.html,arrival,Stretch,screen,9.4,12,"Past a microscope's resolution, more magnification adds no new detail. Explain why."
LAUNCH__SCI_L_W3L3_Magnification_Lab_Do.html,arrival,Stretch,screen,8.8,12,Explain why cell sizes are usually quoted in micrometres rather than millimetres.
LAUNCH__SCI_L_W3L3_Magnification_Lab_Do.html,arrival,Stretch,screen,4.3,18,An answer with the right number but no method loses more than marks. Say what it loses scientifically.
LAUNCH__SCI_L_W3L3_Magnification_Lab_Do.html,starter,,screen,5.5,19,An exam answer says ‘400 mm’ for magnification. The arithmetic is correct. Why can the answer still lose the mark?
LAUNCH__SCI_L_W3L3_Magnification_Lab_Do.html,independent,,screen,1.2,34,Do a short set of mixed exam questions. One uses a measured image. Now check one answer. Check it yourself. Make one clear correction. Show it to an a
LAUNCH__SCI_L_W3L3_Magnification_Lab_Do.html,independent,,screen,5.0,26,◆ Do five questions. Use the formula prompts. Use the conversion prompts. 🧰 Scaffold Equation → units → substitute → answer. Fade: remove the first pr
LAUNCH__SCI_L_W3L3_Magnification_Lab_Do.html,independent,,screen,3.9,28,▲ Do seven mixed questions. One is a measured-image task. 🧰 Scaffold Check the command word. Then highlight the data. Fade: remove the first prompt th
LAUNCH__SCI_L_W3L3_Magnification_Lab_Do.html,independent,,screen,3.7,34,★ Do seven questions. Some use a new context. Find your errors. Then explain them. 🧰 Scaffold Use estimation where it helps. Use significant figures t
LAUNCH__SCI_L_W3L3_Magnification_Lab_Do.html,exit,Supported,screen,5.7,7,What is the first check before calculating?
LAUNCH__SCI_L_W3L3_Magnification_Lab_Do.html,exit,Standard,screen,0.5,6,Why is ×400 correct but 400 mm not?
LAUNCH__SCI_L_W3L3_Magnification_Lab_Do.html,exit,Stretch,screen,5.9,11,How can you check if a calculated actual size is plausible?
LAUNCH__SCI_L_W3L3_Magnification_Lab_Do.html,print,Supported,print,7.4,7,◆ Five questions with formula and conversion prompts.
LAUNCH__SCI_L_W3L3_Magnification_Lab_Do.html,print,Standard,print,14.3,6,▲ Seven mixed questions including measured-image task.
LAUNCH__SCI_L_W3L3_Magnification_Lab_Do.html,print,Stretch,print,14.1,8,★ Seven questions plus unfamiliar context and error analysis.
LAUNCH__SCI_L_W3L3_Magnification_Lab_Do.html,print,,print,-3.0,2,Name: _______________________________ Date: ______________________
LAUNCH__SCI_L_W3L3_Magnification_Lab_Do.html,print,,print,3.8,16,"Not here last lesson? Everything you need is in the box above — read it, then answer."
LAUNCH__SCI_L_W3L3_Magnification_Lab_Do.html,print,,print,15.0,16,Learning objective: I can independently solve and check GCSE magnification problems and communicate my method clearly.
LAUNCH__SCI_L_W3L3_Magnification_Lab_Do.html,print,,print,13.3,12,"Retrieval: W3L2 equation, rearrangement and conversions. Magnification = image size ÷ actual size."
LAUNCH__SCI_L_W3L3_Magnification_Lab_Do.html,print,,print,6.5,14,R1 · Last lesson: Last lesson you calculated magnification. Say what you divide by what.
LAUNCH__SCI_L_W3L3_Magnification_Lab_Do.html,print,,print,12.3,11,R2 · Week 3 · lesson 1: What is the difference between magnification and resolution?
LAUNCH__SCI_L_W3L3_Magnification_Lab_Do.html,print,,print,7.8,12,R3 · Week 3 again — declared: How many micrometres are there in one millimetre?
LAUNCH__SCI_L_W3L3_Magnification_Lab_Do.html,print,,print,7.2,17,Lead-in · Into today: Today you work independently. What would make your method clear to someone reading it?
LAUNCH__SCI_L_W3L3_Magnification_Lab_Do.html,print,,print,7.4,7,◆ Five questions with formula and conversion prompts.
LAUNCH__SCI_L_W3L3_Magnification_Lab_Do.html,print,,print,14.3,6,▲ Seven mixed questions including measured-image task.
LAUNCH__SCI_L_W3L3_Magnification_Lab_Do.html,print,,print,14.1,8,★ Seven questions plus unfamiliar context and error analysis.
LAUNCH__SCI_L_W3L3_Magnification_Lab_Do.html,print,,print,22.5,7,Independent set + visible correction/re-attempt + adult-received explanation.
LAUNCH__SCI_L_W3L3_Magnification_Lab_Do.html,print,,print,6.7,8,Supported: What is the first check before calculating?
LAUNCH__SCI_L_W3L3_Magnification_Lab_Do.html,print,,print,2.3,7,Standard: Why is ×400 correct but 400 mm not?
LAUNCH__SCI_L_W3L3_Magnification_Lab_Do.html,print,,print,5.8,12,Stretch: How can you check if a calculated actual size is plausible?
LAUNCH__SCI_L_W3L3_Magnification_Lab_Do.html,print,,print,11.1,10,Adult genuinely receives the response. No signature/initial is required.
LAUNCH__SCI_L_W3L3_Magnification_Lab_Do.html,print,,print,3.4,34,"Closing the loop: this one ends on paper — your own hand, or your words scribed by an adult. Saying it aloud starts the loop; writing it is what close"
LAUNCH__SCI_L_W3L3_Magnification_Lab_Do.html,print,,print,-1.1,7,"What I said, and what it changed:"
LAUNCH__SCI_L_W3L3_Magnification_Lab_Do.html,print,,print,14.3,28,"Pearson Edexcel GCSE (9–1) Biology 1BI0 (Foundation, grades 1–5); GCSE Combined Science 1SC0 F where appropriate; AQA UAS science units Records what w"
LAUNCH__SCI_L_W3L3_Magnification_Lab_Do.html,print,,print,2.3,8,☐ Read the command word and answered to it.
LAUNCH__SCI_L_W3L3_Magnification_Lab_Do.html,print,,print,8.4,6,☐ Showed four-line working on a calculation.
LAUNCH__SCI_L_W3L3_Magnification_Lab_Do.html,print,,print,10.7,10,☐ Checked the unit (or no unit for magnification) before finishing.
LAUNCH__SCI_L_W3L3_Magnification_Lab_Do.html,print,,print,3.8,8,Ring the tier the pupil actually worked at
LAUNCH__SCI_L_W3L3_Magnification_Lab_Do.html,print,,print,10.0,5,Assessor name ______________ Role ____________ Signature ______________ Date ________
LAUNCH__SCI_L_W4L1_Diffusion_Introduce.html,arrival,Supported,screen,2.3,9,Point to the units you wrote in your answer.
LAUNCH__SCI_L_W4L1_Diffusion_Introduce.html,arrival,Supported,screen,3.8,8,Say which lens is closest to the specimen.
LAUNCH__SCI_L_W4L1_Diffusion_Introduce.html,arrival,Supported,screen,6.0,10,Point to something you could only see with a microscope.
LAUNCH__SCI_L_W4L1_Diffusion_Introduce.html,arrival,Supported,screen,1.5,14,Someone opens perfume at the front. Point to where you would smell it first.
LAUNCH__SCI_L_W4L1_Diffusion_Introduce.html,arrival,Standard,screen,5.1,13,Last lesson you solved magnification problems. Why did the units have to match?
LAUNCH__SCI_L_W4L1_Diffusion_Introduce.html,arrival,Standard,screen,12.8,9,Week 3: what is the difference between magnification and resolution?
LAUNCH__SCI_L_W4L1_Diffusion_Introduce.html,arrival,Standard,screen,3.8,8,Week 3: why do we measure cells in micrometres?
LAUNCH__SCI_L_W4L1_Diffusion_Introduce.html,arrival,Standard,screen,3.0,16,Perfume opened at the front of the room reaches the back with nobody fanning it. How?
LAUNCH__SCI_L_W4L1_Diffusion_Introduce.html,arrival,Stretch,screen,6.9,11,Last lesson: explain how you checked whether your answer was sensible.
LAUNCH__SCI_L_W4L1_Diffusion_Introduce.html,arrival,Stretch,screen,6.5,14,Week 3: a light microscope has a limit. Explain why magnification cannot get past it.
LAUNCH__SCI_L_W4L1_Diffusion_Introduce.html,arrival,Stretch,screen,0.7,15,Week 3: cells are small. Say why that matters for how substances get in and out.
LAUNCH__SCI_L_W4L1_Diffusion_Introduce.html,arrival,Stretch,screen,5.5,19,"Particles move randomly in all directions, yet the smell spreads one way overall. Explain how both can be true."
LAUNCH__SCI_L_W4L1_Diffusion_Introduce.html,starter,,screen,6.0,13,Particles move randomly both ways. How can there still be an overall direction?
LAUNCH__SCI_L_W4L1_Diffusion_Introduce.html,independent,,screen,2.9,37,Annotate the diffusion diagram. Then open the simulator. Pick one factor. Test it. Does the rate change? Now test a second factor. Write down the vari
LAUNCH__SCI_L_W4L1_Diffusion_Introduce.html,independent,,screen,4.3,25,◆ Finish the high→low diagram. Then test one variable. 🧰 Scaffold net movement · particles · high → low. Fade: remove the first prompt that no longer 
LAUNCH__SCI_L_W4L1_Diffusion_Introduce.html,independent,,screen,3.9,21,▲ Test two variables. Then explain both patterns. 🧰 Scaffold Pattern → because frame. Fade: remove the first prompt that no longer changes success.
LAUNCH__SCI_L_W4L1_Diffusion_Introduce.html,independent,,screen,5.6,42,★ Explain how two factors work. Say what particles do. Particles move at random. Net movement is not the same. 🧰 Scaffold The simulator is only a mode
LAUNCH__SCI_L_W4L1_Diffusion_Introduce.html,exit,Supported,screen,6.4,6,Diffusion moves overall from high to ___.
LAUNCH__SCI_L_W4L1_Diffusion_Introduce.html,exit,Standard,screen,5.2,5,Name two factors increasing rate.
LAUNCH__SCI_L_W4L1_Diffusion_Introduce.html,exit,Stretch,screen,5.7,7,Explain why a thin barrier speeds diffusion.
LAUNCH__SCI_L_W4L1_Diffusion_Introduce.html,print,Supported,print,5.2,8,◆ Complete high→low diagram and test one variable.
LAUNCH__SCI_L_W4L1_Diffusion_Introduce.html,print,Standard,print,5.7,7,▲ Test two variables and explain both patterns.
LAUNCH__SCI_L_W4L1_Diffusion_Introduce.html,print,Stretch,print,14.3,10,★ Explain two factors mechanistically and distinguish random from net movement.
LAUNCH__SCI_L_W4L1_Diffusion_Introduce.html,print,,print,-3.0,2,Name: _______________________________ Date: ______________________
LAUNCH__SCI_L_W4L1_Diffusion_Introduce.html,print,,print,3.8,16,"Not here last lesson? Everything you need is in the box above — read it, then answer."
LAUNCH__SCI_L_W4L1_Diffusion_Introduce.html,print,,print,15.0,18,Learning objective: I can explain diffusion as net movement down a concentration gradient and identify factors affecting rate.
LAUNCH__SCI_L_W4L1_Diffusion_Introduce.html,print,,print,11.1,8,Retrieval: W3 cells/membranes and precise GCSE terminology.
LAUNCH__SCI_L_W4L1_Diffusion_Introduce.html,print,,print,5.2,16,R1 · Last lesson: Last lesson you solved magnification problems. Why did the units have to match?
LAUNCH__SCI_L_W4L1_Diffusion_Introduce.html,print,,print,11.2,11,R2 · Week 3: Week 3: what is the difference between magnification and resolution?
LAUNCH__SCI_L_W4L1_Diffusion_Introduce.html,print,,print,3.7,10,R3 · Week 3: Week 3: why do we measure cells in micrometres?
LAUNCH__SCI_L_W4L1_Diffusion_Introduce.html,print,,print,4.9,19,Lead-in · Into today: Perfume opened at the front of the room reaches the back with nobody fanning it. How?
LAUNCH__SCI_L_W4L1_Diffusion_Introduce.html,print,,print,5.2,8,◆ Complete high→low diagram and test one variable.
LAUNCH__SCI_L_W4L1_Diffusion_Introduce.html,print,,print,5.7,7,▲ Test two variables and explain both patterns.
LAUNCH__SCI_L_W4L1_Diffusion_Introduce.html,print,,print,14.3,10,★ Explain two factors mechanistically and distinguish random from net movement.
LAUNCH__SCI_L_W4L1_Diffusion_Introduce.html,print,,print,18.2,6,Annotated model + variable/pattern/explanation record.
LAUNCH__SCI_L_W4L1_Diffusion_Introduce.html,print,,print,7.4,7,Supported: Diffusion moves overall from high to ___.
LAUNCH__SCI_L_W4L1_Diffusion_Introduce.html,print,,print,6.4,6,Standard: Name two factors increasing rate.
LAUNCH__SCI_L_W4L1_Diffusion_Introduce.html,print,,print,5.2,8,Stretch: Explain why a thin barrier speeds diffusion.
LAUNCH__SCI_L_W4L1_Diffusion_Introduce.html,print,,print,11.1,10,Adult genuinely receives the response. No signature/initial is required.
LAUNCH__SCI_L_W4L1_Diffusion_Introduce.html,print,,print,3.4,34,"Closing the loop: this one ends on paper — your own hand, or your words scribed by an adult. Saying it aloud starts the loop; writing it is what close"
LAUNCH__SCI_L_W4L1_Diffusion_Introduce.html,print,,print,-1.1,7,"What I said, and what it changed:"
LAUNCH__SCI_L_W4L1_Diffusion_Introduce.html,print,,print,14.3,28,"Pearson Edexcel GCSE (9–1) Biology 1BI0 (Foundation, grades 1–5); GCSE Combined Science 1SC0 F where appropriate; AQA UAS science units Records what w"
LAUNCH__SCI_L_W4L1_Diffusion_Introduce.html,print,,print,14.1,8,☐ Defined diffusion using 'net movement' and 'concentration gradient'.
LAUNCH__SCI_L_W4L1_Diffusion_Introduce.html,print,,print,5.2,5,☐ Named three factors affecting rate.
LAUNCH__SCI_L_W4L1_Diffusion_Introduce.html,print,,print,8.2,8,☐ Applied diffusion to gas exchange in the alveoli.
LAUNCH__SCI_L_W4L1_Diffusion_Introduce.html,print,,print,3.8,8,Ring the tier the pupil actually worked at
LAUNCH__SCI_L_W4L1_Diffusion_Introduce.html,print,,print,10.0,5,Assessor name ______________ Role ____________ Signature ______________ Date ________
LAUNCH__SCI_L_W4L2_Diffusion_Lungs_Explore.html,arrival,Supported,screen,0.8,8,Point to the crowded side of the diagram.
LAUNCH__SCI_L_W4L2_Diffusion_Lungs_Explore.html,arrival,Supported,screen,2.3,7,Say what a microscope helps you see.
LAUNCH__SCI_L_W4L2_Diffusion_Lungs_Explore.html,arrival,Supported,screen,-0.7,10,Look at the lung diagram. Point to the air sacs.
LAUNCH__SCI_L_W4L2_Diffusion_Lungs_Explore.html,arrival,Standard,screen,4.8,11,Last lesson you defined diffusion. Which way is the net movement?
LAUNCH__SCI_L_W4L2_Diffusion_Lungs_Explore.html,arrival,Standard,screen,3.8,8,Week 3: why do we measure cells in micrometres?
LAUNCH__SCI_L_W4L2_Diffusion_Lungs_Explore.html,arrival,Standard,screen,12.8,9,Week 3: what is the difference between magnification and resolution?
LAUNCH__SCI_L_W4L2_Diffusion_Lungs_Explore.html,arrival,Standard,screen,2.3,18,Your lungs hold millions of tiny air sacs instead of two big bags. Why so many small ones?
LAUNCH__SCI_L_W4L2_Diffusion_Lungs_Explore.html,arrival,Stretch,screen,5.9,14,"Last lesson: name two factors that change how fast diffusion happens, and say why."
LAUNCH__SCI_L_W4L2_Diffusion_Lungs_Explore.html,arrival,Stretch,screen,8.4,15,Week 3: explain how a microscope let biologists see the structures we are about to explain.
LAUNCH__SCI_L_W4L2_Diffusion_Lungs_Explore.html,arrival,Stretch,screen,9.4,12,"Week 3: resolution decides what detail you can report, not magnification. Explain why."
LAUNCH__SCI_L_W4L2_Diffusion_Lungs_Explore.html,arrival,Stretch,screen,7.6,16,"Predict which features of an exchange surface would make diffusion fastest, and say why for each."
LAUNCH__SCI_L_W4L2_Diffusion_Lungs_Explore.html,starter,,screen,5.5,19,"An alveolus is tiny, thin and wrapped in capillaries. Why spend so much structure on making gas exchange fast?"
LAUNCH__SCI_L_W4L2_Diffusion_Lungs_Explore.html,independent,,screen,2.9,32,Pick one route. Do the practical. Or use the diagram and data. Write your prediction first. Write what you saw. Then explain it. Link your evidence to
LAUNCH__SCI_L_W4L2_Diffusion_Lungs_Explore.html,independent,,screen,7.8,26,◆ Label the adaptations. You get limewater observations. Say what they show. 🧰 Scaffold Adaptation → diffusion factor matching. Fade: remove the first
LAUNCH__SCI_L_W4L2_Diffusion_Lungs_Explore.html,independent,,screen,5.7,27,▲ Watch or run the safe demo. Record the result. Explain two adaptations. 🧰 Scaffold Result → conclusion → diffusion reason. Fade: remove the first pr
LAUNCH__SCI_L_W4L2_Diffusion_Lungs_Explore.html,independent,,screen,5.4,34,★ Explain the adaptations. Find one limit in the method. Evaluate it. 🧰 Scaffold Judge the evidence first. Then give the biological explanation. Keep 
LAUNCH__SCI_L_W4L2_Diffusion_Lungs_Explore.html,exit,Supported,screen,2.9,5,Which gas diffuses into blood?
LAUNCH__SCI_L_W4L2_Diffusion_Lungs_Explore.html,exit,Standard,screen,15.5,4,Explain one alveolus adaptation.
LAUNCH__SCI_L_W4L2_Diffusion_Lungs_Explore.html,exit,Stretch,screen,3.7,9,Explain how thin wall and blood flow work together.
LAUNCH__SCI_L_W4L2_Diffusion_Lungs_Explore.html,print,Supported,print,20.9,7,◆ Label adaptations and interpret provided limewater observations.
LAUNCH__SCI_L_W4L2_Diffusion_Lungs_Explore.html,print,Standard,print,9.6,10,"▲ Observe/run safe demo, record result and explain two adaptations."
LAUNCH__SCI_L_W4L2_Diffusion_Lungs_Explore.html,print,Stretch,print,15.8,7,★ Explain adaptations and evaluate one method limitation.
LAUNCH__SCI_L_W4L2_Diffusion_Lungs_Explore.html,print,,print,-3.0,2,Name: _______________________________ Date: ______________________
LAUNCH__SCI_L_W4L2_Diffusion_Lungs_Explore.html,print,,print,3.8,16,"Not here last lesson? Everything you need is in the box above — read it, then answer."
LAUNCH__SCI_L_W4L2_Diffusion_Lungs_Explore.html,print,,print,12.0,16,Learning objective: I can apply diffusion to alveoli and use evidence to explain rapid gas exchange.
LAUNCH__SCI_L_W4L2_Diffusion_Lungs_Explore.html,print,,print,10.5,19,Retrieval: W4L1 definition and rate factors. Diffusion is the net movement of particles from higher to lower concentration.
LAUNCH__SCI_L_W4L2_Diffusion_Lungs_Explore.html,print,,print,4.8,14,R1 · Last lesson: Last lesson you defined diffusion. Which way is the net movement?
LAUNCH__SCI_L_W4L2_Diffusion_Lungs_Explore.html,print,,print,3.7,10,R2 · Week 3: Week 3: why do we measure cells in micrometres?
LAUNCH__SCI_L_W4L2_Diffusion_Lungs_Explore.html,print,,print,11.2,11,R3 · Week 3: Week 3: what is the difference between magnification and resolution?
LAUNCH__SCI_L_W4L2_Diffusion_Lungs_Explore.html,print,,print,4.2,21,Lead-in · Into today: Your lungs hold millions of tiny air sacs instead of two big bags. Why so many small ones?
LAUNCH__SCI_L_W4L2_Diffusion_Lungs_Explore.html,print,,print,20.9,7,◆ Label adaptations and interpret provided limewater observations.
LAUNCH__SCI_L_W4L2_Diffusion_Lungs_Explore.html,print,,print,9.6,10,"▲ Observe/run safe demo, record result and explain two adaptations."
LAUNCH__SCI_L_W4L2_Diffusion_Lungs_Explore.html,print,,print,15.8,7,★ Explain adaptations and evaluate one method limitation.
LAUNCH__SCI_L_W4L2_Diffusion_Lungs_Explore.html,print,,print,22.2,6,Annotated alveolus + result/observation + pupil explanation.
LAUNCH__SCI_L_W4L2_Diffusion_Lungs_Explore.html,print,,print,4.5,6,Supported: Which gas diffuses into blood?
LAUNCH__SCI_L_W4L2_Diffusion_Lungs_Explore.html,print,,print,14.7,5,Standard: Explain one alveolus adaptation.
LAUNCH__SCI_L_W4L2_Diffusion_Lungs_Explore.html,print,,print,3.7,10,Stretch: Explain how thin wall and blood flow work together.
LAUNCH__SCI_L_W4L2_Diffusion_Lungs_Explore.html,print,,print,11.1,10,Adult genuinely receives the response. No signature/initial is required.
LAUNCH__SCI_L_W4L2_Diffusion_Lungs_Explore.html,print,,print,3.4,34,"Closing the loop: this one ends on paper — your own hand, or your words scribed by an adult. Saying it aloud starts the loop; writing it is what close"
LAUNCH__SCI_L_W4L2_Diffusion_Lungs_Explore.html,print,,print,-1.1,7,"What I said, and what it changed:"
LAUNCH__SCI_L_W4L2_Diffusion_Lungs_Explore.html,print,,print,14.3,28,"Pearson Edexcel GCSE (9–1) Biology 1BI0 (Foundation, grades 1–5); GCSE Combined Science 1SC0 F where appropriate; AQA UAS science units Records what w"
LAUNCH__SCI_L_W4L2_Diffusion_Lungs_Explore.html,print,,print,12.3,6,☐ Linked three alveolus adaptations to diffusion.
LAUNCH__SCI_L_W4L2_Diffusion_Lungs_Explore.html,print,,print,7.4,7,"☐ Predicted, ran and recorded the limewater test."
LAUNCH__SCI_L_W4L2_Diffusion_Lungs_Explore.html,print,,print,6.7,8,☐ Concluded that breathed-out air has more carbon dioxide.
LAUNCH__SCI_L_W4L2_Diffusion_Lungs_Explore.html,print,,print,3.8,8,Ring the tier the pupil actually worked at
LAUNCH__SCI_L_W4L2_Diffusion_Lungs_Explore.html,print,,print,10.0,5,Assessor name ______________ Role ____________ Signature ______________ Date ________
LAUNCH__SCI_L_W4L3_Diffusion_Explanation_Do.html,arrival,Supported,screen,0.8,8,Point to the air sac on the diagram.
LAUNCH__SCI_L_W4L3_Diffusion_Explanation_Do.html,arrival,Supported,screen,8.2,8,Say which way particles move overall in diffusion.
LAUNCH__SCI_L_W4L3_Diffusion_Explanation_Do.html,arrival,Supported,screen,6.0,10,Point to something too small to see without a microscope.
LAUNCH__SCI_L_W4L3_Diffusion_Explanation_Do.html,arrival,Supported,screen,4.8,11,Today you write the explanation. Point to the first sentence starter.
LAUNCH__SCI_L_W4L3_Diffusion_Explanation_Do.html,arrival,Standard,screen,4.6,15,Last lesson you applied diffusion to the lungs. Name one adaptation and what it does.
LAUNCH__SCI_L_W4L3_Diffusion_Explanation_Do.html,arrival,Standard,screen,8.4,10,Week 4: define diffusion using the words net movement and gradient.
LAUNCH__SCI_L_W4L3_Diffusion_Explanation_Do.html,arrival,Standard,screen,4.0,7,Week 3: why are cells measured in micrometres?
LAUNCH__SCI_L_W4L3_Diffusion_Explanation_Do.html,arrival,Standard,screen,4.5,16,Today you build a full explanation. What has to be in it besides the word diffusion?
LAUNCH__SCI_L_W4L3_Diffusion_Explanation_Do.html,arrival,Stretch,screen,9.7,12,Last lesson: explain how three alveolar adaptations act together on the rate.
LAUNCH__SCI_L_W4L3_Diffusion_Explanation_Do.html,arrival,Stretch,screen,6.0,10,Week 4: explain why diffusion needs no energy from the cell.
LAUNCH__SCI_L_W4L3_Diffusion_Explanation_Do.html,arrival,Stretch,screen,4.8,11,Week 3: explain why small size and short distances matter for exchange.
LAUNCH__SCI_L_W4L3_Diffusion_Explanation_Do.html,arrival,Stretch,screen,6.3,18,An explanation that names a process but never links it to evidence is incomplete. Say what is missing.
LAUNCH__SCI_L_W4L3_Diffusion_Explanation_Do.html,starter,,screen,4.2,13,‘Explain why oxygen enters blood quickly.’ Why is ‘It diffuses’ not enough?
LAUNCH__SCI_L_W4L3_Diffusion_Explanation_Do.html,independent,,screen,1.4,30,Answer the mixed questions. Some say describe. Some say explain. Some say apply. Pick one answer. Read the model. Compare the two. Make one clear edit
LAUNCH__SCI_L_W4L3_Diffusion_Explanation_Do.html,independent,,screen,2.5,27,◆ Four questions. Each has a prompt. It names the command word. 🧰 Scaffold What happens? → why? → factor/adaptation. Fade: remove the first prompt tha
LAUNCH__SCI_L_W4L3_Diffusion_Explanation_Do.html,independent,,screen,2.1,30,▲ Six mixed questions. One is new. It uses a new context. 🧰 Scaffold Highlight the command word. Then the technical terms. Fade: remove the first prom
LAUNCH__SCI_L_W4L3_Diffusion_Explanation_Do.html,independent,,screen,2.7,33,★ Six questions. Then one more. Evaluate a damaged exchange surface. 🧰 Scaffold Be precise. Extra detail is off the point. It does not help. Fade: rem
LAUNCH__SCI_L_W4L3_Diffusion_Explanation_Do.html,exit,Supported,screen,2.3,8,What does explain need that describe does not?
LAUNCH__SCI_L_W4L3_Diffusion_Explanation_Do.html,exit,Standard,screen,6.4,6,Give one causal O₂ diffusion sentence.
LAUNCH__SCI_L_W4L3_Diffusion_Explanation_Do.html,exit,Stretch,screen,8.4,6,Explain effect of reduced surface area.
LAUNCH__SCI_L_W4L3_Diffusion_Explanation_Do.html,print,Supported,print,5.2,5,◆ Four questions with command-word prompts.
LAUNCH__SCI_L_W4L3_Diffusion_Explanation_Do.html,print,Standard,print,12.3,6,▲ Six mixed questions including unfamiliar context.
LAUNCH__SCI_L_W4L3_Diffusion_Explanation_Do.html,print,Stretch,print,9.1,7,★ Six plus evaluation of damaged exchange surface.
LAUNCH__SCI_L_W4L3_Diffusion_Explanation_Do.html,print,,print,-3.0,2,Name: _______________________________ Date: ______________________
LAUNCH__SCI_L_W4L3_Diffusion_Explanation_Do.html,print,,print,3.8,16,"Not here last lesson? Everything you need is in the box above — read it, then answer."
LAUNCH__SCI_L_W4L3_Diffusion_Explanation_Do.html,print,,print,15.8,13,"Learning objective: I can construct GCSE diffusion explanations linking direction, gradient and adaptations."
LAUNCH__SCI_L_W4L3_Diffusion_Explanation_Do.html,print,,print,11.5,9,"Retrieval: W4L1–2 definition, factors, gas exchange and evidence."
LAUNCH__SCI_L_W4L3_Diffusion_Explanation_Do.html,print,,print,5.0,18,R1 · Last lesson: Last lesson you applied diffusion to the lungs. Name one adaptation and what it does.
LAUNCH__SCI_L_W4L3_Diffusion_Explanation_Do.html,print,,print,8.5,13,R2 · Week 4 · lesson 1: Week 4: define diffusion using the words net movement and gradient.
LAUNCH__SCI_L_W4L3_Diffusion_Explanation_Do.html,print,,print,3.7,9,R3 · Week 3: Week 3: why are cells measured in micrometres?
LAUNCH__SCI_L_W4L3_Diffusion_Explanation_Do.html,print,,print,6.1,19,Lead-in · Into today: Today you build a full explanation. What has to be in it besides the word diffusion?
LAUNCH__SCI_L_W4L3_Diffusion_Explanation_Do.html,print,,print,5.2,5,◆ Four questions with command-word prompts.
LAUNCH__SCI_L_W4L3_Diffusion_Explanation_Do.html,print,,print,12.3,6,▲ Six mixed questions including unfamiliar context.
LAUNCH__SCI_L_W4L3_Diffusion_Explanation_Do.html,print,,print,9.1,7,★ Six plus evaluation of damaged exchange surface.
LAUNCH__SCI_L_W4L3_Diffusion_Explanation_Do.html,print,,print,14.1,7,Independent answers + one self-edit/re-attempt + adult Audience.
LAUNCH__SCI_L_W4L3_Diffusion_Explanation_Do.html,print,,print,3.7,9,Supported: What does explain need that describe does not?
LAUNCH__SCI_L_W4L3_Diffusion_Explanation_Do.html,print,,print,7.4,7,Standard: Give one causal O₂ diffusion sentence.
LAUNCH__SCI_L_W4L3_Diffusion_Explanation_Do.html,print,,print,7.4,7,Stretch: Explain effect of reduced surface area.
LAUNCH__SCI_L_W4L3_Diffusion_Explanation_Do.html,print,,print,11.1,10,Adult genuinely receives the response. No signature/initial is required.
LAUNCH__SCI_L_W4L3_Diffusion_Explanation_Do.html,print,,print,3.4,34,"Closing the loop: this one ends on paper — your own hand, or your words scribed by an adult. Saying it aloud starts the loop; writing it is what close"
LAUNCH__SCI_L_W4L3_Diffusion_Explanation_Do.html,print,,print,-1.1,7,"What I said, and what it changed:"
LAUNCH__SCI_L_W4L3_Diffusion_Explanation_Do.html,print,,print,14.3,28,"Pearson Edexcel GCSE (9–1) Biology 1BI0 (Foundation, grades 1–5); GCSE Combined Science 1SC0 F where appropriate; AQA UAS science units Records what w"
LAUNCH__SCI_L_W4L3_Diffusion_Explanation_Do.html,print,,print,9.6,4,☐ Distinguished describe from explain.
LAUNCH__SCI_L_W4L3_Diffusion_Explanation_Do.html,print,,print,0.8,8,☐ Matched the number of points to the marks.
LAUNCH__SCI_L_W4L3_Diffusion_Explanation_Do.html,print,,print,11.1,8,"☐ Built a full explain answer: direction, reason, adaptation."
LAUNCH__SCI_L_W4L3_Diffusion_Explanation_Do.html,print,,print,3.8,8,Ring the tier the pupil actually worked at
LAUNCH__SCI_L_W4L3_Diffusion_Explanation_Do.html,print,,print,10.0,5,Assessor name ______________ Role ____________ Signature ______________ Date ________
LAUNCH__SCI_L_W5L1_Osmosis_Introduce.html,arrival,Supported,screen,2.3,8,Point to the word diffusion on the card.
LAUNCH__SCI_L_W5L1_Osmosis_Introduce.html,arrival,Supported,screen,2.9,5,Say which way particles spread.
LAUNCH__SCI_L_W5L1_Osmosis_Introduce.html,arrival,Supported,screen,-1.1,7,Point to the lens you look through.
LAUNCH__SCI_L_W5L1_Osmosis_Introduce.html,arrival,Supported,screen,-0.1,15,Look at the two sides of the bag. Point to the side with more water.
LAUNCH__SCI_L_W5L1_Osmosis_Introduce.html,arrival,Standard,screen,7.4,12,Last lesson you wrote diffusion explanations. What must a good explanation link?
LAUNCH__SCI_L_W5L1_Osmosis_Introduce.html,arrival,Standard,screen,4.8,11,"Week 4: define diffusion, and name one factor that changes its rate."
LAUNCH__SCI_L_W5L1_Osmosis_Introduce.html,arrival,Standard,screen,5.2,5,Week 3: what does resolution mean?
LAUNCH__SCI_L_W5L1_Osmosis_Introduce.html,arrival,Standard,screen,3.2,14,A membrane lets water through but blocks sugar. Predict which way the water moves.
LAUNCH__SCI_L_W5L1_Osmosis_Introduce.html,arrival,Stretch,screen,7.8,13,"Last lesson: an answer needs direction, gradient and adaptation. Explain how they combine."
LAUNCH__SCI_L_W5L1_Osmosis_Introduce.html,arrival,Stretch,screen,5.9,11,"Week 4: explain why a thin, large exchange surface speeds diffusion up."
LAUNCH__SCI_L_W5L1_Osmosis_Introduce.html,arrival,Stretch,screen,7.6,13,Week 3: explain why we needed microscopy before we could explain membranes at all.
LAUNCH__SCI_L_W5L1_Osmosis_Introduce.html,arrival,Stretch,screen,8.4,16,"If only water can cross, explain what happens to the concentrations on both sides over time."
LAUNCH__SCI_L_W5L1_Osmosis_Introduce.html,starter,,screen,3.2,22,"A membrane lets water through but blocks sugar. If one side has more water and one less, which substance can change sides?"
LAUNCH__SCI_L_W5L1_Osmosis_Introduce.html,independent,,screen,3.0,27,Look at both scenarios. Label each one. Then use the membrane model. Which way does water move? Predict it. Write the full definition. Then explain on
LAUNCH__SCI_L_W5L1_Osmosis_Introduce.html,independent,,screen,2.9,30,◆ Label the dilute side. Then the concentrated side. Complete the definition. 🧰 Scaffold Use the four key phrases. Tick each one. Fade: remove the fir
LAUNCH__SCI_L_W5L1_Osmosis_Introduce.html,independent,,screen,3.5,28,▲ Write the definition. Do it alone. Then explain two diagrams. 🧰 Scaffold Describe both sides. Then give the direction. Fade: remove the first prompt
LAUNCH__SCI_L_W5L1_Osmosis_Introduce.html,independent,,screen,4.8,31,★ Compare osmosis and diffusion. Say what is the same. Then what differs. 🧰 Scaffold Say net movement. Say membrane selectivity. Be precise. Fade: rem
LAUNCH__SCI_L_W5L1_Osmosis_Introduce.html,exit,Supported,screen,9.6,4,Osmosis is movement of ___.
LAUNCH__SCI_L_W5L1_Osmosis_Introduce.html,exit,Standard,screen,0.5,5,Why does sugar not cross?
LAUNCH__SCI_L_W5L1_Osmosis_Introduce.html,exit,Stretch,screen,6.7,8,Why is osmosis a special case of diffusion?
LAUNCH__SCI_L_W5L1_Osmosis_Introduce.html,print,Supported,print,14.3,6,◆ Label dilute/concentrated and complete definition.
LAUNCH__SCI_L_W5L1_Osmosis_Introduce.html,print,Standard,print,9.1,7,▲ Write definition unaided and explain two diagrams.
LAUNCH__SCI_L_W5L1_Osmosis_Introduce.html,print,Stretch,print,17.5,7,★ Compare osmosis and diffusion with similarities/differences.
LAUNCH__SCI_L_W5L1_Osmosis_Introduce.html,print,,print,-3.0,2,Name: _______________________________ Date: ______________________
LAUNCH__SCI_L_W5L1_Osmosis_Introduce.html,print,,print,3.8,16,"Not here last lesson? Everything you need is in the box above — read it, then answer."
LAUNCH__SCI_L_W5L1_Osmosis_Introduce.html,print,,print,13.9,17,Learning objective: I can define osmosis and explain how water movement depends on a partially permeable membrane.
LAUNCH__SCI_L_W5L1_Osmosis_Introduce.html,print,,print,10.4,29,"Retrieval: W4 diffusion down a gradient with no cell energy. Diffusion is the net movement of particles from higher to lower concentration, down a gra"
LAUNCH__SCI_L_W5L1_Osmosis_Introduce.html,print,,print,7.0,15,R1 · Last lesson: Last lesson you wrote diffusion explanations. What must a good explanation link?
LAUNCH__SCI_L_W5L1_Osmosis_Introduce.html,print,,print,4.9,13,"R2 · Week 4: Week 4: define diffusion, and name one factor that changes its rate."
LAUNCH__SCI_L_W5L1_Osmosis_Introduce.html,print,,print,4.0,7,R3 · Week 3: Week 3: what does resolution mean?
LAUNCH__SCI_L_W5L1_Osmosis_Introduce.html,print,,print,5.1,17,Lead-in · Into today: A membrane lets water through but blocks sugar. Predict which way the water moves.
LAUNCH__SCI_L_W5L1_Osmosis_Introduce.html,print,,print,14.3,6,◆ Label dilute/concentrated and complete definition.
LAUNCH__SCI_L_W5L1_Osmosis_Introduce.html,print,,print,9.1,7,▲ Write definition unaided and explain two diagrams.
LAUNCH__SCI_L_W5L1_Osmosis_Introduce.html,print,,print,17.5,7,★ Compare osmosis and diffusion with similarities/differences.
LAUNCH__SCI_L_W5L1_Osmosis_Introduce.html,print,,print,19.2,7,Annotated scenarios + precise definition + one explanation/re-attempt.
LAUNCH__SCI_L_W5L1_Osmosis_Introduce.html,print,,print,10.0,5,Supported: Osmosis is movement of ___.
LAUNCH__SCI_L_W5L1_Osmosis_Introduce.html,print,,print,2.5,6,Standard: Why does sugar not cross?
LAUNCH__SCI_L_W5L1_Osmosis_Introduce.html,print,,print,6.3,9,Stretch: Why is osmosis a special case of diffusion?
LAUNCH__SCI_L_W5L1_Osmosis_Introduce.html,print,,print,11.1,10,Adult genuinely receives the response. No signature/initial is required.
LAUNCH__SCI_L_W5L1_Osmosis_Introduce.html,print,,print,3.4,34,"Closing the loop: this one ends on paper — your own hand, or your words scribed by an adult. Saying it aloud starts the loop; writing it is what close"
LAUNCH__SCI_L_W5L1_Osmosis_Introduce.html,print,,print,-1.1,7,"What I said, and what it changed:"
LAUNCH__SCI_L_W5L1_Osmosis_Introduce.html,print,,print,14.3,28,"Pearson Edexcel GCSE (9–1) Biology 1BI0 (Foundation, grades 1–5); GCSE Combined Science 1SC0 F where appropriate; AQA UAS science units Records what w"
LAUNCH__SCI_L_W5L1_Osmosis_Introduce.html,print,,print,18.2,6,☐ Defined osmosis including 'partially permeable membrane'.
LAUNCH__SCI_L_W5L1_Osmosis_Introduce.html,print,,print,5.7,7,☐ Stated water moves from dilute to concentrated.
LAUNCH__SCI_L_W5L1_Osmosis_Introduce.html,print,,print,8.2,8,☐ Explained osmosis as a special case of diffusion.
LAUNCH__SCI_L_W5L1_Osmosis_Introduce.html,print,,print,3.8,8,Ring the tier the pupil actually worked at
LAUNCH__SCI_L_W5L1_Osmosis_Introduce.html,print,,print,10.0,5,Assessor name ______________ Role ____________ Signature ______________ Date ________
LAUNCH__SCI_L_W5L2_Osmosis_Core_Practical_Explore.html,arrival,Supported,screen,2.3,7,Point to the membrane in the diagram.
LAUNCH__SCI_L_W5L2_Osmosis_Core_Practical_Explore.html,arrival,Supported,screen,5.7,7,Say which way particles spread in diffusion.
LAUNCH__SCI_L_W5L2_Osmosis_Core_Practical_Explore.html,arrival,Supported,screen,3.8,8,Point to the millimetre marks on the ruler.
LAUNCH__SCI_L_W5L2_Osmosis_Core_Practical_Explore.html,arrival,Supported,screen,2.9,10,You will weigh potato pieces today. Point to the balance.
LAUNCH__SCI_L_W5L2_Osmosis_Core_Practical_Explore.html,arrival,Standard,screen,3.8,16,"Last lesson you defined osmosis. Which way does water move, and what must the membrane be?"
LAUNCH__SCI_L_W5L2_Osmosis_Core_Practical_Explore.html,arrival,Standard,screen,8.9,9,Week 4: what is the difference between diffusion and osmosis?
LAUNCH__SCI_L_W5L2_Osmosis_Core_Practical_Explore.html,arrival,Standard,screen,5.2,8,Week 3: why must units match before you calculate?
LAUNCH__SCI_L_W5L2_Osmosis_Core_Practical_Explore.html,arrival,Standard,screen,4.5,16,Today you measure mass before and after. Why would we use percentage change rather than grams?
LAUNCH__SCI_L_W5L2_Osmosis_Core_Practical_Explore.html,arrival,Stretch,screen,10.2,11,Last lesson: explain osmosis. Use the words partially permeable and concentration.
LAUNCH__SCI_L_W5L2_Osmosis_Core_Practical_Explore.html,arrival,Stretch,screen,9.9,15,Week 4: explain why osmosis is a special case of diffusion rather than a separate idea.
LAUNCH__SCI_L_W5L2_Osmosis_Core_Practical_Explore.html,arrival,Stretch,screen,4.8,12,Week 3: explain why percentage change is used instead of raw mass change.
LAUNCH__SCI_L_W5L2_Osmosis_Core_Practical_Explore.html,arrival,Stretch,screen,7.8,13,Different pieces start at different masses. Explain how percentage change makes them comparable.
LAUNCH__SCI_L_W5L2_Osmosis_Core_Practical_Explore.html,starter,,screen,7.4,21,"Two identical potato cylinders start equal. One goes in water, one in concentrated sugar. Which result would convince you water moved?"
LAUNCH__SCI_L_W5L2_Osmosis_Core_Practical_Explore.html,independent,,screen,4.4,24,You have a practical role. Do it. Collect the class data. Use that data. Then calculate the percentage change. Explain one result. Use osmosis.
LAUNCH__SCI_L_W5L2_Osmosis_Core_Practical_Explore.html,independent,,screen,5.5,31,◆ Two concentrations. The table is pre-drawn. The formula is printed. 🧰 Scaffold Follow the visual method sequence. Then use the calculator template. 
LAUNCH__SCI_L_W5L2_Osmosis_Core_Practical_Explore.html,independent,,screen,2.6,33,▲ Use the full range. Then work out each percentage change. 🧰 Scaffold Use the controls checklist. Do the % calculation. Sign it plus or minus. Fade: 
LAUNCH__SCI_L_W5L2_Osmosis_Core_Practical_Explore.html,independent,,screen,4.1,33,★ Use the full range. Make the data graph-ready. Predict the no-net-change point. 🧰 Scaffold Get your graph evidence ready. Then estimate the zero poi
LAUNCH__SCI_L_W5L2_Osmosis_Core_Practical_Explore.html,exit,Supported,screen,3.7,4,What does negative % mean?
LAUNCH__SCI_L_W5L2_Osmosis_Core_Practical_Explore.html,exit,Stretch,screen,8.4,6,Why can inconsistent blotting affect mass?
LAUNCH__SCI_L_W5L2_Osmosis_Core_Practical_Explore.html,print,Supported,print,10.7,7,"◆ Two concentrations, pre-drawn table and printed formula."
LAUNCH__SCI_L_W5L2_Osmosis_Core_Practical_Explore.html,print,Standard,print,2.9,5,▲ Full range and percentage changes.
LAUNCH__SCI_L_W5L2_Osmosis_Core_Practical_Explore.html,print,Stretch,print,9.7,8,★ Full range plus graph-ready data and no-net-change prediction.
LAUNCH__SCI_L_W5L2_Osmosis_Core_Practical_Explore.html,print,,print,-3.0,2,Name: _______________________________ Date: ______________________
LAUNCH__SCI_L_W5L2_Osmosis_Core_Practical_Explore.html,print,,print,3.8,16,"Not here last lesson? Everything you need is in the box above — read it, then answer."
LAUNCH__SCI_L_W5L2_Osmosis_Core_Practical_Explore.html,print,,print,11.3,16,Learning objective: I can carry out the osmosis core practical and calculate percentage change in mass.
LAUNCH__SCI_L_W5L2_Osmosis_Core_Practical_Explore.html,print,,print,10.2,18,Retrieval: W5L1 osmosis definition and water direction. Water moves from a dilute to a more concentrated solution.
LAUNCH__SCI_L_W5L2_Osmosis_Core_Practical_Explore.html,print,,print,4.3,19,"R1 · Last lesson: Last lesson you defined osmosis. Which way does water move, and what must the membrane be?"
LAUNCH__SCI_L_W5L2_Osmosis_Core_Practical_Explore.html,print,,print,8.0,11,R2 · Week 4: Week 4: what is the difference between diffusion and osmosis?
LAUNCH__SCI_L_W5L2_Osmosis_Core_Practical_Explore.html,print,,print,4.8,10,R3 · Week 3: Week 3: why must units match before you calculate?
LAUNCH__SCI_L_W5L2_Osmosis_Core_Practical_Explore.html,print,,print,6.1,19,Lead-in · Into today: Today you measure mass before and after. Why would we use percentage change rather than grams?
LAUNCH__SCI_L_W5L2_Osmosis_Core_Practical_Explore.html,print,,print,10.7,7,"◆ Two concentrations, pre-drawn table and printed formula."
LAUNCH__SCI_L_W5L2_Osmosis_Core_Practical_Explore.html,print,,print,2.9,5,▲ Full range and percentage changes.
LAUNCH__SCI_L_W5L2_Osmosis_Core_Practical_Explore.html,print,,print,9.7,8,★ Full range plus graph-ready data and no-net-change prediction.
LAUNCH__SCI_L_W5L2_Osmosis_Core_Practical_Explore.html,print,,print,17.0,8,Results table + percentage-change calculations + explanation of gain/loss.
LAUNCH__SCI_L_W5L2_Osmosis_Core_Practical_Explore.html,print,,print,5.2,5,Supported: What does negative % mean?
LAUNCH__SCI_L_W5L2_Osmosis_Core_Practical_Explore.html,print,,print,3.7,4,Standard: Name two controls.
LAUNCH__SCI_L_W5L2_Osmosis_Core_Practical_Explore.html,print,,print,7.4,7,Stretch: Why can inconsistent blotting affect mass?
LAUNCH__SCI_L_W5L2_Osmosis_Core_Practical_Explore.html,print,,print,11.1,10,Adult genuinely receives the response. No signature/initial is required.
LAUNCH__SCI_L_W5L2_Osmosis_Core_Practical_Explore.html,print,,print,3.4,34,"Closing the loop: this one ends on paper — your own hand, or your words scribed by an adult. Saying it aloud starts the loop; writing it is what close"
LAUNCH__SCI_L_W5L2_Osmosis_Core_Practical_Explore.html,print,,print,-1.1,7,"What I said, and what it changed:"
LAUNCH__SCI_L_W5L2_Osmosis_Core_Practical_Explore.html,print,,print,14.3,28,"Pearson Edexcel GCSE (9–1) Biology 1BI0 (Foundation, grades 1–5); GCSE Combined Science 1SC0 F where appropriate; AQA UAS science units Records what w"
LAUNCH__SCI_L_W5L2_Osmosis_Core_Practical_Explore.html,print,,print,6.6,4,☐ Named the control variables.
LAUNCH__SCI_L_W5L2_Osmosis_Core_Practical_Explore.html,print,,print,5.2,8,☐ Carried out the core practical and recorded masses.
LAUNCH__SCI_L_W5L2_Osmosis_Core_Practical_Explore.html,print,,print,11.1,8,☐ Calculated percentage change dividing by the initial mass.
LAUNCH__SCI_L_W5L2_Osmosis_Core_Practical_Explore.html,print,,print,3.8,8,Ring the tier the pupil actually worked at
LAUNCH__SCI_L_W5L2_Osmosis_Core_Practical_Explore.html,print,,print,10.0,5,Assessor name ______________ Role ____________ Signature ______________ Date ________
LAUNCH__SCI_L_W5L3_Osmosis_Data_Do.html,arrival,Supported,screen,0.5,6,Point to the balance you used.
LAUNCH__SCI_L_W5L3_Osmosis_Data_Do.html,arrival,Supported,screen,4.0,7,Say which way water moves in osmosis.
LAUNCH__SCI_L_W5L3_Osmosis_Data_Do.html,arrival,Supported,screen,0.8,8,Point to the crowded side of the diagram.
LAUNCH__SCI_L_W5L3_Osmosis_Data_Do.html,arrival,Supported,screen,-0.6,11,Look at the graph. Point to where the line crosses zero.
LAUNCH__SCI_L_W5L3_Osmosis_Data_Do.html,arrival,Standard,screen,4.3,19,"Last lesson you ran the osmosis practical. Which variable did you change, and which did you keep the same?"
LAUNCH__SCI_L_W5L3_Osmosis_Data_Do.html,arrival,Standard,screen,10.2,9,Week 5: define osmosis using the words membrane and concentration.
LAUNCH__SCI_L_W5L3_Osmosis_Data_Do.html,arrival,Standard,screen,7.2,10,Week 4: define diffusion and name one factor affecting its rate.
LAUNCH__SCI_L_W5L3_Osmosis_Data_Do.html,arrival,Standard,screen,6.0,16,"Somewhere between your concentrations, the potato neither gains nor loses mass. How would you find it?"
LAUNCH__SCI_L_W5L3_Osmosis_Data_Do.html,arrival,Stretch,screen,7.6,13,Last lesson: explain why percentage change was the right measure for comparing pieces.
LAUNCH__SCI_L_W5L3_Osmosis_Data_Do.html,arrival,Stretch,screen,4.0,13,"Week 5: explain what happens to a cell placed in pure water, and why."
LAUNCH__SCI_L_W5L3_Osmosis_Data_Do.html,arrival,Stretch,screen,10.2,11,Week 4: explain how diffusion and osmosis are related but not identical.
LAUNCH__SCI_L_W5L3_Osmosis_Data_Do.html,arrival,Stretch,screen,8.4,14,Explain what the crossing point tells you about the solution inside the potato cells.
LAUNCH__SCI_L_W5L3_Osmosis_Data_Do.html,starter,,screen,10.4,12,Your graph crosses 0% between two concentrations. Why is that crossing biologically interesting?
LAUNCH__SCI_L_W5L3_Osmosis_Data_Do.html,independent,,screen,5.2,28,Enter your data. Plot the points. Find the pattern. Find the zero crossing. Answer the interpretation questions. Evaluate your method. Add one improve
LAUNCH__SCI_L_W5L3_Osmosis_Data_Do.html,independent,,screen,1.7,29,◆ The graph is part-prepared. Prompts guide you. 🧰 Scaffold Axes and scale are given. Use the gain or loss frame. Fade: remove the first prompt that n
LAUNCH__SCI_L_W5L3_Osmosis_Data_Do.html,independent,,screen,5.2,25,▲ Plot it all. Estimate the crossing. Explain two points. 🧰 Scaffold Claim → graph evidence → osmosis explanation. Fade: remove the first prompt that 
LAUNCH__SCI_L_W5L3_Osmosis_Data_Do.html,independent,,screen,6.0,33,★ Plot it. Interpret it. Evaluate the uncertainty. Justify one improvement. 🧰 Scaffold One value is an estimate. One was measured directly. Keep them 
LAUNCH__SCI_L_W5L3_Osmosis_Data_Do.html,exit,Supported,screen,-1.8,5,What does 0% mass change mean?
LAUNCH__SCI_L_W5L3_Osmosis_Data_Do.html,exit,Standard,screen,8.2,8,Why can potato lose mass in concentrated solution?
LAUNCH__SCI_L_W5L3_Osmosis_Data_Do.html,exit,Stretch,screen,10.2,9,Give a specific improvement and what variation it reduces.
LAUNCH__SCI_L_W5L3_Osmosis_Data_Do.html,print,Supported,print,2.9,5,◆ Part-prepared graph and guided prompts.
LAUNCH__SCI_L_W5L3_Osmosis_Data_Do.html,print,Standard,print,5.7,7,"▲ Full plot, estimate crossing, explain two points."
LAUNCH__SCI_L_W5L3_Osmosis_Data_Do.html,print,Stretch,print,19.2,7,"★ Plot/interpret, evaluate uncertainty and justify improvement."
LAUNCH__SCI_L_W5L3_Osmosis_Data_Do.html,print,,print,-3.0,2,Name: _______________________________ Date: ______________________
LAUNCH__SCI_L_W5L3_Osmosis_Data_Do.html,print,,print,3.8,16,"Not here last lesson? Everything you need is in the box above — read it, then answer."
LAUNCH__SCI_L_W5L3_Osmosis_Data_Do.html,print,,print,15.7,16,"Learning objective: I can graph and interpret osmosis data, estimate the no-net-change concentration and evaluate method."
LAUNCH__SCI_L_W5L3_Osmosis_Data_Do.html,print,,print,5.4,15,"Retrieval: W5L2 concentration, % mass change and controls. A positive % change means mass was gained."
LAUNCH__SCI_L_W5L3_Osmosis_Data_Do.html,print,,print,4.8,22,"R1 · Last lesson: Last lesson you ran the osmosis practical. Which variable did you change, and which did you keep the same?"
LAUNCH__SCI_L_W5L3_Osmosis_Data_Do.html,print,,print,9.7,12,R2 · Week 5 · lesson 1: Week 5: define osmosis using the words membrane and concentration.
LAUNCH__SCI_L_W5L3_Osmosis_Data_Do.html,print,,print,6.8,12,R3 · Week 4: Week 4: define diffusion and name one factor affecting its rate.
LAUNCH__SCI_L_W5L3_Osmosis_Data_Do.html,print,,print,7.4,19,"Lead-in · Into today: Somewhere between your concentrations, the potato neither gains nor loses mass. How would you find it?"
LAUNCH__SCI_L_W5L3_Osmosis_Data_Do.html,print,,print,2.9,5,◆ Part-prepared graph and guided prompts.
LAUNCH__SCI_L_W5L3_Osmosis_Data_Do.html,print,,print,5.7,7,"▲ Full plot, estimate crossing, explain two points."
LAUNCH__SCI_L_W5L3_Osmosis_Data_Do.html,print,,print,19.2,7,"★ Plot/interpret, evaluate uncertainty and justify improvement."
LAUNCH__SCI_L_W5L3_Osmosis_Data_Do.html,print,,print,24.1,6,Graph interpretation + zero-crossing estimate + method improvement.
LAUNCH__SCI_L_W5L3_Osmosis_Data_Do.html,print,,print,0.5,6,Supported: What does 0% mass change mean?
LAUNCH__SCI_L_W5L3_Osmosis_Data_Do.html,print,,print,8.9,9,Standard: Why can potato lose mass in concentrated solution?
LAUNCH__SCI_L_W5L3_Osmosis_Data_Do.html,print,,print,9.6,10,Stretch: Give a specific improvement and what variation it reduces.
LAUNCH__SCI_L_W5L3_Osmosis_Data_Do.html,print,,print,11.1,10,Adult genuinely receives the response. No signature/initial is required.
LAUNCH__SCI_L_W5L3_Osmosis_Data_Do.html,print,,print,3.4,34,"Closing the loop: this one ends on paper — your own hand, or your words scribed by an adult. Saying it aloud starts the loop; writing it is what close"
LAUNCH__SCI_L_W5L3_Osmosis_Data_Do.html,print,,print,-1.1,7,"What I said, and what it changed:"
LAUNCH__SCI_L_W5L3_Osmosis_Data_Do.html,print,,print,14.3,28,"Pearson Edexcel GCSE (9–1) Biology 1BI0 (Foundation, grades 1–5); GCSE Combined Science 1SC0 F where appropriate; AQA UAS science units Records what w"
LAUNCH__SCI_L_W5L3_Osmosis_Data_Do.html,print,,print,9.1,7,☐ Read the cell concentration from the zero-crossing.
LAUNCH__SCI_L_W5L3_Osmosis_Data_Do.html,print,,print,10.4,6,☐ Calculated and plotted percentage change correctly.
LAUNCH__SCI_L_W5L3_Osmosis_Data_Do.html,print,,print,10.2,11,"☐ Evaluated the method with a strength, a limitation and an improvement."
LAUNCH__SCI_L_W5L3_Osmosis_Data_Do.html,print,,print,3.8,8,Ring the tier the pupil actually worked at
LAUNCH__SCI_L_W5L3_Osmosis_Data_Do.html,print,,print,10.0,5,Assessor name ______________ Role ____________ Signature ______________ Date ________
LAUNCH__SCI_L_W6L1_Active_Transport_Introduce.html,arrival,Supported,screen,0.8,8,Point to the zero line on the graph.
LAUNCH__SCI_L_W6L1_Active_Transport_Introduce.html,arrival,Supported,screen,3.8,8,Say which way water moves across a membrane.
LAUNCH__SCI_L_W6L1_Active_Transport_Introduce.html,arrival,Supported,screen,2.3,7,Point to the side with more particles.
LAUNCH__SCI_L_W6L1_Active_Transport_Introduce.html,arrival,Supported,screen,-1.8,10,Look at the root hair. Point to the soil side.
LAUNCH__SCI_L_W6L1_Active_Transport_Introduce.html,arrival,Standard,screen,6.0,13,Last lesson you analysed osmosis data. What did the zero-change point tell you?
LAUNCH__SCI_L_W6L1_Active_Transport_Introduce.html,arrival,Standard,screen,4.8,10,"Week 5: define osmosis, and say what the membrane must be."
LAUNCH__SCI_L_W6L1_Active_Transport_Introduce.html,arrival,Standard,screen,5.0,9,Week 4: which way is the net movement in diffusion?
LAUNCH__SCI_L_W6L1_Active_Transport_Introduce.html,arrival,Standard,screen,2.4,19,A root takes in minerals even when the soil has fewer than the root does. How can that work?
LAUNCH__SCI_L_W6L1_Active_Transport_Introduce.html,arrival,Stretch,screen,5.9,14,Last lesson: explain one weakness in the method and how you would reduce it.
LAUNCH__SCI_L_W6L1_Active_Transport_Introduce.html,arrival,Stretch,screen,6.0,10,Week 5: explain why osmosis needs no energy from the cell.
LAUNCH__SCI_L_W6L1_Active_Transport_Introduce.html,arrival,Stretch,screen,10.2,11,Week 4: explain what diffusion and osmosis have in common about direction.
LAUNCH__SCI_L_W6L1_Active_Transport_Introduce.html,arrival,Stretch,screen,6.2,15,Moving something against its gradient cannot happen for free. Predict what the cell must supply.
LAUNCH__SCI_L_W6L1_Active_Transport_Introduce.html,starter,,screen,5.8,23,A root hair cell already contains more mineral ions than the soil but still takes more in. Which previous process cannot explain this?
LAUNCH__SCI_L_W6L1_Active_Transport_Introduce.html,independent,,screen,3.8,31,Compare the three processes. Fill in the table. Then use the model. Take each biological example. Classify it. Look at the direction. Look at the subs
LAUNCH__SCI_L_W6L1_Active_Transport_Introduce.html,independent,,screen,5.2,30,◆ Fill in the comparison table. Use the word bank. The words are there. 🧰 Scaffold ↓ diffusion · ↓ osmosis(water) · ↑ active transport(energy). Fade: 
LAUNCH__SCI_L_W6L1_Active_Transport_Introduce.html,independent,,screen,3.6,26,▲ Fill in the table. Do it alone. Then explain two examples. 🧰 Scaffold Direction? what moves? energy? Fade: remove the first prompt that no longer ch
LAUNCH__SCI_L_W6L1_Active_Transport_Introduce.html,independent,,screen,3.2,35,★ Compare all three. Then find the link. Link mitochondria to energy demand. 🧰 Scaffold Add carrier proteins. But keep the Foundation core. Do not los
LAUNCH__SCI_L_W6L1_Active_Transport_Introduce.html,exit,Supported,screen,3.7,4,With or against gradient?
LAUNCH__SCI_L_W6L1_Active_Transport_Introduce.html,exit,Standard,screen,6.4,6,Why does active transport need energy?
LAUNCH__SCI_L_W6L1_Active_Transport_Introduce.html,exit,Stretch,screen,7.4,7,Why can these cells contain many mitochondria?
LAUNCH__SCI_L_W6L1_Active_Transport_Introduce.html,print,Supported,print,6.4,6,◆ Fill comparison table from word bank.
LAUNCH__SCI_L_W6L1_Active_Transport_Introduce.html,print,Standard,print,9.1,7,▲ Complete table unaided and explain two examples.
LAUNCH__SCI_L_W6L1_Active_Transport_Introduce.html,print,Stretch,print,8.9,9,★ Compare all three and link mitochondria to energy demand.
LAUNCH__SCI_L_W6L1_Active_Transport_Introduce.html,print,,print,-3.0,2,Name: _______________________________ Date: ______________________
LAUNCH__SCI_L_W6L1_Active_Transport_Introduce.html,print,,print,3.8,16,"Not here last lesson? Everything you need is in the box above — read it, then answer."
LAUNCH__SCI_L_W6L1_Active_Transport_Introduce.html,print,,print,16.0,17,Learning objective: I can explain active transport as movement against a concentration gradient using energy from respiration.
LAUNCH__SCI_L_W6L1_Active_Transport_Introduce.html,print,,print,12.2,18,"Retrieval: W4–5 diffusion/osmosis down gradients without cell energy. Osmosis moves water only, through a partially permeable membrane."
LAUNCH__SCI_L_W6L1_Active_Transport_Introduce.html,print,,print,6.0,16,R1 · Last lesson: Last lesson you analysed osmosis data. What did the zero-change point tell you?
LAUNCH__SCI_L_W6L1_Active_Transport_Introduce.html,print,,print,4.8,12,"R2 · Week 5: Week 5: define osmosis, and say what the membrane must be."
LAUNCH__SCI_L_W6L1_Active_Transport_Introduce.html,print,,print,4.8,11,R3 · Week 4: Week 4: which way is the net movement in diffusion?
LAUNCH__SCI_L_W6L1_Active_Transport_Introduce.html,print,,print,4.3,22,Lead-in · Into today: A root takes in minerals even when the soil has fewer than the root does. How can that work?
LAUNCH__SCI_L_W6L1_Active_Transport_Introduce.html,print,,print,6.4,6,◆ Fill comparison table from word bank.
LAUNCH__SCI_L_W6L1_Active_Transport_Introduce.html,print,,print,9.1,7,▲ Complete table unaided and explain two examples.
LAUNCH__SCI_L_W6L1_Active_Transport_Introduce.html,print,,print,8.9,9,★ Compare all three and link mitochondria to energy demand.
LAUNCH__SCI_L_W6L1_Active_Transport_Introduce.html,print,,print,19.2,7,Comparison table + classified examples + one causal explanation.
LAUNCH__SCI_L_W6L1_Active_Transport_Introduce.html,print,,print,5.2,5,Supported: With or against gradient?
LAUNCH__SCI_L_W6L1_Active_Transport_Introduce.html,print,,print,7.4,7,Standard: Why does active transport need energy?
LAUNCH__SCI_L_W6L1_Active_Transport_Introduce.html,print,,print,6.7,8,Stretch: Why can these cells contain many mitochondria?
LAUNCH__SCI_L_W6L1_Active_Transport_Introduce.html,print,,print,11.1,10,Adult genuinely receives the response. No signature/initial is required.
LAUNCH__SCI_L_W6L1_Active_Transport_Introduce.html,print,,print,3.4,34,"Closing the loop: this one ends on paper — your own hand, or your words scribed by an adult. Saying it aloud starts the loop; writing it is what close"
LAUNCH__SCI_L_W6L1_Active_Transport_Introduce.html,print,,print,-1.1,7,"What I said, and what it changed:"
LAUNCH__SCI_L_W6L1_Active_Transport_Introduce.html,print,,print,14.3,28,"Pearson Edexcel GCSE (9–1) Biology 1BI0 (Foundation, grades 1–5); GCSE Combined Science 1SC0 F where appropriate; AQA UAS science units Records what w"
LAUNCH__SCI_L_W6L1_Active_Transport_Introduce.html,print,,print,8.9,9,☐ Stated that active transport works against the concentration gradient.
LAUNCH__SCI_L_W6L1_Active_Transport_Introduce.html,print,,print,14.3,6,☐ Linked the energy requirement to respiration.
LAUNCH__SCI_L_W6L1_Active_Transport_Introduce.html,print,,print,14.1,7,"☐ Compared diffusion, osmosis and active transport correctly."
LAUNCH__SCI_L_W6L1_Active_Transport_Introduce.html,print,,print,3.8,8,Ring the tier the pupil actually worked at
LAUNCH__SCI_L_W6L1_Active_Transport_Introduce.html,print,,print,10.0,5,Assessor name ______________ Role ____________ Signature ______________ Date ________
LAUNCH__SCI_L_W6L2_Root_Hairs_And_Gut_Explore.html,arrival,Supported,screen,2.3,8,Point to the word energy on the card.
LAUNCH__SCI_L_W6L2_Root_Hairs_And_Gut_Explore.html,arrival,Supported,screen,4.0,7,Say which way water moves in osmosis.
LAUNCH__SCI_L_W6L2_Root_Hairs_And_Gut_Explore.html,arrival,Supported,screen,1.0,9,Point to the air sac in the lung diagram.
LAUNCH__SCI_L_W6L2_Root_Hairs_And_Gut_Explore.html,arrival,Supported,screen,-1.4,12,Look at the root hair cell. Point to its long thin shape.
LAUNCH__SCI_L_W6L2_Root_Hairs_And_Gut_Explore.html,arrival,Standard,screen,5.4,12,Last lesson you met active transport. What makes it different from diffusion?
LAUNCH__SCI_L_W6L2_Root_Hairs_And_Gut_Explore.html,arrival,Standard,screen,7.4,7,Week 5: define osmosis using the word membrane.
LAUNCH__SCI_L_W6L2_Root_Hairs_And_Gut_Explore.html,arrival,Standard,screen,6.7,8,Week 4: name one adaptation that speeds up diffusion.
LAUNCH__SCI_L_W6L2_Root_Hairs_And_Gut_Explore.html,arrival,Standard,screen,0.9,17,A root hair cell is long and thin. How does that shape help it take in minerals?
LAUNCH__SCI_L_W6L2_Root_Hairs_And_Gut_Explore.html,arrival,Stretch,screen,8.4,10,Last lesson: explain why active transport stops if respiration stops.
LAUNCH__SCI_L_W6L2_Root_Hairs_And_Gut_Explore.html,arrival,Stretch,screen,8.8,12,Week 5: explain why osmosis and active transport move things for different reasons.
LAUNCH__SCI_L_W6L2_Root_Hairs_And_Gut_Explore.html,arrival,Stretch,screen,5.9,11,Week 4: explain how a large surface area helps any exchange process.
LAUNCH__SCI_L_W6L2_Root_Hairs_And_Gut_Explore.html,arrival,Stretch,screen,7.6,16,"Predict what an experiment would show if you deprived root cells of oxygen, and say why."
LAUNCH__SCI_L_W6L2_Root_Hairs_And_Gut_Explore.html,starter,,screen,6.2,21,A graph shows mineral uptake falling when oxygen around roots falls. Oxygen is not the mineral. Why should it affect uptake?
LAUNCH__SCI_L_W6L2_Root_Hairs_And_Gut_Explore.html,independent,,screen,1.7,26,Label the root hair cell. Then the gut cell. Read the graph. It shows oxygen. It shows uptake. Write one explanation. Use the graph as evidence.
LAUNCH__SCI_L_W6L2_Root_Hairs_And_Gut_Explore.html,independent,,screen,3.5,28,"◆ Label the cell. Mark the mitochondria. Use the graph sentence frame. 🧰 Scaffold As oxygen ___, uptake ___. This is because ___. Fade: remove the fir"
LAUNCH__SCI_L_W6L2_Root_Hairs_And_Gut_Explore.html,independent,,screen,3.8,25,▲ Explain the root hair cell. Then the gut. Then the graph. 🧰 Scaffold Direction → energy → adaptation. Fade: remove the first prompt that no longer c
LAUNCH__SCI_L_W6L2_Root_Hairs_And_Gut_Explore.html,independent,,screen,4.5,27,★ Evaluate the graph. Is oxygen the only limiting factor? Say why. 🧰 Scaffold Three parts. Describe. Explain. Evaluate. Fade: remove the first prompt 
LAUNCH__SCI_L_W6L2_Root_Hairs_And_Gut_Explore.html,exit,Supported,screen,12.3,5,Which organelle links to respiration?
LAUNCH__SCI_L_W6L2_Root_Hairs_And_Gut_Explore.html,exit,Standard,screen,5.7,7,Why use active transport for mineral ions?
LAUNCH__SCI_L_W6L2_Root_Hairs_And_Gut_Explore.html,exit,Stretch,screen,8.4,6,Explain graph pattern and one limitation.
LAUNCH__SCI_L_W6L2_Root_Hairs_And_Gut_Explore.html,print,Supported,print,8.4,6,◆ Label cell/mitochondria + graph sentence frame.
LAUNCH__SCI_L_W6L2_Root_Hairs_And_Gut_Explore.html,print,Standard,print,7.6,5,▲ Explain both applications and graph.
LAUNCH__SCI_L_W6L2_Root_Hairs_And_Gut_Explore.html,print,Stretch,print,11.2,11,★ Evaluate whether graph alone proves oxygen is the only limiting factor.
LAUNCH__SCI_L_W6L2_Root_Hairs_And_Gut_Explore.html,print,,print,-3.0,2,Name: _______________________________ Date: ______________________
LAUNCH__SCI_L_W6L2_Root_Hairs_And_Gut_Explore.html,print,,print,3.8,16,"Not here last lesson? Everything you need is in the box above — read it, then answer."
LAUNCH__SCI_L_W6L2_Root_Hairs_And_Gut_Explore.html,print,,print,12.9,20,Learning objective: I can apply active transport to root hair and gut cells and interpret evidence linking uptake to respiration.
LAUNCH__SCI_L_W6L2_Root_Hairs_And_Gut_Explore.html,print,,print,14.1,7,Retrieval: W6L1 against-gradient movement and energy.
LAUNCH__SCI_L_W6L2_Root_Hairs_And_Gut_Explore.html,print,,print,5.4,15,R1 · Last lesson: Last lesson you met active transport. What makes it different from diffusion?
LAUNCH__SCI_L_W6L2_Root_Hairs_And_Gut_Explore.html,print,,print,6.3,9,R2 · Week 5: Week 5: define osmosis using the word membrane.
LAUNCH__SCI_L_W6L2_Root_Hairs_And_Gut_Explore.html,print,,print,6.0,10,R3 · Week 4: Week 4: name one adaptation that speeds up diffusion.
LAUNCH__SCI_L_W6L2_Root_Hairs_And_Gut_Explore.html,print,,print,3.1,20,Lead-in · Into today: A root hair cell is long and thin. How does that shape help it take in minerals?
LAUNCH__SCI_L_W6L2_Root_Hairs_And_Gut_Explore.html,print,,print,8.4,6,◆ Label cell/mitochondria + graph sentence frame.
LAUNCH__SCI_L_W6L2_Root_Hairs_And_Gut_Explore.html,print,,print,7.6,5,▲ Explain both applications and graph.
LAUNCH__SCI_L_W6L2_Root_Hairs_And_Gut_Explore.html,print,,print,11.2,11,★ Evaluate whether graph alone proves oxygen is the only limiting factor.
LAUNCH__SCI_L_W6L2_Root_Hairs_And_Gut_Explore.html,print,,print,18.2,6,Annotated cell + graph interpretation + causal explanation.
LAUNCH__SCI_L_W6L2_Root_Hairs_And_Gut_Explore.html,print,,print,12.3,6,Supported: Which organelle links to respiration?
LAUNCH__SCI_L_W6L2_Root_Hairs_And_Gut_Explore.html,print,,print,6.7,8,Standard: Why use active transport for mineral ions?
LAUNCH__SCI_L_W6L2_Root_Hairs_And_Gut_Explore.html,print,,print,7.4,7,Stretch: Explain graph pattern and one limitation.
LAUNCH__SCI_L_W6L2_Root_Hairs_And_Gut_Explore.html,print,,print,11.1,10,Adult genuinely receives the response. No signature/initial is required.
LAUNCH__SCI_L_W6L2_Root_Hairs_And_Gut_Explore.html,print,,print,3.4,34,"Closing the loop: this one ends on paper — your own hand, or your words scribed by an adult. Saying it aloud starts the loop; writing it is what close"
LAUNCH__SCI_L_W6L2_Root_Hairs_And_Gut_Explore.html,print,,print,-1.1,7,"What I said, and what it changed:"
LAUNCH__SCI_L_W6L2_Root_Hairs_And_Gut_Explore.html,print,,print,14.3,28,"Pearson Edexcel GCSE (9–1) Biology 1BI0 (Foundation, grades 1–5); GCSE Combined Science 1SC0 F where appropriate; AQA UAS science units Records what w"
LAUNCH__SCI_L_W6L2_Root_Hairs_And_Gut_Explore.html,print,,print,8.2,8,☐ Explained root hair mineral uptake as active transport.
LAUNCH__SCI_L_W6L2_Root_Hairs_And_Gut_Explore.html,print,,print,7.4,7,☐ Explained gut glucose uptake against the gradient.
LAUNCH__SCI_L_W6L2_Root_Hairs_And_Gut_Explore.html,print,,print,7.6,9,☐ Used the oxygen graph to link uptake to respiration.
LAUNCH__SCI_L_W6L2_Root_Hairs_And_Gut_Explore.html,print,,print,3.8,8,Ring the tier the pupil actually worked at
LAUNCH__SCI_L_W6L2_Root_Hairs_And_Gut_Explore.html,print,,print,10.0,5,Assessor name ______________ Role ____________ Signature ______________ Date ________
LAUNCH__SCI_L_W6L3_Compare_Transport_Do.html,arrival,Supported,screen,0.8,8,Point to the root hair on the diagram.
LAUNCH__SCI_L_W6L3_Compare_Transport_Do.html,arrival,Supported,screen,5.0,9,Say what active transport needs that diffusion does not.
LAUNCH__SCI_L_W6L3_Compare_Transport_Do.html,arrival,Supported,screen,4.1,10,"Three processes, one table. Point to the column for energy."
LAUNCH__SCI_L_W6L3_Compare_Transport_Do.html,arrival,Standard,screen,3.7,18,Last lesson you applied active transport to root hairs and gut. What did the evidence link it to?
LAUNCH__SCI_L_W6L3_Compare_Transport_Do.html,arrival,Standard,screen,8.4,10,Week 6: define active transport using the words gradient and energy.
LAUNCH__SCI_L_W6L3_Compare_Transport_Do.html,arrival,Standard,screen,4.8,11,Today you compare all three processes. What questions would separate them?
LAUNCH__SCI_L_W6L3_Compare_Transport_Do.html,arrival,Stretch,screen,8.6,15,Last lesson: uptake fell without oxygen. Explain how that supports active transport rather than diffusion.
LAUNCH__SCI_L_W6L3_Compare_Transport_Do.html,arrival,Stretch,screen,6.1,16,Week 6: explain why active transport is the only one of the three that can run uphill.
LAUNCH__SCI_L_W6L3_Compare_Transport_Do.html,arrival,Stretch,screen,6.9,11,"Week 5: explain what osmosis and diffusion share, and where they differ."
LAUNCH__SCI_L_W6L3_Compare_Transport_Do.html,arrival,Stretch,screen,9.3,14,"Given an unfamiliar example, name the two questions that decide which process it is."
LAUNCH__SCI_L_W6L3_Compare_Transport_Do.html,starter,,screen,9.5,17,A compare answer describes diffusion perfectly. It never mentions active transport. Why is correct Biology still incomplete?
LAUNCH__SCI_L_W6L3_Compare_Transport_Do.html,independent,,screen,2.9,32,Classify the mixed cell scenarios. Sort each one. Is it diffusion? Is it osmosis? Is it active transport? Then answer two compare questions. Read the 
LAUNCH__SCI_L_W6L3_Compare_Transport_Do.html,independent,,screen,3.4,27,◆ Keep the grid in view. Do four scenarios. Use one compare frame. 🧰 Scaffold Direction · water? · membrane? · energy? Fade: remove the first prompt t
LAUNCH__SCI_L_W6L3_Compare_Transport_Do.html,independent,,screen,3.2,26,▲ Do six scenarios. Then two compare questions. 🧰 Scaffold Give both sides. Do this in every compare. Fade: remove the first prompt that no longer cha
LAUNCH__SCI_L_W6L3_Compare_Transport_Do.html,independent,,screen,4.3,32,★ Work with new contexts. Which process is it? Then justify it with evidence. 🧰 Scaffold Give the similarities. Then the differences. Be precise. Fade
LAUNCH__SCI_L_W6L3_Compare_Transport_Do.html,exit,Standard,screen,10.0,5,Compare diffusion and active transport.
LAUNCH__SCI_L_W6L3_Compare_Transport_Do.html,exit,Stretch,screen,14.1,9,Compare osmosis and active transport using direction/substance/energy.
LAUNCH__SCI_L_W6L3_Compare_Transport_Do.html,print,Supported,print,7.4,7,◆ Grid visible; four scenarios + one compare frame.
LAUNCH__SCI_L_W6L3_Compare_Transport_Do.html,print,Standard,print,7.6,5,▲ Six scenarios + two compare questions.
LAUNCH__SCI_L_W6L3_Compare_Transport_Do.html,print,Stretch,print,14.1,8,★ Unfamiliar contexts + justify which evidence supports a process.
LAUNCH__SCI_L_W6L3_Compare_Transport_Do.html,print,,print,-3.0,2,Name: _______________________________ Date: ______________________
LAUNCH__SCI_L_W6L3_Compare_Transport_Do.html,print,,print,3.8,16,"Not here last lesson? Everything you need is in the box above — read it, then answer."
LAUNCH__SCI_L_W6L3_Compare_Transport_Do.html,print,,print,9.8,16,Learning objective: I can compare the three transport processes and choose the correct process from evidence.
LAUNCH__SCI_L_W6L3_Compare_Transport_Do.html,print,,print,12.2,28,"Retrieval: W4–6 definitions, applications and data for all three. Osmosis: net movement of water only, from a dilute to a more concentrated solution, "
LAUNCH__SCI_L_W6L3_Compare_Transport_Do.html,print,,print,4.2,21,R1 · Last lesson: Last lesson you applied active transport to root hairs and gut. What did the evidence link it to?
LAUNCH__SCI_L_W6L3_Compare_Transport_Do.html,print,,print,8.5,13,R2 · Week 6 · lesson 1: Week 6: define active transport using the words gradient and energy.
LAUNCH__SCI_L_W6L3_Compare_Transport_Do.html,print,,print,5.2,5,R3 · Week 5: Week 5: define osmosis.
LAUNCH__SCI_L_W6L3_Compare_Transport_Do.html,print,,print,6.5,14,Lead-in · Into today: Today you compare all three processes. What questions would separate them?
LAUNCH__SCI_L_W6L3_Compare_Transport_Do.html,print,,print,7.4,7,◆ Grid visible; four scenarios + one compare frame.
LAUNCH__SCI_L_W6L3_Compare_Transport_Do.html,print,,print,7.6,5,▲ Six scenarios + two compare questions.
LAUNCH__SCI_L_W6L3_Compare_Transport_Do.html,print,,print,14.1,8,★ Unfamiliar contexts + justify which evidence supports a process.
LAUNCH__SCI_L_W6L3_Compare_Transport_Do.html,print,,print,12.4,7,Classified scenarios + compare answers + one revised response.
LAUNCH__SCI_L_W6L3_Compare_Transport_Do.html,print,,print,5.2,5,Supported: Which moves water only?
LAUNCH__SCI_L_W6L3_Compare_Transport_Do.html,print,,print,10.4,6,Standard: Compare diffusion and active transport.
LAUNCH__SCI_L_W6L3_Compare_Transport_Do.html,print,,print,13.1,10,Stretch: Compare osmosis and active transport using direction/substance/energy.
LAUNCH__SCI_L_W6L3_Compare_Transport_Do.html,print,,print,11.1,10,Adult genuinely receives the response. No signature/initial is required.
LAUNCH__SCI_L_W6L3_Compare_Transport_Do.html,print,,print,3.4,34,"Closing the loop: this one ends on paper — your own hand, or your words scribed by an adult. Saying it aloud starts the loop; writing it is what close"
LAUNCH__SCI_L_W6L3_Compare_Transport_Do.html,print,,print,-1.1,7,"What I said, and what it changed:"
LAUNCH__SCI_L_W6L3_Compare_Transport_Do.html,print,,print,14.3,28,"Pearson Edexcel GCSE (9–1) Biology 1BI0 (Foundation, grades 1–5); GCSE Combined Science 1SC0 F where appropriate; AQA UAS science units Records what w"
LAUNCH__SCI_L_W6L3_Compare_Transport_Do.html,print,,print,10.7,7,☐ Stated that compare needs similarities and differences.
LAUNCH__SCI_L_W6L3_Compare_Transport_Do.html,print,,print,8.9,9,"☐ Compared two processes using direction, energy and what moves."
LAUNCH__SCI_L_W6L3_Compare_Transport_Do.html,print,,print,5.7,7,☐ Wrote a compare answer covering both sides.
LAUNCH__SCI_L_W6L3_Compare_Transport_Do.html,print,,print,3.8,8,Ring the tier the pupil actually worked at
LAUNCH__SCI_L_W6L3_Compare_Transport_Do.html,print,,print,10.0,5,Assessor name ______________ Role ____________ Signature ______________ Date ________
LAUNCH__SCI_L_W7L1_Topic_1_Round_Up_Introduce.html,arrival,Supported,screen,4.0,7,Point to the column that says energy.
LAUNCH__SCI_L_W7L1_Topic_1_Round_Up_Introduce.html,arrival,Supported,screen,-1.1,7,Say where a root hair is found.
LAUNCH__SCI_L_W7L1_Topic_1_Round_Up_Introduce.html,arrival,Supported,screen,3.3,13,Today we pull Topic 1 together. Point to the first idea on the map.
LAUNCH__SCI_L_W7L1_Topic_1_Round_Up_Introduce.html,arrival,Standard,screen,4.5,12,Last lesson you compared the three transport processes. Which one needs energy?
LAUNCH__SCI_L_W7L1_Topic_1_Round_Up_Introduce.html,arrival,Standard,screen,4.0,13,Week 6: how does a root hair cell take in minerals from dilute soil?
LAUNCH__SCI_L_W7L1_Topic_1_Round_Up_Introduce.html,arrival,Standard,screen,7.6,13,"Weeks 3–5: name the three ideas you have met — magnification, diffusion and one more."
LAUNCH__SCI_L_W7L1_Topic_1_Round_Up_Introduce.html,arrival,Standard,screen,4.6,15,Today we connect the whole topic. Which two ideas do you think link most closely?
LAUNCH__SCI_L_W7L1_Topic_1_Round_Up_Introduce.html,arrival,Stretch,screen,9.4,13,Last lesson: explain how you would decide the process from an unfamiliar example.
LAUNCH__SCI_L_W7L1_Topic_1_Round_Up_Introduce.html,arrival,Stretch,screen,7.4,12,Week 6: mineral uptake is linked to respiration. Explain the evidence for that.
LAUNCH__SCI_L_W7L1_Topic_1_Round_Up_Introduce.html,arrival,Stretch,screen,8.4,12,Weeks 3–5: microscopy came first. Explain how it made the transport explanations possible.
LAUNCH__SCI_L_W7L1_Topic_1_Round_Up_Introduce.html,arrival,Stretch,screen,6.2,15,Knowing facts separately is not the same as connecting them. Say what a connection adds.
LAUNCH__SCI_L_W7L1_Topic_1_Round_Up_Introduce.html,starter,,screen,12.4,13,"Magnification, diffusion, osmosis and active transport seem separate. What single object connects them?"
LAUNCH__SCI_L_W7L1_Topic_1_Round_Up_Introduce.html,independent,,screen,0.9,29,Build a Topic 1 map from memory. Work on your own first. Then open the reveal. Check each link. Correct the weak ones. Mark each fix in a new colour.
LAUNCH__SCI_L_W7L1_Topic_1_Round_Up_Introduce.html,independent,,screen,1.7,29,◆ Start with a part-complete map. Place the missing words. 🧰 Scaffold Take the cue cards away. One at a time. Fade: remove the first prompt that no lo
LAUNCH__SCI_L_W7L1_Topic_1_Round_Up_Introduce.html,independent,,screen,2.6,28,▲ Use a blank map. Fill in all four branches. 🧰 Scaffold Write a short definition first. Then the application. Fade: remove the first prompt that no l
LAUNCH__SCI_L_W7L1_Topic_1_Round_Up_Introduce.html,independent,,screen,4.0,35,★ Add cross-links to your map. Give one application for each transport process. 🧰 Scaffold A cross-link explains a relationship. It is not just one mo
LAUNCH__SCI_L_W7L1_Topic_1_Round_Up_Introduce.html,exit,Supported,screen,2.9,5,Which two processes are passive?
LAUNCH__SCI_L_W7L1_Topic_1_Round_Up_Introduce.html,exit,Stretch,screen,12.6,8,Explain one connection between magnification and cell transport.
LAUNCH__SCI_L_W7L1_Topic_1_Round_Up_Introduce.html,print,Supported,print,2.9,5,◆ Part-complete map + words to place.
LAUNCH__SCI_L_W7L1_Topic_1_Round_Up_Introduce.html,print,Standard,print,-1.8,5,▲ Blank map with four branches.
LAUNCH__SCI_L_W7L1_Topic_1_Round_Up_Introduce.html,print,Stretch,print,12.4,7,★ Cross-links + one application example per transport process.
LAUNCH__SCI_L_W7L1_Topic_1_Round_Up_Introduce.html,print,,print,-3.0,2,Name: _______________________________ Date: ______________________
LAUNCH__SCI_L_W7L1_Topic_1_Round_Up_Introduce.html,print,,print,3.8,16,"Not here last lesson? Everything you need is in the box above — read it, then answer."
LAUNCH__SCI_L_W7L1_Topic_1_Round_Up_Introduce.html,print,,print,9.3,14,Learning objective: I can retrieve and connect the key concepts from GCSE Biology Topic 1.
LAUNCH__SCI_L_W7L1_Topic_1_Round_Up_Introduce.html,print,,print,19.2,7,"Retrieval: W3–6 magnification, diffusion, osmosis, active transport."
LAUNCH__SCI_L_W7L1_Topic_1_Round_Up_Introduce.html,print,,print,4.6,15,R1 · Last lesson: Last lesson you compared the three transport processes. Which one needs energy?
LAUNCH__SCI_L_W7L1_Topic_1_Round_Up_Introduce.html,print,,print,4.4,15,R2 · Week 6: Week 6: how does a root hair cell take in minerals from dilute soil?
LAUNCH__SCI_L_W7L1_Topic_1_Round_Up_Introduce.html,print,,print,7.6,15,"R3 · Weeks 3–5: Weeks 3–5: name the three ideas you have met — magnification, diffusion and one more."
LAUNCH__SCI_L_W7L1_Topic_1_Round_Up_Introduce.html,print,,print,6.3,18,Lead-in · Into today: Today we connect the whole topic. Which two ideas do you think link most closely?
LAUNCH__SCI_L_W7L1_Topic_1_Round_Up_Introduce.html,print,,print,2.9,5,◆ Part-complete map + words to place.
LAUNCH__SCI_L_W7L1_Topic_1_Round_Up_Introduce.html,print,,print,-1.8,5,▲ Blank map with four branches.
LAUNCH__SCI_L_W7L1_Topic_1_Round_Up_Introduce.html,print,,print,12.4,7,★ Cross-links + one application example per transport process.
LAUNCH__SCI_L_W7L1_Topic_1_Round_Up_Introduce.html,print,,print,14.1,8,Pupil knowledge map + visible corrections/additions after feedback.
LAUNCH__SCI_L_W7L1_Topic_1_Round_Up_Introduce.html,print,,print,4.5,6,Supported: Which two processes are passive?
LAUNCH__SCI_L_W7L1_Topic_1_Round_Up_Introduce.html,print,,print,13.1,3,Standard: Define osmosis.
LAUNCH__SCI_L_W7L1_Topic_1_Round_Up_Introduce.html,print,,print,11.5,9,Stretch: Explain one connection between magnification and cell transport.
LAUNCH__SCI_L_W7L1_Topic_1_Round_Up_Introduce.html,print,,print,11.1,10,Adult genuinely receives the response. No signature/initial is required.
LAUNCH__SCI_L_W7L1_Topic_1_Round_Up_Introduce.html,print,,print,3.4,34,"Closing the loop: this one ends on paper — your own hand, or your words scribed by an adult. Saying it aloud starts the loop; writing it is what close"
LAUNCH__SCI_L_W7L1_Topic_1_Round_Up_Introduce.html,print,,print,-1.1,7,"What I said, and what it changed:"
LAUNCH__SCI_L_W7L1_Topic_1_Round_Up_Introduce.html,print,,print,14.3,28,"Pearson Edexcel GCSE (9–1) Biology 1BI0 (Foundation, grades 1–5); GCSE Combined Science 1SC0 F where appropriate; AQA UAS science units Records what w"
LAUNCH__SCI_L_W7L1_Topic_1_Round_Up_Introduce.html,print,,print,18.2,6,☐ Recalled the magnification equation and resolution.
LAUNCH__SCI_L_W7L1_Topic_1_Round_Up_Introduce.html,print,,print,12.3,6,"☐ Defined diffusion, osmosis and active transport."
LAUNCH__SCI_L_W7L1_Topic_1_Round_Up_Introduce.html,print,,print,9.1,11,☐ Identified which processes need energy and which go against the gradient.
LAUNCH__SCI_L_W7L1_Topic_1_Round_Up_Introduce.html,print,,print,3.8,8,Ring the tier the pupil actually worked at
LAUNCH__SCI_L_W7L1_Topic_1_Round_Up_Introduce.html,print,,print,10.0,5,Assessor name ______________ Role ____________ Signature ______________ Date ________
LAUNCH__SCI_L_W7L2_Command_Words_Explore.html,arrival,Supported,screen,1.0,9,Point to two ideas that link on the map.
LAUNCH__SCI_L_W7L2_Command_Words_Explore.html,arrival,Supported,screen,5.2,5,Say which process needs energy.
LAUNCH__SCI_L_W7L2_Command_Words_Explore.html,arrival,Supported,screen,2.3,7,Point to the membrane on the diagram.
LAUNCH__SCI_L_W7L2_Command_Words_Explore.html,arrival,Supported,screen,-0.5,12,Look at the two questions. Point to the first word of each.
LAUNCH__SCI_L_W7L2_Command_Words_Explore.html,arrival,Standard,screen,2.4,13,"Last lesson you connected Topic 1. Name two ideas that link, and say how."
LAUNCH__SCI_L_W7L2_Command_Words_Explore.html,arrival,Standard,screen,8.2,8,Week 6: what makes active transport different from diffusion?
LAUNCH__SCI_L_W7L2_Command_Words_Explore.html,arrival,Standard,screen,5.4,15,"Describe, explain and calculate are different instructions. What does each one ask you to do?"
LAUNCH__SCI_L_W7L2_Command_Words_Explore.html,arrival,Stretch,screen,5.9,14,Last lesson: explain one link across Topic 1 that you could use in an answer.
LAUNCH__SCI_L_W7L2_Command_Words_Explore.html,arrival,Stretch,screen,11.5,9,Week 6: explain how evidence distinguishes active transport from diffusion.
LAUNCH__SCI_L_W7L2_Command_Words_Explore.html,arrival,Stretch,screen,4.9,13,Week 5: explain what percentage change let you compare that raw mass could not.
LAUNCH__SCI_L_W7L2_Command_Words_Explore.html,arrival,Stretch,screen,7.0,15,Two questions on the same Biology can need completely different answers. Say what decides that.
LAUNCH__SCI_L_W7L2_Command_Words_Explore.html,starter,,screen,7.2,17,"Same Biology, four questions: describe, explain, calculate, compare. Why can correct facts still answer the wrong question?"
LAUNCH__SCI_L_W7L2_Command_Words_Explore.html,independent,,screen,0.6,17,Answer the mixed Topic 1 prompts. Two answers do not match their command word. Say why. Fix them.
LAUNCH__SCI_L_W7L2_Command_Words_Explore.html,independent,,screen,2.4,25,◆ Six questions. Command words are highlighted. Use the frames. 🧰 Scaffold Command-word list stays in view. Fade: remove the first prompt that no long
LAUNCH__SCI_L_W7L2_Command_Words_Explore.html,independent,,screen,3.4,30,▲ Eight mixed questions. Some say calculate. Some say compare. 🧰 Scaffold Circle the command word. Underline the data. Then the subject. Fade: remove 
LAUNCH__SCI_L_W7L2_Command_Words_Explore.html,independent,,screen,0.9,31,★ Answer all eight. Then edit your own work. Make it precise. 🧰 Scaffold Cut what is not needed. Do not add more. Fade: remove the first prompt that n
LAUNCH__SCI_L_W7L2_Command_Words_Explore.html,exit,Supported,screen,3.7,4,What does EXPLAIN require?
LAUNCH__SCI_L_W7L2_Command_Words_Explore.html,exit,Standard,screen,3.7,4,What must COMPARE include?
LAUNCH__SCI_L_W7L2_Command_Words_Explore.html,exit,Stretch,screen,12.3,6,Rewrite a description into an explanation.
LAUNCH__SCI_L_W7L2_Command_Words_Explore.html,print,Supported,print,4.0,7,◆ Six questions with highlighted command words/frames.
LAUNCH__SCI_L_W7L2_Command_Words_Explore.html,print,Standard,print,5.2,5,▲ Eight mixed incl calculate/compare.
LAUNCH__SCI_L_W7L2_Command_Words_Explore.html,print,Stretch,print,10.4,6,★ Eight plus self-edit for precision/relevance.
LAUNCH__SCI_L_W7L2_Command_Words_Explore.html,print,,print,-3.0,2,Name: _______________________________ Date: ______________________
LAUNCH__SCI_L_W7L2_Command_Words_Explore.html,print,,print,3.8,16,"Not here last lesson? Everything you need is in the box above — read it, then answer."
LAUNCH__SCI_L_W7L2_Command_Words_Explore.html,print,,print,12.6,17,Learning objective: I can identify what a GCSE command word requires and shape my Biology answer accordingly.
LAUNCH__SCI_L_W7L2_Command_Words_Explore.html,print,,print,7.4,7,Retrieval: W7L1 connected Topic 1 knowledge map.
LAUNCH__SCI_L_W7L2_Command_Words_Explore.html,print,,print,3.0,16,"R1 · Last lesson: Last lesson you connected Topic 1. Name two ideas that link, and say how."
LAUNCH__SCI_L_W7L2_Command_Words_Explore.html,print,,print,7.2,10,R2 · Week 6: Week 6: what makes active transport different from diffusion?
LAUNCH__SCI_L_W7L2_Command_Words_Explore.html,print,,print,5.2,5,R3 · Week 5: Week 5: define osmosis.
LAUNCH__SCI_L_W7L2_Command_Words_Explore.html,print,,print,6.9,18,"Lead-in · Into today: Describe, explain and calculate are different instructions. What does each one ask you to do?"
LAUNCH__SCI_L_W7L2_Command_Words_Explore.html,print,,print,4.0,7,◆ Six questions with highlighted command words/frames.
LAUNCH__SCI_L_W7L2_Command_Words_Explore.html,print,,print,5.2,5,▲ Eight mixed incl calculate/compare.
LAUNCH__SCI_L_W7L2_Command_Words_Explore.html,print,,print,10.4,6,★ Eight plus self-edit for precision/relevance.
LAUNCH__SCI_L_W7L2_Command_Words_Explore.html,print,,print,10.7,7,Mixed answer set + command-word annotations + two repairs.
LAUNCH__SCI_L_W7L2_Command_Words_Explore.html,print,,print,5.2,5,Supported: What does EXPLAIN require?
LAUNCH__SCI_L_W7L2_Command_Words_Explore.html,print,,print,5.2,5,Standard: What must COMPARE include?
LAUNCH__SCI_L_W7L2_Command_Words_Explore.html,print,,print,10.7,7,Stretch: Rewrite a description into an explanation.
LAUNCH__SCI_L_W7L2_Command_Words_Explore.html,print,,print,11.1,10,Adult genuinely receives the response. No signature/initial is required.
LAUNCH__SCI_L_W7L2_Command_Words_Explore.html,print,,print,3.4,34,"Closing the loop: this one ends on paper — your own hand, or your words scribed by an adult. Saying it aloud starts the loop; writing it is what close"
LAUNCH__SCI_L_W7L2_Command_Words_Explore.html,print,,print,-1.1,7,"What I said, and what it changed:"
LAUNCH__SCI_L_W7L2_Command_Words_Explore.html,print,,print,14.3,28,"Pearson Edexcel GCSE (9–1) Biology 1BI0 (Foundation, grades 1–5); GCSE Combined Science 1SC0 F where appropriate; AQA UAS science units Records what w"
LAUNCH__SCI_L_W7L2_Command_Words_Explore.html,print,,print,2.5,6,☐ Stated what each command word requires.
LAUNCH__SCI_L_W7L2_Command_Words_Explore.html,print,,print,5.7,7,☐ Answered Topic 1 questions to the correct shape.
LAUNCH__SCI_L_W7L2_Command_Words_Explore.html,print,,print,2.5,10,☐ Spotted an answer that did not match its command word.
LAUNCH__SCI_L_W7L2_Command_Words_Explore.html,print,,print,3.8,8,Ring the tier the pupil actually worked at
LAUNCH__SCI_L_W7L2_Command_Words_Explore.html,print,,print,10.0,5,Assessor name ______________ Role ____________ Signature ______________ Date ________
LAUNCH__SCI_L_W7L3_Exam_Practice_Do.html,arrival,Supported,screen,0.8,8,Point to the word explain on the card.
LAUNCH__SCI_L_W7L3_Exam_Practice_Do.html,arrival,Supported,screen,2.9,5,Say one idea from Topic 1.
LAUNCH__SCI_L_W7L3_Exam_Practice_Do.html,arrival,Supported,screen,4.0,7,Point to the process that needs energy.
LAUNCH__SCI_L_W7L3_Exam_Practice_Do.html,arrival,Supported,screen,2.3,14,"Today you answer on your own, then improve one. Point to the first question."
LAUNCH__SCI_L_W7L3_Exam_Practice_Do.html,arrival,Standard,screen,2.4,13,Last lesson you decoded command words. What does explain ask you to do?
LAUNCH__SCI_L_W7L3_Exam_Practice_Do.html,arrival,Standard,screen,3.7,10,"Week 7: name two Topic 1 ideas that connect, and say how."
LAUNCH__SCI_L_W7L3_Exam_Practice_Do.html,arrival,Standard,screen,12.3,11,"Weeks 3–6: state the magnification equation, and compare active transport with diffusion."
LAUNCH__SCI_L_W7L3_Exam_Practice_Do.html,arrival,Standard,screen,6.0,16,"Today you write, then improve one answer. What would make an improvement real rather than cosmetic?"
LAUNCH__SCI_L_W7L3_Exam_Practice_Do.html,arrival,Stretch,screen,4.9,13,Last lesson: explain how the command word changes the shape of your answer.
LAUNCH__SCI_L_W7L3_Exam_Practice_Do.html,arrival,Stretch,screen,7.8,12,Week 7: explain a link across Topic 1 that an unfamiliar question might need.
LAUNCH__SCI_L_W7L3_Exam_Practice_Do.html,arrival,Stretch,screen,8.6,25,Weeks 3–6: a question can ask about magnification or about water crossing a partially permeable membrane. Explain how you would tell which one it is t
LAUNCH__SCI_L_W7L3_Exam_Practice_Do.html,arrival,Stretch,screen,7.4,14,Rewriting an answer neatly is not improving it. Say what a genuine improvement changes.
LAUNCH__SCI_L_W7L3_Exam_Practice_Do.html,starter,,screen,7.9,23,"Today is independent practice, not a grade event. What counts as useful evidence if a first answer is wrong but improves after feedback?"
LAUNCH__SCI_L_W7L3_Exam_Practice_Do.html,independent,,screen,0.2,25,Do the mixed Topic 1 practice set. Work on your own. Then pick one answer. Ask for feedback. Make one change you can see. Explain it.
LAUNCH__SCI_L_W7L3_Exam_Practice_Do.html,independent,,screen,1.2,35,◆ Do a shorter mixed set. Notes are allowed. A reader or scribe too. 🧰 Scaffold Scaffolds stay in view. Say what you did on your own. Fade: remove the
LAUNCH__SCI_L_W7L3_Exam_Practice_Do.html,independent,,screen,2.7,32,▲ Do the full mixed set. It is Foundation style. 🧰 Scaffold Use the command-word list. Use the calculation list. Work on your own. Fade: remove the fi
LAUNCH__SCI_L_W7L3_Exam_Practice_Do.html,independent,,screen,4.6,35,★ Do the full set. Add one new application. Add one evaluation. IGCSE extension is for named learners. 🧰 Scaffold Extension means deeper reasoning. No
LAUNCH__SCI_L_W7L3_Exam_Practice_Do.html,exit,Supported,screen,5.2,8,Name one thing you can do more independently.
LAUNCH__SCI_L_W7L3_Exam_Practice_Do.html,exit,Standard,screen,5.2,8,State the scientific change you made after feedback.
LAUNCH__SCI_L_W7L3_Exam_Practice_Do.html,exit,Stretch,screen,6.3,9,Identify the next Topic 1 skill to improve and why.
LAUNCH__SCI_L_W7L3_Exam_Practice_Do.html,print,Supported,print,7.6,9,◆ Reduced mixed set with references and authorised reader/scribe.
LAUNCH__SCI_L_W7L3_Exam_Practice_Do.html,print,Standard,print,9.6,4,▲ Full Foundation-style mixed set.
LAUNCH__SCI_L_W7L3_Exam_Practice_Do.html,print,Stretch,print,16.6,12,★ Full set plus unfamiliar application/evaluation; IGCSE extension only for identified learners.
LAUNCH__SCI_L_W7L3_Exam_Practice_Do.html,print,,print,-3.0,2,Name: _______________________________ Date: ______________________
LAUNCH__SCI_L_W7L3_Exam_Practice_Do.html,print,,print,3.8,16,"Not here last lesson? Everything you need is in the box above — read it, then answer."
LAUNCH__SCI_L_W7L3_Exam_Practice_Do.html,print,,print,13.7,18,Learning objective: I can independently apply Topic 1 knowledge to GCSE-style questions and use feedback to improve one response.
LAUNCH__SCI_L_W7L3_Exam_Practice_Do.html,print,,print,10.1,15,Retrieval: W7L1–2 knowledge + command-word answer shapes. Osmosis: water moves through a partially permeable membrane.
LAUNCH__SCI_L_W7L3_Exam_Practice_Do.html,print,,print,3.0,16,R1 · Last lesson: Last lesson you decoded command words. What does explain ask you to do?
LAUNCH__SCI_L_W7L3_Exam_Practice_Do.html,print,,print,4.9,13,"R2 · Week 7 · lesson 1: Week 7: name two Topic 1 ideas that connect, and say how."
LAUNCH__SCI_L_W7L3_Exam_Practice_Do.html,print,,print,11.3,13,"R3 · Weeks 3–6: Weeks 3–6: state the magnification equation, and compare active transport with diffusion."
LAUNCH__SCI_L_W7L3_Exam_Practice_Do.html,print,,print,7.4,19,"Lead-in · Into today: Today you write, then improve one answer. What would make an improvement real rather than cosmetic?"
LAUNCH__SCI_L_W7L3_Exam_Practice_Do.html,print,,print,7.6,9,◆ Reduced mixed set with references and authorised reader/scribe.
LAUNCH__SCI_L_W7L3_Exam_Practice_Do.html,print,,print,9.6,4,▲ Full Foundation-style mixed set.
LAUNCH__SCI_L_W7L3_Exam_Practice_Do.html,print,,print,16.6,12,★ Full set plus unfamiliar application/evaluation; IGCSE extension only for identified learners.
LAUNCH__SCI_L_W7L3_Exam_Practice_Do.html,print,,print,24.2,7,Independent practice + feedback-response edit/re-attempt + adult-received explanation.
LAUNCH__SCI_L_W7L3_Exam_Practice_Do.html,print,,print,6.3,9,Supported: Name one thing you can do more independently.
LAUNCH__SCI_L_W7L3_Exam_Practice_Do.html,print,,print,6.3,9,Standard: State the scientific change you made after feedback.
LAUNCH__SCI_L_W7L3_Exam_Practice_Do.html,print,,print,6.0,10,Stretch: Identify the next Topic 1 skill to improve and why.
LAUNCH__SCI_L_W7L3_Exam_Practice_Do.html,print,,print,11.1,10,Adult genuinely receives the response. No signature/initial is required.
LAUNCH__SCI_L_W7L3_Exam_Practice_Do.html,print,,print,3.4,34,"Closing the loop: this one ends on paper — your own hand, or your words scribed by an adult. Saying it aloud starts the loop; writing it is what close"
LAUNCH__SCI_L_W7L3_Exam_Practice_Do.html,print,,print,-1.1,7,"What I said, and what it changed:"
LAUNCH__SCI_L_W7L3_Exam_Practice_Do.html,print,,print,14.3,28,"Pearson Edexcel GCSE (9–1) Biology 1BI0 (Foundation, grades 1–5); GCSE Combined Science 1SC0 F where appropriate; AQA UAS science units Records what w"
LAUNCH__SCI_L_W7L3_Exam_Practice_Do.html,print,,print,12.3,5,"☐ Distinguished describe, explain and calculate."
LAUNCH__SCI_L_W7L3_Exam_Practice_Do.html,print,,print,7.4,7,☐ Showed full working on a calculation question.
LAUNCH__SCI_L_W7L3_Exam_Practice_Do.html,print,,print,9.7,8,☐ Identified the missing element in a weak answer.
LAUNCH__SCI_L_W7L3_Exam_Practice_Do.html,print,,print,3.8,8,Ring the tier the pupil actually worked at
LAUNCH__SCI_L_W7L3_Exam_Practice_Do.html,print,,print,10.0,5,Assessor name ______________ Role ____________ Signature ______________ Date ________
